"station_id","lat","lon","g_mgal","elevation_m","uncertainty_mgal","instrument_id","terrain_correction","unit","gravity_type"
"949397","-29.54167","-68.10000","-179.33","1175.20","","","0.93","mGal","bouguer_anomaly"
"961986","-29.36800","-68.05167","-197.91","1389.60","","","2.94","mGal","bouguer_anomaly"
"961985","-29.39782","-67.99866","-183.83","1467.00","","","2.32","mGal","bouguer_anomaly"
"961984","-29.42116","-67.95433","-179.53","1451.00","","","1.90","mGal","bouguer_anomaly"
"949388","-29.43583","-67.91000","-174.11","1408.49","","","3.12","mGal","bouguer_anomaly"
"961983","-29.43683","-67.90916","-175.74","1408.50","","","1.63","mGal","bouguer_anomaly"
"961982","-29.42933","-67.86566","-151.57","1535.00","","","1.82","mGal","bouguer_anomaly"
"961981","-29.44667","-67.83101","-143.14","1578.00","","","1.52","mGal","bouguer_anomaly"
"949386","-29.41889","-67.80888","-152.36","1626.90","","","5.05","mGal","bouguer_anomaly"
"961980","-29.41783","-67.80684","-155.57","1632.80","","","1.71","mGal","bouguer_anomaly"
"961979","-29.38650","-67.79417","-153.89","1809.00","","","2.43","mGal","bouguer_anomaly"
"949387","-29.47362","-67.77583","-144.88","1673.50","","","4.11","mGal","bouguer_anomaly"
"949398","-30.20917","-67.52167","-59.85","1098.80","","","1.04","mGal","bouguer_anomaly"
"949363","-29.50083","-67.50055","-148.02","838.00","","","5.37","mGal","bouguer_anomaly"
"949362","-29.57138","-67.44778","-147.65","774.00","","","4.86","mGal","bouguer_anomaly"
"949399","-30.21195","-67.28612","-73.00","901.90","","","1.39","mGal","bouguer_anomaly"
"949361","-29.89445","-67.15000","-92.97","650.00","","","2.46","mGal","bouguer_anomaly"
"949357","-30.04805","-66.87945","-108.83","431.20","","","0.48","mGal","bouguer_anomaly"
"949355","-29.41304","-66.85695","-134.63","503.65","","","2.86","mGal","bouguer_anomaly"
"949356","-29.72333","-66.85555","-111.22","433.10","","","1.25","mGal","bouguer_anomaly"
"949358","-30.15471","-66.54805","-54.76","393.92","","","0.08","mGal","bouguer_anomaly"
"949359","-30.35278","-66.31112","-49.27","467.00","","","0.35","mGal","bouguer_anomaly"
"949360","-30.34833","-66.29612","-48.60","458.00","","","0.29","mGal","bouguer_anomaly"
"961143","-29.10058","-71.41385","59.02","85.00","","","1.84","mGal","bouguer_anomaly"
"961148","-28.83004","-71.40925","58.39","120.00","","","1.28","mGal","bouguer_anomaly"
"961141","-29.04302","-71.40025","57.90","147.00","","","2.03","mGal","bouguer_anomaly"
"961147","-28.86492","-71.39470","49.50","241.00","","","1.50","mGal","bouguer_anomaly"
"961142","-29.08605","-71.38486","52.19","160.00","","","2.32","mGal","bouguer_anomaly"
"961149","-28.80558","-71.38430","57.96","23.00","","","2.03","mGal","bouguer_anomaly"
"961146","-28.89853","-71.38334","49.06","275.00","","","1.74","mGal","bouguer_anomaly"
"961140","-29.00572","-71.38197","52.99","173.00","","","2.27","mGal","bouguer_anomaly"
"961150","-28.76957","-71.36800","56.67","39.00","","","1.42","mGal","bouguer_anomaly"
"961139","-28.96984","-71.34898","49.29","248.00","","","1.79","mGal","bouguer_anomaly"
"961145","-28.93075","-71.34731","52.60","304.00","","","1.58","mGal","bouguer_anomaly"
"961151","-28.73287","-71.34360","52.19","59.00","","","1.34","mGal","bouguer_anomaly"
"961152","-28.69839","-71.31804","47.72","42.00","","","1.98","mGal","bouguer_anomaly"
"961134","-28.94382","-71.30897","48.07","295.00","","","2.38","mGal","bouguer_anomaly"
"961153","-28.67916","-71.29225","46.27","64.00","","","2.40","mGal","bouguer_anomaly"
"961051","-28.64814","-71.28812","50.90","0.10","","","1.31","mGal","bouguer_anomaly"
"961052","-28.62214","-71.27997","53.64","2.00","","","1.36","mGal","bouguer_anomaly"
"961133","-28.93922","-71.26319","45.03","351.00","","","1.92","mGal","bouguer_anomaly"
"961050","-28.62455","-71.25668","51.09","62.00","","","1.63","mGal","bouguer_anomaly"
"961042","-28.46570","-71.22945","75.75","7.00","","","1.04","mGal","bouguer_anomaly"
"961135","-28.90517","-71.22453","39.03","517.00","","","1.71","mGal","bouguer_anomaly"
"961132","-28.95019","-71.22382","34.02","364.00","","","2.59","mGal","bouguer_anomaly"
"961049","-28.61665","-71.20585","37.89","229.00","","","1.50","mGal","bouguer_anomaly"
"961041","-28.46848","-71.17748","66.04","22.00","","","1.04","mGal","bouguer_anomaly"
"961131","-28.95392","-71.17722","17.46","417.00","","","2.56","mGal","bouguer_anomaly"
"961048","-28.63311","-71.17638","29.54","334.00","","","1.31","mGal","bouguer_anomaly"
"961136","-28.89240","-71.17580","28.87","665.00","","","1.55","mGal","bouguer_anomaly"
"961057","-28.79660","-71.14697","27.33","643.00","","","1.50","mGal","bouguer_anomaly"
"961055","-28.73437","-71.14422","24.77","1028.00","","","2.51","mGal","bouguer_anomaly"
"961047","-28.64795","-71.13890","33.82","497.00","","","1.36","mGal","bouguer_anomaly"
"961137","-28.87070","-71.13774","20.63","804.00","","","1.60","mGal","bouguer_anomaly"
"961053","-28.67628","-71.13613","29.08","657.00","","","1.50","mGal","bouguer_anomaly"
"961040","-28.49657","-71.13455","43.97","60.00","","","1.60","mGal","bouguer_anomaly"
"961138","-28.85401","-71.13181","20.83","977.00","","","1.90","mGal","bouguer_anomaly"
"961054","-28.71157","-71.12957","25.30","933.00","","","2.11","mGal","bouguer_anomaly"
"961130","-28.96302","-71.12675","3.37","478.00","","","2.67","mGal","bouguer_anomaly"
"961046","-28.63522","-71.12040","33.59","588.00","","","1.31","mGal","bouguer_anomaly"
"961056","-28.77170","-71.11968","22.28","719.00","","","1.55","mGal","bouguer_anomaly"
"961045","-28.60927","-71.10352","30.08","866.00","","","1.90","mGal","bouguer_anomaly"
"961044","-28.57775","-71.09327","29.97","462.00","","","1.23","mGal","bouguer_anomaly"
"961039","-28.50266","-71.07827","29.87","81.00","","","1.79","mGal","bouguer_anomaly"
"961129","-28.95988","-71.07706","-3.44","538.00","","","2.80","mGal","bouguer_anomaly"
"961043","-28.53797","-71.07024","26.96","271.00","","","1.58","mGal","bouguer_anomaly"
"961038","-28.51523","-71.03104","14.15","141.00","","","2.08","mGal","bouguer_anomaly"
"961128","-28.96627","-71.03057","-16.17","587.00","","","3.04","mGal","bouguer_anomaly"
"961165","-28.93415","-71.02313","-19.19","616.00","","","2.83","mGal","bouguer_anomaly"
"961164","-28.90183","-71.00653","-20.67","683.00","","","2.46","mGal","bouguer_anomaly"
"961127","-28.97425","-70.98403","-23.49","633.00","","","3.74","mGal","bouguer_anomaly"
"961162","-28.85372","-70.98096","-22.17","804.00","","","2.11","mGal","bouguer_anomaly"
"961037","-28.52142","-70.97840","3.58","186.00","","","2.19","mGal","bouguer_anomaly"
"961163","-28.89104","-70.97732","-25.34","903.00","","","2.22","mGal","bouguer_anomaly"
"961159","-28.77021","-70.97197","-20.27","1072.00","","","2.11","mGal","bouguer_anomaly"
"961160","-28.78995","-70.96997","-17.40","1034.00","","","2.00","mGal","bouguer_anomaly"
"961161","-28.81936","-70.96878","-22.39","948.00","","","1.92","mGal","bouguer_anomaly"
"961158","-28.73477","-70.94510","-21.42","830.00","","","1.79","mGal","bouguer_anomaly"
"961126","-28.96573","-70.94022","-23.39","693.00","","","3.79","mGal","bouguer_anomaly"
"961036","-28.52668","-70.92046","-0.20","247.00","","","2.43","mGal","bouguer_anomaly"
"961157","-28.69618","-70.91970","-18.76","587.00","","","2.16","mGal","bouguer_anomaly"
"961156","-28.65420","-70.89140","-19.42","461.00","","","2.51","mGal","bouguer_anomaly"
"961125","-28.94547","-70.89095","-32.34","786.00","","","5.05","mGal","bouguer_anomaly"
"961035","-28.53953","-70.87975","-14.45","307.00","","","2.91","mGal","bouguer_anomaly"
"961155","-28.62098","-70.86418","-19.99","419.00","","","2.86","mGal","bouguer_anomaly"
"961113","-28.91023","-70.85294","-42.76","877.00","","","3.90","mGal","bouguer_anomaly"
"961034","-28.55510","-70.82830","-24.40","354.20","","","3.20","mGal","bouguer_anomaly"
"961112","-28.86095","-70.81985","-40.47","939.00","","","3.84","mGal","bouguer_anomaly"
"961154","-28.61108","-70.81423","-24.72","500.00","","","3.10","mGal","bouguer_anomaly"
"961111","-28.81631","-70.80412","-44.13","1065.00","","","2.96","mGal","bouguer_anomaly"
"961124","-28.85643","-70.79235","-50.69","968.00","","","4.35","mGal","bouguer_anomaly"
"961084","-28.57007","-70.78433","-34.96","405.50","","","3.55","mGal","bouguer_anomaly"
"961033","-28.56970","-70.78384","-35.00","405.50","","","3.58","mGal","bouguer_anomaly"
"961110","-28.78232","-70.78297","-51.79","1022.00","","","2.91","mGal","bouguer_anomaly"
"961109","-28.73947","-70.77365","-54.14","831.00","","","2.96","mGal","bouguer_anomaly"
"961106","-28.62358","-70.76633","-42.55","533.00","","","3.76","mGal","bouguer_anomaly"
"961107","-28.66265","-70.76483","-51.19","620.40","","","3.39","mGal","bouguer_anomaly"
"961115","-28.84101","-70.75615","-61.24","1044.00","","","3.74","mGal","bouguer_anomaly"
"961108","-28.69952","-70.75499","-53.43","695.00","","","3.71","mGal","bouguer_anomaly"
"960004","-28.59116","-70.75450","-44.12","534.00","","","3.68","mGal","bouguer_anomaly"
"961114","-28.82065","-70.75253","-60.01","1102.00","","","3.28","mGal","bouguer_anomaly"
"961083","-28.53963","-70.74973","-37.69","504.00","","","3.90","mGal","bouguer_anomaly"
"961082","-28.49767","-70.73492","-36.22","556.00","","","3.79","mGal","bouguer_anomaly"
"961081","-28.45548","-70.72242","-37.33","633.00","","","3.52","mGal","bouguer_anomaly"
"961116","-28.88557","-70.72218","-75.78","1211.00","","","4.33","mGal","bouguer_anomaly"
"961085","-28.59753","-70.72027","-48.49","465.00","","","5.61","mGal","bouguer_anomaly"
"961080","-28.41335","-70.71667","-33.58","667.40","","","3.26","mGal","bouguer_anomaly"
"961086","-28.63243","-70.69554","-61.21","516.00","","","5.53","mGal","bouguer_anomaly"
"961117","-28.89818","-70.69229","-85.26","1402.00","","","4.14","mGal","bouguer_anomaly"
"961166","-28.58484","-70.67920","-58.92","591.00","","","4.86","mGal","bouguer_anomaly"
"961315","-28.40213","-70.67730","-43.62","686.00","","","3.28","mGal","bouguer_anomaly"
"961317","-28.43885","-70.67712","-50.71","734.00","","","3.42","mGal","bouguer_anomaly"
"961087","-28.66270","-70.65930","-67.79","548.00","","","6.35","mGal","bouguer_anomaly"
"961323","-28.37338","-70.64512","-54.28","737.00","","","3.92","mGal","bouguer_anomaly"
"961318","-28.44373","-70.64502","-57.44","831.00","","","3.98","mGal","bouguer_anomaly"
"961118","-28.92483","-70.64430","-94.95","1615.00","","","5.07","mGal","bouguer_anomaly"
"961316","-28.42340","-70.63805","-59.33","792.00","","","4.11","mGal","bouguer_anomaly"
"961167","-28.58295","-70.63145","-67.76","731.00","","","6.57","mGal","bouguer_anomaly"
"961119","-28.94391","-70.62886","-101.00","1491.00","","","7.45","mGal","bouguer_anomaly"
"961120","-28.93927","-70.58992","-113.90","1771.00","","","5.71","mGal","bouguer_anomaly"
"961319","-28.46692","-70.58830","-78.48","1060.00","","","4.01","mGal","bouguer_anomaly"
"961088","-28.68294","-70.58437","-92.93","601.00","","","8.22","mGal","bouguer_anomaly"
"961168","-28.58307","-70.58318","-96.60","805.00","","","6.19","mGal","bouguer_anomaly"
"961121","-28.91741","-70.56713","-131.39","1902.00","","","4.83","mGal","bouguer_anomaly"
"961089","-28.70107","-70.54725","-110.30","664.00","","","11.16","mGal","bouguer_anomaly"
"961320","-28.47097","-70.54366","-89.17","1441.00","","","6.17","mGal","bouguer_anomaly"
"961122","-28.90772","-70.52473","-147.01","2226.00","","","4.97","mGal","bouguer_anomaly"
"961321","-28.45917","-70.51850","-99.45","1558.00","","","4.06","mGal","bouguer_anomaly"
"961170","-28.55113","-70.51570","-105.01","1214.00","","","5.39","mGal","bouguer_anomaly"
"961123","-28.90512","-70.51334","-158.56","2463.00","","","5.58","mGal","bouguer_anomaly"
"961090","-28.72717","-70.50517","-134.84","735.00","","","10.28","mGal","bouguer_anomaly"
"961322","-28.43177","-70.50398","-98.80","1485.00","","","4.38","mGal","bouguer_anomaly"
"961171","-28.57943","-70.48372","-127.86","1671.00","","","4.83","mGal","bouguer_anomaly"
"961091","-28.75214","-70.47667","-137.47","797.00","","","11.37","mGal","bouguer_anomaly"
"961307","-29.00365","-70.46775","-185.41","1354.00","","","15.62","mGal","bouguer_anomaly"
"961301","-28.78335","-70.46611","-147.99","840.00","","","12.63","mGal","bouguer_anomaly"
"961306","-28.96502","-70.45550","-186.62","1217.00","","","13.43","mGal","bouguer_anomaly"
"961305","-28.92450","-70.45512","-175.82","1106.00","","","14.15","mGal","bouguer_anomaly"
"961172","-28.60502","-70.45483","-141.06","2123.00","","","4.81","mGal","bouguer_anomaly"
"961304","-28.88637","-70.45057","-175.72","1043.00","","","11.85","mGal","bouguer_anomaly"
"961302","-28.82143","-70.44537","-161.51","896.00","","","11.93","mGal","bouguer_anomaly"
"961303","-28.86497","-70.44173","-177.11","972.00","","","15.57","mGal","bouguer_anomaly"
"961092","-28.77175","-70.43951","-161.48","820.00","","","13.27","mGal","bouguer_anomaly"
"961173","-28.60587","-70.42212","-154.71","2074.00","","","4.81","mGal","bouguer_anomaly"
"961331","-28.38472","-70.41247","-125.09","980.00","","","10.41","mGal","bouguer_anomaly"
"961314","-28.74142","-70.40775","-164.79","1166.00","","","11.69","mGal","bouguer_anomaly"
"961093","-28.79017","-70.39737","-167.08","901.00","","","16.05","mGal","bouguer_anomaly"
"961174","-28.57383","-70.38911","-164.17","1923.00","","","6.68","mGal","bouguer_anomaly"
"961332","-28.40522","-70.38715","-145.78","1020.00","","","13.96","mGal","bouguer_anomaly"
"961094","-28.80537","-70.37466","-179.94","948.00","","","15.06","mGal","bouguer_anomaly"
"961175","-28.54319","-70.36579","-167.52","1664.00","","","7.80","mGal","bouguer_anomaly"
"961333","-28.39175","-70.35253","-143.62","1625.00","","","6.86","mGal","bouguer_anomaly"
"961334","-28.41805","-70.34250","-148.94","1564.00","","","8.46","mGal","bouguer_anomaly"
"961176","-28.50852","-70.33718","-171.78","1571.00","","","9.37","mGal","bouguer_anomaly"
"961095","-28.83408","-70.33244","-186.68","1011.00","","","18.08","mGal","bouguer_anomaly"
"961341","-28.46612","-70.33013","-175.49","1521.00","","","10.41","mGal","bouguer_anomaly"
"961335","-28.45376","-70.30595","-163.38","1871.00","","","11.48","mGal","bouguer_anomaly"
"961096","-28.84658","-70.29719","-190.97","1072.00","","","23.50","mGal","bouguer_anomaly"
"961336","-28.46610","-70.28226","-181.35","1716.00","","","9.67","mGal","bouguer_anomaly"
"961097","-28.87782","-70.27895","-208.17","1118.00","","","20.35","mGal","bouguer_anomaly"
"961098","-28.92178","-70.26427","-212.05","1212.00","","","19.36","mGal","bouguer_anomaly"
"961099","-28.94932","-70.25175","-212.02","1267.00","","","23.66","mGal","bouguer_anomaly"
"961337","-28.47337","-70.24917","-195.76","1732.00","","","11.45","mGal","bouguer_anomaly"
"961100","-28.96928","-70.22285","-223.25","1313.00","","","24.83","mGal","bouguer_anomaly"
"961338","-28.49020","-70.21048","-204.81","2076.00","","","12.63","mGal","bouguer_anomaly"
"961339","-28.49347","-70.18042","-210.33","2326.00","","","7.61","mGal","bouguer_anomaly"
"961101","-28.97615","-70.17737","-240.80","1403.00","","","22.37","mGal","bouguer_anomaly"
"961102","-28.97240","-70.15073","-248.06","1430.20","","","25.61","mGal","bouguer_anomaly"
"961350","-28.36303","-70.14748","-183.99","2266.00","","","9.96","mGal","bouguer_anomaly"
"961340","-28.50683","-70.13847","-218.91","2490.00","","","8.65","mGal","bouguer_anomaly"
"961308","-28.94835","-70.10416","-263.79","1566.00","","","24.56","mGal","bouguer_anomaly"
"961351","-28.38762","-70.10027","-205.35","2643.00","","","6.38","mGal","bouguer_anomaly"
"961352","-28.38477","-70.08348","-218.99","3048.00","","","5.13","mGal","bouguer_anomaly"
"961309","-28.92108","-70.07578","-278.08","1636.00","","","22.88","mGal","bouguer_anomaly"
"961353","-28.43683","-70.07346","-226.60","3023.00","","","5.98","mGal","bouguer_anomaly"
"961310","-28.90805","-70.06921","-274.71","1740.00","","","21.07","mGal","bouguer_anomaly"
"961311","-28.94583","-70.05518","-277.47","2232.00","","","17.70","mGal","bouguer_anomaly"
"961313","-28.88338","-70.04449","-270.87","1804.00","","","27.42","mGal","bouguer_anomaly"
"961354","-28.47187","-70.04345","-244.59","3131.00","","","7.90","mGal","bouguer_anomaly"
"961312","-28.96768","-70.03395","-303.34","2724.00","","","9.80","mGal","bouguer_anomaly"
"962051","-28.78800","-69.43750","-371.07","4231.00","","","3.34","mGal","bouguer_anomaly"
"962050","-28.81483","-69.43500","-368.53","4163.00","","","2.86","mGal","bouguer_anomaly"
"962055","-28.58967","-69.39633","-380.23","3987.00","","","2.14","mGal","bouguer_anomaly"
"962049","-28.79516","-69.37816","-372.48","4160.00","","","3.26","mGal","bouguer_anomaly"
"962054","-28.63817","-69.37233","-384.33","4396.00","","","3.82","mGal","bouguer_anomaly"
"962053","-28.67282","-69.35117","-384.95","4321.00","","","3.50","mGal","bouguer_anomaly"
"962048","-28.80967","-69.34735","-371.73","4080.00","","","2.64","mGal","bouguer_anomaly"
"962047","-28.78067","-69.31866","-375.60","3956.00","","","2.30","mGal","bouguer_anomaly"
"962052","-28.69766","-69.30300","-371.82","3816.00","","","1.82","mGal","bouguer_anomaly"
"962046","-28.74233","-69.29383","-367.91","3782.00","","","1.82","mGal","bouguer_anomaly"
"962044","-28.98983","-69.28350","-340.66","3302.20","","","2.11","mGal","bouguer_anomaly"
"962170","-28.40733","-69.28133","-388.40","3784.00","","","1.79","mGal","bouguer_anomaly"
"962043","-28.95382","-69.27150","-343.97","3382.00","","","1.87","mGal","bouguer_anomaly"
"962045","-28.74550","-69.26067","-350.58","3723.00","","","1.74","mGal","bouguer_anomaly"
"962169","-28.36916","-69.25716","-388.19","3758.00","","","1.79","mGal","bouguer_anomaly"
"962042","-28.91500","-69.24284","-345.16","3385.90","","","1.95","mGal","bouguer_anomaly"
"962038","-28.76950","-69.23268","-340.46","3623.70","","","1.71","mGal","bouguer_anomaly"
"962041","-28.87582","-69.22234","-338.62","3382.00","","","2.22","mGal","bouguer_anomaly"
"962040","-28.84099","-69.22117","-341.95","3443.50","","","1.95","mGal","bouguer_anomaly"
"962039","-28.80449","-69.21449","-337.73","3511.00","","","1.90","mGal","bouguer_anomaly"
"962037","-28.79000","-69.20333","-337.59","3544.00","","","1.79","mGal","bouguer_anomaly"
"962036","-28.81250","-69.16950","-333.49","3263.30","","","2.46","mGal","bouguer_anomaly"
"962171","-28.37167","-69.15868","-375.68","3689.00","","","1.90","mGal","bouguer_anomaly"
"962035","-28.81267","-69.15101","-331.07","3384.00","","","2.22","mGal","bouguer_anomaly"
"962172","-28.38983","-69.12717","-378.18","3817.00","","","1.95","mGal","bouguer_anomaly"
"962034","-28.77833","-69.12183","-331.67","3434.30","","","2.00","mGal","bouguer_anomaly"
"962173","-28.41382","-69.08883","-375.93","3865.00","","","1.95","mGal","bouguer_anomaly"
"962033","-28.75983","-69.07684","-331.50","3550.00","","","1.92","mGal","bouguer_anomaly"
"962032","-28.74100","-69.04117","-338.74","3707.60","","","2.16","mGal","bouguer_anomaly"
"962174","-28.41783","-69.04083","-378.53","3929.00","","","2.19","mGal","bouguer_anomaly"
"962175","-28.41017","-68.99683","-375.39","4143.00","","","3.31","mGal","bouguer_anomaly"
"962031","-28.73167","-68.99166","-340.21","3647.00","","","2.22","mGal","bouguer_anomaly"
"962030","-28.75050","-68.96833","-331.12","3697.20","","","2.51","mGal","bouguer_anomaly"
"962176","-28.40449","-68.94933","-367.54","4260.00","","","4.51","mGal","bouguer_anomaly"
"962029","-28.77950","-68.92783","-310.11","3849.70","","","3.60","mGal","bouguer_anomaly"
"962177","-28.41883","-68.91085","-363.72","4250.00","","","5.66","mGal","bouguer_anomaly"
"962028","-28.78883","-68.89883","-313.56","3691.00","","","3.28","mGal","bouguer_anomaly"
"962027","-28.82017","-68.87299","-309.23","3531.10","","","3.18","mGal","bouguer_anomaly"
"962178","-28.39133","-68.87267","-368.92","4209.00","","","5.42","mGal","bouguer_anomaly"
"962141","-28.35999","-68.86317","-374.14","4213.00","","","5.63","mGal","bouguer_anomaly"
"962140","-28.40183","-68.84818","-369.59","4293.00","","","6.97","mGal","bouguer_anomaly"
"962139","-28.44850","-68.84266","-371.93","3741.00","","","3.60","mGal","bouguer_anomaly"
"962026","-28.82482","-68.83884","-306.88","3407.00","","","3.04","mGal","bouguer_anomaly"
"962138","-28.47950","-68.83234","-368.53","3520.00","","","2.94","mGal","bouguer_anomaly"
"962137","-28.50850","-68.80150","-356.02","3287.00","","","2.88","mGal","bouguer_anomaly"
"962025","-28.81483","-68.79366","-306.18","3235.50","","","3.04","mGal","bouguer_anomaly"
"962136","-28.52599","-68.77000","-348.00","3096.00","","","2.59","mGal","bouguer_anomaly"
"962024","-28.79716","-68.75283","-286.84","3151.00","","","3.39","mGal","bouguer_anomaly"
"962135","-28.56450","-68.73651","-317.90","2892.00","","","2.72","mGal","bouguer_anomaly"
"962023","-28.77600","-68.72483","-282.35","2967.20","","","3.71","mGal","bouguer_anomaly"
"962134","-28.59383","-68.71367","-304.67","2761.00","","","2.91","mGal","bouguer_anomaly"
"962022","-28.74817","-68.69234","-278.55","2746.00","","","3.44","mGal","bouguer_anomaly"
"962133","-28.62233","-68.67867","-293.91","2630.00","","","2.96","mGal","bouguer_anomaly"
"962021","-28.72167","-68.66817","-277.99","2572.70","","","3.31","mGal","bouguer_anomaly"
"962132","-28.64200","-68.63451","-284.86","2459.00","","","3.31","mGal","bouguer_anomaly"
"962020","-28.71883","-68.61150","-279.80","2319.00","","","3.02","mGal","bouguer_anomaly"
"962179","-28.67599","-68.60367","-280.67","2314.00","","","2.56","mGal","bouguer_anomaly"
"962019","-28.70250","-68.57117","-280.84","2201.00","","","2.64","mGal","bouguer_anomaly"
"962018","-28.69067","-68.52766","-284.90","2112.00","","","2.11","mGal","bouguer_anomaly"
"962017","-28.67083","-68.47234","-284.26","1975.00","","","2.08","mGal","bouguer_anomaly"
"962016","-28.65833","-68.42533","-294.84","1898.50","","","2.22","mGal","bouguer_anomaly"
"962093","-28.58623","-68.40670","-287.30","1962.00","","","2.32","mGal","bouguer_anomaly"
"962131","-28.62763","-68.40121","-295.68","1886.00","","","2.75","mGal","bouguer_anomaly"
"962094","-28.54340","-68.39852","-282.66","2004.00","","","2.96","mGal","bouguer_anomaly"
"962095","-28.50167","-68.39073","-280.93","2065.00","","","2.70","mGal","bouguer_anomaly"
"962015","-28.66083","-68.39050","-299.76","1836.00","","","2.35","mGal","bouguer_anomaly"
"962096","-28.47475","-68.37061","-279.11","2131.00","","","3.02","mGal","bouguer_anomaly"
"962097","-28.43342","-68.35979","-281.95","2212.00","","","3.02","mGal","bouguer_anomaly"
"962098","-28.39535","-68.34880","-278.65","2235.00","","","3.90","mGal","bouguer_anomaly"
"962014","-28.65617","-68.34300","-305.91","1806.60","","","2.56","mGal","bouguer_anomaly"
"962099","-28.36513","-68.31572","-276.66","2317.00","","","3.76","mGal","bouguer_anomaly"
"962012","-28.67816","-68.30267","-295.63","1718.00","","","2.94","mGal","bouguer_anomaly"
"962013","-28.65350","-68.30167","-299.69","1772.00","","","2.99","mGal","bouguer_anomaly"
"962011","-28.71483","-68.27734","-281.85","1635.80","","","3.74","mGal","bouguer_anomaly"
"961993","-29.18333","-68.24884","-185.07","1225.70","","","3.84","mGal","bouguer_anomaly"
"961992","-29.22400","-68.24366","-171.04","1203.00","","","3.76","mGal","bouguer_anomaly"
"961996","-29.06100","-68.24216","-195.04","1257.00","","","6.22","mGal","bouguer_anomaly"
"961994","-29.14566","-68.24183","-195.09","1238.00","","","4.94","mGal","bouguer_anomaly"
"962010","-28.72583","-68.23833","-271.41","1507.30","","","5.93","mGal","bouguer_anomaly"
"961995","-29.10167","-68.23801","-191.79","1253.00","","","5.79","mGal","bouguer_anomaly"
"961991","-29.26583","-68.23466","-169.10","1173.80","","","3.31","mGal","bouguer_anomaly"
"961997","-29.02683","-68.23133","-195.15","1272.00","","","7.82","mGal","bouguer_anomaly"
"949390","-29.31778","-68.22805","-169.81","1146.75","","","2.16","mGal","bouguer_anomaly"
"949393","-29.01638","-68.22723","-199.09","1286.40","","","3.20","mGal","bouguer_anomaly"
"961990","-29.31800","-68.22700","-168.76","1147.10","","","3.15","mGal","bouguer_anomaly"
"949391","-29.34722","-68.22583","-176.66","1132.70","","","2.03","mGal","bouguer_anomaly"
"962008","-28.79533","-68.21251","-253.51","1423.00","","","9.43","mGal","bouguer_anomaly"
"961998","-29.00517","-68.20567","-198.93","1303.00","","","6.46","mGal","bouguer_anomaly"
"949395","-28.75361","-68.20445","-271.59","1454.94","","","3.60","mGal","bouguer_anomaly"
"962009","-28.75500","-68.20383","-268.65","1455.30","","","6.33","mGal","bouguer_anomaly"
"962006","-28.87067","-68.20067","-227.42","1370.00","","","7.74","mGal","bouguer_anomaly"
"962005","-28.91667","-68.19167","-221.71","1348.00","","","7.82","mGal","bouguer_anomaly"
"962007","-28.82900","-68.19150","-235.09","1397.00","","","7.53","mGal","bouguer_anomaly"
"961989","-29.34732","-68.18750","-179.27","1190.00","","","2.22","mGal","bouguer_anomaly"
"962004","-28.95899","-68.18633","-210.79","1330.00","","","8.81","mGal","bouguer_anomaly"
"949392","-29.24083","-68.18222","-169.30","1276.70","","","2.19","mGal","bouguer_anomaly"
"962103","-28.73535","-68.17093","-267.12","1488.00","","","8.49","mGal","bouguer_anomaly"
"949394","-29.02750","-68.17000","-201.29","1439.00","","","3.34","mGal","bouguer_anomaly"
"961999","-29.02916","-68.16683","-198.49","1437.00","","","8.17","mGal","bouguer_anomaly"
"962104","-28.69952","-68.14314","-267.78","1557.00","","","11.93","mGal","bouguer_anomaly"
"949396","-28.68416","-68.13361","-281.03","1566.60","","","3.90","mGal","bouguer_anomaly"
"961988","-29.34017","-68.12917","-179.63","1286.00","","","3.31","mGal","bouguer_anomaly"
"962000","-29.04567","-68.12750","-193.83","1600.00","","","14.15","mGal","bouguer_anomaly"
"962105","-28.66107","-68.12212","-278.50","1615.00","","","6.27","mGal","bouguer_anomaly"
"949389","-29.33695","-68.11388","-187.52","1323.88","","","1.82","mGal","bouguer_anomaly"
"962106","-28.62354","-68.09697","-276.74","1712.00","","","8.22","mGal","bouguer_anomaly"
"961987","-29.34100","-68.08050","-195.70","1410.00","","","2.48","mGal","bouguer_anomaly"
"962107","-28.58662","-68.07725","-284.11","1787.00","","","6.54","mGal","bouguer_anomaly"
"962001","-29.05267","-68.07317","-206.28","1861.00","","","8.49","mGal","bouguer_anomaly"
"962109","-28.51237","-68.06969","-288.63","1920.00","","","6.06","mGal","bouguer_anomaly"
"962108","-28.54663","-68.06721","-282.84","1849.00","","","8.17","mGal","bouguer_anomaly"
"962110","-28.47485","-68.06039","-287.34","1986.00","","","6.38","mGal","bouguer_anomaly"
"962111","-28.45547","-68.04160","-283.30","2025.00","","","8.41","mGal","bouguer_anomaly"
"962002","-29.05483","-68.03033","-210.14","2064.00","","","7.08","mGal","bouguer_anomaly"
"962112","-28.43225","-68.02422","-284.30","2073.00","","","5.69","mGal","bouguer_anomaly"
"962003","-29.06267","-67.99451","-218.18","2222.00","","","6.03","mGal","bouguer_anomaly"
"961978","-29.35033","-67.77900","-159.18","2048.00","","","3.12","mGal","bouguer_anomaly"
"949385","-29.33833","-67.76334","-162.45","1954.25","","","4.65","mGal","bouguer_anomaly"
"961977","-29.34982","-67.74400","-155.97","1824.00","","","2.67","mGal","bouguer_anomaly"
"962119","-28.99854","-67.73196","-240.77","3674.00","","","18.61","mGal","bouguer_anomaly"
"962118","-28.97255","-67.71418","-241.58","3256.00","","","14.36","mGal","bouguer_anomaly"
"961976","-29.34817","-67.70116","-158.58","1591.30","","","2.11","mGal","bouguer_anomaly"
"949379","-28.48416","-67.69417","-225.43","1736.10","","","7.21","mGal","bouguer_anomaly"
"962115","-28.88445","-67.69347","-239.35","2586.00","","","4.67","mGal","bouguer_anomaly"
"962078","-28.49317","-67.68667","-236.97","1693.00","","","2.24","mGal","bouguer_anomaly"
"962114","-28.84740","-67.68463","-232.25","2243.00","","","3.42","mGal","bouguer_anomaly"
"940591","-28.39597","-67.68300","-223.36","1709.00","","","6.09","mGal","bouguer_anomaly"
"962117","-28.95347","-67.68030","-233.82","2929.00","","","8.46","mGal","bouguer_anomaly"
"962116","-28.91738","-67.67733","-233.63","2698.00","","","5.58","mGal","bouguer_anomaly"
"961975","-29.33932","-67.66016","-160.04","1443.00","","","2.00","mGal","bouguer_anomaly"
"949384","-29.33750","-67.65612","-159.08","1409.90","","","6.03","mGal","bouguer_anomaly"
"962113","-28.83602","-67.64798","-221.50","2092.00","","","2.96","mGal","bouguer_anomaly"
"949381","-28.65583","-67.64778","-213.45","1842.00","","","4.01","mGal","bouguer_anomaly"
"962076","-28.42883","-67.64684","-219.94","1506.00","","","1.90","mGal","bouguer_anomaly"
"962083","-28.65767","-67.64550","-220.60","1788.00","","","2.03","mGal","bouguer_anomaly"
"962079","-28.50400","-67.64533","-224.46","1598.00","","","1.87","mGal","bouguer_anomaly"
"962082","-28.61767","-67.64333","-224.86","1750.00","","","1.98","mGal","bouguer_anomaly"
"962092","-28.81833","-67.64117","-220.75","2073.00","","","2.86","mGal","bouguer_anomaly"
"962081","-28.57617","-67.63950","-224.55","1666.00","","","1.84","mGal","bouguer_anomaly"
"949382","-29.19028","-67.63779","-184.67","1671.00","","","6.89","mGal","bouguer_anomaly"
"962080","-28.54233","-67.63050","-223.21","1611.00","","","1.74","mGal","bouguer_anomaly"
"949380","-28.55471","-67.62555","-210.64","1639.40","","","3.84","mGal","bouguer_anomaly"
"962091","-28.84633","-67.62016","-221.36","1948.00","","","2.40","mGal","bouguer_anomaly"
"962084","-28.69783","-67.61799","-219.65","1841.00","","","1.98","mGal","bouguer_anomaly"
"949383","-29.33278","-67.61388","-161.08","1253.30","","","5.34","mGal","bouguer_anomaly"
"961974","-29.33466","-67.61367","-165.53","1250.90","","","1.52","mGal","bouguer_anomaly"
"962085","-28.73717","-67.60166","-217.72","1990.00","","","1.98","mGal","bouguer_anomaly"
"962086","-28.76633","-67.58567","-216.34","2052.00","","","2.11","mGal","bouguer_anomaly"
"962090","-28.86066","-67.58400","-222.28","1813.00","","","2.32","mGal","bouguer_anomaly"
"962087","-28.80750","-67.57550","-219.74","1947.00","","","2.08","mGal","bouguer_anomaly"
"961973","-29.33250","-67.56617","-167.89","1119.00","","","1.42","mGal","bouguer_anomaly"
"962088","-28.85300","-67.56351","-218.50","1804.00","","","2.27","mGal","bouguer_anomaly"
"961972","-29.31033","-67.52084","-151.92","982.00","","","1.55","mGal","bouguer_anomaly"
"949370","-28.92472","-67.52000","-193.87","1541.00","","","5.18","mGal","bouguer_anomaly"
"962089","-28.92517","-67.51884","-198.36","1529.00","","","2.88","mGal","bouguer_anomaly"
"962074","-29.27646","-67.50695","-146.86","957.00","","","1.82","mGal","bouguer_anomaly"
"949366","-29.30333","-67.50612","-142.66","946.00","","","3.68","mGal","bouguer_anomaly"
"962075","-29.30164","-67.50566","-146.90","933.00","","","1.74","mGal","bouguer_anomaly"
"962073","-29.23323","-67.50007","-152.45","1009.00","","","2.11","mGal","bouguer_anomaly"
"962069","-28.99798","-67.49210","-184.04","1253.00","","","4.43","mGal","bouguer_anomaly"
"962072","-29.18262","-67.49171","-159.23","1074.00","","","2.48","mGal","bouguer_anomaly"
"949369","-29.18278","-67.49084","-156.43","1074.00","","","3.98","mGal","bouguer_anomaly"
"961971","-29.29600","-67.47984","-147.14","897.90","","","2.00","mGal","bouguer_anomaly"
"962071","-29.12090","-67.47195","-169.79","998.00","","","4.62","mGal","bouguer_anomaly"
"962068","-28.92723","-67.46878","-181.28","1078.20","","","8.60","mGal","bouguer_anomaly"
"962070","-29.05323","-67.46290","-173.72","1038.00","","","7.69","mGal","bouguer_anomaly"
"949372","-28.57611","-67.44999","-206.29","1321.80","","","2.24","mGal","bouguer_anomaly"
"962064","-28.62618","-67.44973","-199.34","1310.40","","","2.24","mGal","bouguer_anomaly"
"949367","-29.21555","-67.44112","-163.19","937.00","","","3.66","mGal","bouguer_anomaly"
"962067","-28.85787","-67.44033","-181.35","1083.10","","","6.49","mGal","bouguer_anomaly"
"949365","-29.31972","-67.44000","-151.54","869.00","","","3.10","mGal","bouguer_anomaly"
"962065","-28.70288","-67.43951","-191.01","1207.50","","","4.83","mGal","bouguer_anomaly"
"962066","-28.77703","-67.43042","-184.02","1176.90","","","6.22","mGal","bouguer_anomaly"
"949368","-29.14333","-67.42529","-179.08","958.00","","","4.35","mGal","bouguer_anomaly"
"962063","-28.56527","-67.42065","-202.87","1293.30","","","1.87","mGal","bouguer_anomaly"
"962062","-28.56173","-67.41397","-203.14","1283.00","","","1.90","mGal","bouguer_anomaly"
"949364","-29.32917","-67.37445","-149.80","830.00","","","3.07","mGal","bouguer_anomaly"
"949371","-28.81945","-67.31528","-170.34","1161.10","","","13.67","mGal","bouguer_anomaly"
"949373","-28.47333","-67.12528","-168.59","1061.20","","","4.14","mGal","bouguer_anomaly"
"949374","-28.41305","-67.09862","-166.32","1013.80","","","2.46","mGal","bouguer_anomaly"
"940543","-28.80125","-66.95323","-157.78","1437.00","","","6.92","mGal","bouguer_anomaly"
"940441","-28.36627","-66.93100","-154.37","938.00","","","1.44","mGal","bouguer_anomaly"
"940544","-28.80343","-66.91904","-155.98","1316.00","","","4.78","mGal","bouguer_anomaly"
"940545","-28.75983","-66.91006","-157.23","1246.00","","","4.75","mGal","bouguer_anomaly"
"940546","-28.71663","-66.90062","-155.66","1240.00","","","4.46","mGal","bouguer_anomaly"
"940442","-28.39993","-66.89582","-150.13","918.00","","","1.47","mGal","bouguer_anomaly"
"940547","-28.71663","-66.87835","-149.55","1199.00","","","3.50","mGal","bouguer_anomaly"
"949354","-29.17722","-66.66305","-145.33","428.70","","","1.84","mGal","bouguer_anomaly"
"949353","-29.09055","-66.56834","-120.06","453.90","","","1.15","mGal","bouguer_anomaly"
"949191","-28.60000","-66.53001","-123.79","700.00","","","0.88","mGal","bouguer_anomaly"
"949192","-28.67000","-66.50000","-107.41","665.65","","","1.23","mGal","bouguer_anomaly"
"949197","-28.84833","-66.42333","-96.44","674.12","","","2.00","mGal","bouguer_anomaly"
"962061","-28.52577","-67.35445","-192.58","1233.90","","","2.11","mGal","bouguer_anomaly"
"962060","-28.47857","-67.27773","-173.22","1240.00","","","1.28","mGal","bouguer_anomaly"
"962059","-28.48765","-67.18992","-185.78","1283.30","","","1.34","mGal","bouguer_anomaly"
"962058","-28.47845","-67.12590","-167.36","1087.00","","","1.23","mGal","bouguer_anomaly"
"962057","-28.39060","-67.07730","-157.60","1016.00","","","0.61","mGal","bouguer_anomaly"
"962267","-29.00000","-67.00433","-164.63","1574.00","","","2.86","mGal","bouguer_anomaly"
"962266","-28.96265","-66.99650","-164.70","1491.00","","","2.80","mGal","bouguer_anomaly"
"962265","-28.93563","-66.96059","-160.70","1373.00","","","2.35","mGal","bouguer_anomaly"
"962264","-28.89261","-66.94669","-161.59","1328.00","","","2.16","mGal","bouguer_anomaly"
"962263","-28.85227","-66.92896","-160.51","1328.00","","","1.92","mGal","bouguer_anomaly"
"962262","-28.80837","-66.91933","-158.42","1321.00","","","1.87","mGal","bouguer_anomaly"
"962261","-28.77245","-66.91212","-159.14","1267.00","","","1.63","mGal","bouguer_anomaly"
"962260","-28.72720","-66.90343","-158.98","1245.00","","","1.55","mGal","bouguer_anomaly"
"962259","-28.68195","-66.87935","-148.32","1203.00","","","1.36","mGal","bouguer_anomaly"
"962268","-28.78206","-66.87605","-151.40","1228.00","","","1.52","mGal","bouguer_anomaly"
"940443","-28.43625","-66.87534","-147.64","894.00","","","1.58","mGal","bouguer_anomaly"
"940542","-28.77538","-66.87181","-151.33","1206.00","","","3.23","mGal","bouguer_anomaly"
"962258","-28.64367","-66.85690","-144.79","1101.00","","","0.88","mGal","bouguer_anomaly"
"940548","-28.71663","-66.85460","-150.53","1084.00","","","2.99","mGal","bouguer_anomaly"
"940444","-28.47669","-66.85364","-145.41","864.00","","","1.66","mGal","bouguer_anomaly"
"940782","-28.37905","-66.84710","-150.47","806.00","","","0.96","mGal","bouguer_anomaly"
"962257","-28.60223","-66.83688","-142.02","990.00","","","0.64","mGal","bouguer_anomaly"
"962269","-28.76050","-66.83287","-138.56","1120.00","","","1.04","mGal","bouguer_anomaly"
"940549","-28.71663","-66.83282","-152.26","966.00","","","2.70","mGal","bouguer_anomaly"
"940445","-28.51422","-66.82958","-146.42","840.00","","","1.63","mGal","bouguer_anomaly"
"940541","-28.75455","-66.82768","-138.98","1098.00","","","2.40","mGal","bouguer_anomaly"
"940783","-28.39139","-66.81472","-153.23","783.00","","","0.83","mGal","bouguer_anomaly"
"940446","-28.55133","-66.81125","-141.96","857.00","","","1.58","mGal","bouguer_anomaly"
"940788","-28.55557","-66.80132","-147.08","830.00","","","1.52","mGal","bouguer_anomaly"
"940664","-28.56188","-66.79781","-146.71","825.00","","","1.55","mGal","bouguer_anomaly"
"962270","-28.74127","-66.79086","-125.81","1059.00","","","0.83","mGal","bouguer_anomaly"
"940784","-28.41947","-66.78485","-154.26","770.00","","","0.83","mGal","bouguer_anomaly"
"940540","-28.73790","-66.78241","-131.98","1025.00","","","1.98","mGal","bouguer_anomaly"
"940787","-28.51159","-66.77794","-150.28","782.00","","","1.15","mGal","bouguer_anomaly"
"940785","-28.44840","-66.76189","-153.72","762.00","","","0.83","mGal","bouguer_anomaly"
"940786","-28.47280","-66.75945","-152.14","756.00","","","0.91","mGal","bouguer_anomaly"
"940663","-28.58025","-66.75272","-148.17","789.00","","","1.20","mGal","bouguer_anomaly"
"962271","-28.76617","-66.74368","-128.54","936.00","","","0.64","mGal","bouguer_anomaly"
"940539","-28.76188","-66.74170","-132.14","906.00","","","1.95","mGal","bouguer_anomaly"
"940662","-28.59827","-66.70727","-143.56","786.00","","","0.99","mGal","bouguer_anomaly"
"962272","-28.79040","-66.70166","-118.07","878.00","","","0.61","mGal","bouguer_anomaly"
"940538","-28.78758","-66.70033","-122.29","849.00","","","1.60","mGal","bouguer_anomaly"
"940530","-29.07318","-66.68205","-108.03","647.00","","","3.12","mGal","bouguer_anomaly"
"940661","-28.61637","-66.66486","-133.10","778.00","","","0.88","mGal","bouguer_anomaly"
"962273","-28.81450","-66.66227","-119.55","931.00","","","0.67","mGal","bouguer_anomaly"
"940531","-29.03815","-66.66088","-103.36","591.00","","","2.75","mGal","bouguer_anomaly"
"940529","-29.10910","-66.66058","-118.64","494.00","","","2.40","mGal","bouguer_anomaly"
"940537","-28.81203","-66.66010","-119.35","941.00","","","1.34","mGal","bouguer_anomaly"
"962274","-28.85577","-66.64910","-112.77","891.00","","","0.67","mGal","bouguer_anomaly"
"940528","-29.15518","-66.64890","-145.06","426.00","","","1.87","mGal","bouguer_anomaly"
"940534","-28.93157","-66.64841","-108.76","608.00","","","2.32","mGal","bouguer_anomaly"
"940535","-28.89307","-66.64792","-114.96","742.00","","","1.66","mGal","bouguer_anomaly"
"940536","-28.85432","-66.64529","-119.15","844.00","","","1.34","mGal","bouguer_anomaly"
"962289","-28.35870","-66.63811","-159.59","741.00","","","0.40","mGal","bouguer_anomaly"
"940527","-29.13238","-66.63215","-139.54","429.00","","","1.76","mGal","bouguer_anomaly"
"962275","-28.96015","-66.63148","-93.15","592.00","","","0.77","mGal","bouguer_anomaly"
"940533","-28.97002","-66.63018","-99.29","540.00","","","2.40","mGal","bouguer_anomaly"
"962276","-29.00183","-66.62952","-90.27","582.00","","","0.61","mGal","bouguer_anomaly"
"940532","-29.01095","-66.62795","-97.34","526.00","","","2.24","mGal","bouguer_anomaly"
"962277","-28.91510","-66.62738","-96.12","606.00","","","0.75","mGal","bouguer_anomaly"
"940660","-28.63870","-66.61843","-121.21","763.00","","","0.83","mGal","bouguer_anomaly"
"962278","-28.87373","-66.61053","-100.38","630.00","","","0.67","mGal","bouguer_anomaly"
"940526","-29.11008","-66.60152","-131.71","432.00","","","1.47","mGal","bouguer_anomaly"
"962288","-28.38525","-66.60081","-155.11","728.00","","","0.61","mGal","bouguer_anomaly"
"962279","-28.83547","-66.59427","-107.76","645.00","","","0.69","mGal","bouguer_anomaly"
"962281","-28.76017","-66.58571","-107.70","674.00","","","0.83","mGal","bouguer_anomaly"
"962280","-28.79722","-66.58476","-101.79","664.00","","","0.99","mGal","bouguer_anomaly"
"940659","-28.64293","-66.57235","-109.67","667.00","","","0.93","mGal","bouguer_anomaly"
"962282","-28.71735","-66.56654","-103.68","677.00","","","1.25","mGal","bouguer_anomaly"
"940525","-29.08675","-66.56454","-121.40","445.00","","","1.17","mGal","bouguer_anomaly"
"962287","-28.40638","-66.56063","-147.51","728.00","","","1.04","mGal","bouguer_anomaly"
"962283","-28.67747","-66.54617","-96.88","739.00","","","1.74","mGal","bouguer_anomaly"
"940790","-28.60240","-66.54565","-119.94","710.00","","","0.83","mGal","bouguer_anomaly"
"940524","-29.07650","-66.54314","-115.19","444.00","","","1.15","mGal","bouguer_anomaly"
"940789","-28.64485","-66.53637","-117.99","663.00","","","0.99","mGal","bouguer_anomaly"
"940791","-28.58097","-66.52810","-121.22","726.00","","","0.83","mGal","bouguer_anomaly"
"940658","-28.65392","-66.52547","-119.39","638.00","","","1.15","mGal","bouguer_anomaly"
"962284","-28.49773","-66.51998","-130.30","727.00","","","1.60","mGal","bouguer_anomaly"
"940793","-28.49733","-66.51922","-132.65","712.00","","","0.77","mGal","bouguer_anomaly"
"940792","-28.53847","-66.51878","-125.59","716.00","","","0.83","mGal","bouguer_anomaly"
"962286","-28.42665","-66.51763","-139.39","723.00","","","1.47","mGal","bouguer_anomaly"
"962285","-28.46175","-66.50373","-131.87","723.00","","","1.87","mGal","bouguer_anomaly"
"940523","-29.05542","-66.49931","-107.13","432.00","","","1.15","mGal","bouguer_anomaly"
"940657","-28.67536","-66.48943","-107.99","665.00","","","1.34","mGal","bouguer_anomaly"
"940656","-28.67256","-66.46747","-108.34","690.00","","","1.50","mGal","bouguer_anomaly"
"940522","-29.02388","-66.46525","-110.98","412.00","","","1.09","mGal","bouguer_anomaly"
"940521","-28.99450","-66.42710","-128.46","396.00","","","1.17","mGal","bouguer_anomaly"
"940655","-28.67013","-66.41924","-101.82","797.00","","","2.03","mGal","bouguer_anomaly"
"940650","-28.81584","-66.40923","-99.75","770.00","","","2.08","mGal","bouguer_anomaly"
"940649","-28.85128","-66.40183","-96.11","592.00","","","2.86","mGal","bouguer_anomaly"
"940665","-28.67371","-66.39359","-89.70","882.00","","","2.59","mGal","bouguer_anomaly"
"940520","-28.96258","-66.39208","-130.61","392.00","","","1.15","mGal","bouguer_anomaly"
"949194","-28.67999","-66.39000","-91.00","874.87","","","2.80","mGal","bouguer_anomaly"
"949196","-28.77333","-66.39000","-88.78","982.91","","","2.27","mGal","bouguer_anomaly"
"940654","-28.68958","-66.38602","-91.19","902.00","","","3.04","mGal","bouguer_anomaly"
"940651","-28.78742","-66.38243","-95.18","959.00","","","2.32","mGal","bouguer_anomaly"
"949195","-28.72833","-66.37167","-92.43","1171.65","","","3.12","mGal","bouguer_anomaly"
"940652","-28.75560","-66.36958","-94.75","1076.00","","","2.83","mGal","bouguer_anomaly"
"940666","-28.62995","-66.36367","-90.60","921.00","","","3.55","mGal","bouguer_anomaly"
"940648","-28.86499","-66.36110","-96.51","505.00","","","2.32","mGal","bouguer_anomaly"
"940519","-28.93360","-66.35425","-128.38","393.00","","","1.17","mGal","bouguer_anomaly"
"940653","-28.71752","-66.35235","-93.59","1141.00","","","5.07","mGal","bouguer_anomaly"
"949193","-28.52167","-66.34333","-97.75","822.05","","","3.07","mGal","bouguer_anomaly"
"940667","-28.59053","-66.34171","-96.23","890.00","","","4.01","mGal","bouguer_anomaly"
"949190","-28.50333","-66.33667","-95.64","820.70","","","3.12","mGal","bouguer_anomaly"
"940668","-28.54668","-66.33162","-95.76","844.00","","","4.06","mGal","bouguer_anomaly"
"940669","-28.50463","-66.32211","-92.84","835.00","","","3.87","mGal","bouguer_anomaly"
"940647","-28.88014","-66.31609","-121.47","406.00","","","1.95","mGal","bouguer_anomaly"
"940518","-28.90680","-66.31467","-127.96","392.00","","","1.42","mGal","bouguer_anomaly"
"949189","-28.42500","-66.31333","-102.41","807.03","","","3.04","mGal","bouguer_anomaly"
"940670","-28.46048","-66.31293","-96.42","816.00","","","3.60","mGal","bouguer_anomaly"
"940671","-28.41752","-66.30183","-102.18","816.00","","","3.36","mGal","bouguer_anomaly"
"940672","-28.37797","-66.29745","-106.28","837.00","","","3.02","mGal","bouguer_anomaly"
"940673","-28.36990","-66.29249","-106.67","838.00","","","3.12","mGal","bouguer_anomaly"
"949198","-28.88166","-66.28833","-117.98","411.57","","","1.76","mGal","bouguer_anomaly"
"940517","-28.88282","-66.27242","-118.30","393.00","","","1.71","mGal","bouguer_anomaly"
"940646","-28.88076","-66.27110","-119.07","386.00","","","1.79","mGal","bouguer_anomaly"
"940674","-28.37945","-66.24247","-98.21","1014.00","","","4.94","mGal","bouguer_anomaly"
"949352","-28.85361","-66.23750","-106.66","423.41","","","2.38","mGal","bouguer_anomaly"
"949154","-28.85499","-66.23666","-106.92","423.04","","","2.30","mGal","bouguer_anomaly"
"940645","-28.85022","-66.23618","-106.73","421.00","","","2.56","mGal","bouguer_anomaly"
"949199","-28.85833","-66.23500","-110.15","410.00","","","2.19","mGal","bouguer_anomaly"
"940675","-28.39278","-66.21636","-99.63","1166.00","","","6.70","mGal","bouguer_anomaly"
"962300","-28.89287","-66.20306","-112.36","375.00","","","0.48","mGal","bouguer_anomaly"
"940676","-28.37104","-66.17397","-106.76","1507.00","","","9.45","mGal","bouguer_anomaly"
"962301","-28.91480","-66.15911","-108.55","350.00","","","0.32","mGal","bouguer_anomaly"
"940677","-28.35967","-66.15890","-108.05","1638.00","","","11.61","mGal","bouguer_anomaly"
"949156","-28.82333","-66.15333","-105.59","402.92","","","2.22","mGal","bouguer_anomaly"
"962302","-28.93540","-66.11494","-104.29","333.00","","","0.21","mGal","bouguer_anomaly"
"962303","-28.96362","-66.07670","-98.53","321.00","","","0.13","mGal","bouguer_anomaly"
"949157","-28.79333","-66.07333","-103.13","417.79","","","1.98","mGal","bouguer_anomaly"
"962304","-28.99423","-66.04170","-91.00","315.00","","","0.08","mGal","bouguer_anomaly"
"949158","-28.74000","-65.97500","-96.44","444.63","","","2.03","mGal","bouguer_anomaly"
"949159","-28.73500","-65.97166","-99.90","425.00","","","2.16","mGal","bouguer_anomaly"
"962305","-28.75670","-65.95200","-105.18","407.00","","","0.59","mGal","bouguer_anomaly"
"949160","-28.68000","-65.93000","-92.60","446.47","","","2.88","mGal","bouguer_anomaly"
"962306","-28.79485","-65.92938","-109.77","372.00","","","0.56","mGal","bouguer_anomaly"
"962307","-28.83472","-65.90873","-101.95","352.00","","","0.56","mGal","bouguer_anomaly"
"949161","-28.60166","-65.89000","-92.09","498.00","","","4.67","mGal","bouguer_anomaly"
"962310","-28.93520","-65.88858","-74.52","335.00","","","0.56","mGal","bouguer_anomaly"
"962308","-28.87399","-65.88551","-85.53","341.00","","","0.72","mGal","bouguer_anomaly"
"962309","-28.91363","-65.88345","-78.16","330.00","","","0.67","mGal","bouguer_anomaly"
"949162","-28.59167","-65.88000","-87.77","517.10","","","4.38","mGal","bouguer_anomaly"
"940630","-28.36243","-65.87055","-132.39","1018.00","","","7.96","mGal","bouguer_anomaly"
"940629","-28.40123","-65.85406","-97.01","966.00","","","6.68","mGal","bouguer_anomaly"
"940628","-28.44465","-65.84681","-86.63","786.00","","","7.24","mGal","bouguer_anomaly"
"940627","-28.46825","-65.81267","-82.06","633.00","","","4.51","mGal","bouguer_anomaly"
"949155","-28.45500","-65.78500","-76.42","540.00","","","4.09","mGal","bouguer_anomaly"
"949163","-28.50500","-65.78333","-82.85","498.33","","","3.34","mGal","bouguer_anomaly"
"949164","-28.47666","-65.77834","-79.25","514.11","","","3.58","mGal","bouguer_anomaly"
"940159","-28.47558","-65.77487","-79.79","509.00","","","3.52","mGal","bouguer_anomaly"
"962316","-28.73015","-65.77126","-82.82","416.00","","","0.93","mGal","bouguer_anomaly"
"962315","-28.68712","-65.76670","-83.89","431.00","","","0.93","mGal","bouguer_anomaly"
"962317","-28.77417","-65.76330","-79.36","406.00","","","0.83","mGal","bouguer_anomaly"
"962314","-28.64212","-65.76250","-84.93","453.00","","","1.20","mGal","bouguer_anomaly"
"962319","-28.85960","-65.76073","-64.15","375.00","","","0.72","mGal","bouguer_anomaly"
"962318","-28.81798","-65.75970","-74.20","388.00","","","0.83","mGal","bouguer_anomaly"
"962322","-29.00188","-65.75815","-48.67","341.00","","","0.56","mGal","bouguer_anomaly"
"962320","-28.90950","-65.75790","-57.74","360.00","","","0.64","mGal","bouguer_anomaly"
"962313","-28.59622","-65.75767","-82.76","471.00","","","1.04","mGal","bouguer_anomaly"
"962321","-28.95112","-65.75533","-52.68","350.00","","","0.69","mGal","bouguer_anomaly"
"940158","-28.45617","-65.75187","-78.40","515.00","","","3.28","mGal","bouguer_anomaly"
"962312","-28.55373","-65.75069","-77.64","507.00","","","1.20","mGal","bouguer_anomaly"
"962311","-28.51201","-65.72960","-77.70","510.00","","","1.34","mGal","bouguer_anomaly"
"949165","-28.44833","-65.72833","-72.30","519.59","","","2.94","mGal","bouguer_anomaly"
"940160","-28.41068","-65.71854","-70.93","546.00","","","3.20","mGal","bouguer_anomaly"
"940157","-28.45128","-65.71120","-72.29","514.00","","","3.18","mGal","bouguer_anomaly"
"940161","-28.36715","-65.71088","-71.87","591.00","","","3.36","mGal","bouguer_anomaly"
"940156","-28.47997","-65.67660","-72.16","539.00","","","3.39","mGal","bouguer_anomaly"
"962327","-28.72118","-65.67392","-67.85","1412.00","","","3.76","mGal","bouguer_anomaly"
"962329","-28.80488","-65.67389","-62.38","1463.00","","","4.57","mGal","bouguer_anomaly"
"962195","-28.67800","-65.66317","-79.65","1485.00","","","4.27","mGal","bouguer_anomaly"
"962326","-28.65343","-65.65733","-79.62","1439.00","","","3.76","mGal","bouguer_anomaly"
"962328","-28.77282","-65.65118","-54.77","1361.00","","","3.79","mGal","bouguer_anomaly"
"962330","-28.83572","-65.64401","-50.29","1473.00","","","5.18","mGal","bouguer_anomaly"
"949169","-28.68834","-65.64333","-50.46","1509.10","","","6.19","mGal","bouguer_anomaly"
"949168","-28.62500","-65.64167","-62.35","1601.55","","","8.33","mGal","bouguer_anomaly"
"962222","-28.62283","-65.63599","-79.39","1530.20","","","5.07","mGal","bouguer_anomaly"
"940155","-28.47186","-65.63531","-71.79","616.00","","","3.34","mGal","bouguer_anomaly"
"940626","-28.46895","-65.63388","-72.01","621.00","","","3.36","mGal","bouguer_anomaly"
"962325","-28.61470","-65.63026","-75.16","1536.00","","","5.18","mGal","bouguer_anomaly"
"940154","-28.42823","-65.62185","-68.71","669.00","","","4.41","mGal","bouguer_anomaly"
"949166","-28.47166","-65.62000","-76.61","862.83","","","2.94","mGal","bouguer_anomaly"
"962324","-28.57252","-65.61963","-82.42","1711.00","","","5.79","mGal","bouguer_anomaly"
"962196","-28.69333","-65.61784","-57.15","1340.00","","","3.12","mGal","bouguer_anomaly"
"962331","-28.85832","-65.61572","-45.25","1413.00","","","4.38","mGal","bouguer_anomaly"
"949167","-28.50000","-65.61500","-80.36","1686.71","","","6.49","mGal","bouguer_anomaly"
"940153","-28.38623","-65.61453","-66.21","705.00","","","4.97","mGal","bouguer_anomaly"
"962323","-28.53342","-65.61143","-90.66","1716.00","","","6.09","mGal","bouguer_anomaly"
"940625","-28.49557","-65.60669","-79.99","1702.00","","","6.03","mGal","bouguer_anomaly"
"940624","-28.47595","-65.59570","-75.49","1717.00","","","9.10","mGal","bouguer_anomaly"
"962332","-28.89472","-65.58421","2.90","1501.00","","","5.63","mGal","bouguer_anomaly"
"962221","-28.56917","-65.58250","-69.69","1560.00","","","4.73","mGal","bouguer_anomaly"
"962197","-28.71667","-65.57533","-44.69","1152.00","","","2.27","mGal","bouguer_anomaly"
"949170","-28.72500","-65.57500","-31.59","1107.74","","","1.68","mGal","bouguer_anomaly"
"940623","-28.43283","-65.56561","-76.26","1901.00","","","8.06","mGal","bouguer_anomaly"
"962220","-28.57550","-65.55267","-59.14","1417.00","","","4.27","mGal","bouguer_anomaly"
"962198","-28.74432","-65.54767","-36.92","991.00","","","1.76","mGal","bouguer_anomaly"
"940622","-28.41095","-65.54739","-69.20","1998.00","","","12.31","mGal","bouguer_anomaly"
"949336","-28.74445","-65.54472","-32.84","986.11","","","1.44","mGal","bouguer_anomaly"
"949171","-28.76666","-65.53167","-25.40","1015.92","","","1.42","mGal","bouguer_anomaly"
"962199","-28.77533","-65.52250","-32.93","980.00","","","1.66","mGal","bouguer_anomaly"
"962219","-28.59066","-65.52249","-49.62","1181.00","","","2.27","mGal","bouguer_anomaly"
"949337","-28.66583","-65.51917","-32.29","940.65","","","1.36","mGal","bouguer_anomaly"
"940621","-28.39867","-65.51442","-67.87","1814.00","","","7.32","mGal","bouguer_anomaly"
"949338","-28.60112","-65.49139","-35.66","1038.26","","","1.63","mGal","bouguer_anomaly"
"962218","-28.59133","-65.49033","-43.02","1042.00","","","1.87","mGal","bouguer_anomaly"
"940620","-28.39202","-65.48438","-68.87","1490.00","","","3.68","mGal","bouguer_anomaly"
"962200","-28.84467","-65.47933","-24.97","784.00","","","1.12","mGal","bouguer_anomaly"
"949335","-28.69695","-65.47833","-29.33","894.88","","","1.09","mGal","bouguer_anomaly"
"940619","-28.38648","-65.45143","-56.65","1224.00","","","2.19","mGal","bouguer_anomaly"
"962217","-28.58416","-65.44818","-35.77","899.00","","","1.17","mGal","bouguer_anomaly"
"949341","-28.42862","-65.44250","-47.56","1096.14","","","2.00","mGal","bouguer_anomaly"
"949172","-28.86333","-65.44167","-18.00","674.41","","","0.91","mGal","bouguer_anomaly"
"962201","-28.88100","-65.43367","-20.50","646.00","","","0.64","mGal","bouguer_anomaly"
"949340","-28.49695","-65.43361","-40.41","936.03","","","1.52","mGal","bouguer_anomaly"
"949334","-28.69472","-65.43166","-24.45","647.42","","","0.96","mGal","bouguer_anomaly"
"940618","-28.36483","-65.41738","-53.55","1141.00","","","1.82","mGal","bouguer_anomaly"
"962215","-28.61699","-65.40850","-24.60","694.00","","","0.72","mGal","bouguer_anomaly"
"949339","-28.58055","-65.40612","-22.14","768.63","","","1.04","mGal","bouguer_anomaly"
"962216","-28.58017","-65.40567","-27.89","739.00","","","0.80","mGal","bouguer_anomaly"
"962202","-28.89217","-65.39333","-14.35","488.00","","","0.32","mGal","bouguer_anomaly"
"949333","-28.68695","-65.38834","-20.18","632.99","","","0.77","mGal","bouguer_anomaly"
"962214","-28.62250","-65.36768","-20.96","618.00","","","0.53","mGal","bouguer_anomaly"
"949173","-28.90167","-65.34666","-10.77","439.92","","","0.45","mGal","bouguer_anomaly"
"949332","-28.69612","-65.34112","-19.72","479.68","","","0.75","mGal","bouguer_anomaly"
"962213","-28.63017","-65.33100","-16.01","529.00","","","0.37","mGal","bouguer_anomaly"
"962203","-28.91683","-65.33067","-5.32","354.00","","","0.11","mGal","bouguer_anomaly"
"949331","-28.71555","-65.32083","-11.13","460.69","","","0.59","mGal","bouguer_anomaly"
"962212","-28.63367","-65.29700","-11.79","421.00","","","0.21","mGal","bouguer_anomaly"
"962204","-28.93617","-65.28083","-5.22","337.00","","","0.05","mGal","bouguer_anomaly"
"949330","-28.67417","-65.27945","-8.07","377.52","","","0.59","mGal","bouguer_anomaly"
"949174","-28.93000","-65.26000","-6.40","320.14","","","0.24","mGal","bouguer_anomaly"
"962211","-28.62250","-65.25417","-5.91","379.00","","","0.13","mGal","bouguer_anomaly"
"949329","-28.63054","-65.21362","-1.10","348.61","","","0.40","mGal","bouguer_anomaly"
"962210","-28.63483","-65.20267","-0.47","346.00","","","0.08","mGal","bouguer_anomaly"
"962205","-28.92883","-65.19400","-8.39","302.00","","","0.00","mGal","bouguer_anomaly"
"962227","-28.38633","-65.15566","-13.69","443.00","","","0.13","mGal","bouguer_anomaly"
"962209","-28.65433","-65.15266","6.06","328.00","","","0.05","mGal","bouguer_anomaly"
"949286","-28.63804","-65.12917","6.15","330.06","","","0.21","mGal","bouguer_anomaly"
"962208","-28.63832","-65.12882","6.02","330.00","","","0.05","mGal","bouguer_anomaly"
"962206","-28.93050","-65.12882","-14.95","286.00","","","0.00","mGal","bouguer_anomaly"
"949151","-28.61000","-65.12167","5.05","339.77","","","0.21","mGal","bouguer_anomaly"
"962228","-28.40167","-65.12133","-9.00","453.00","","","0.16","mGal","bouguer_anomaly"
"949150","-28.58333","-65.11500","-0.02","348.69","","","0.19","mGal","bouguer_anomaly"
"949292","-28.56333","-65.11166","-0.25","359.79","","","0.21","mGal","bouguer_anomaly"
"949288","-28.78945","-65.11111","-9.45","296.00","","","0.11","mGal","bouguer_anomaly"
"949287","-28.72667","-65.10861","-0.74","307.99","","","0.13","mGal","bouguer_anomaly"
"949149","-28.55666","-65.10833","0.69","357.79","","","0.21","mGal","bouguer_anomaly"
"949148","-28.53000","-65.10332","2.96","368.17","","","0.19","mGal","bouguer_anomaly"
"949289","-28.82888","-65.10194","-15.29","289.97","","","0.08","mGal","bouguer_anomaly"
"949294","-28.39945","-65.10083","-4.03","427.52","","","0.21","mGal","bouguer_anomaly"
"949293","-28.49805","-65.09888","1.31","372.47","","","0.21","mGal","bouguer_anomaly"
"949144","-28.37333","-65.09834","-4.55","439.68","","","0.21","mGal","bouguer_anomaly"
"949147","-28.49833","-65.09834","1.29","372.47","","","0.21","mGal","bouguer_anomaly"
"949291","-28.93222","-65.09721","-19.76","269.27","","","0.05","mGal","bouguer_anomaly"
"949145","-28.40500","-65.09666","-4.76","425.00","","","0.21","mGal","bouguer_anomaly"
"949146","-28.41999","-65.09666","-1.87","413.89","","","0.21","mGal","bouguer_anomaly"
"949153","-28.93167","-65.09500","-22.47","259.00","","","0.05","mGal","bouguer_anomaly"
"949290","-28.86805","-65.09417","-18.51","283.70","","","0.08","mGal","bouguer_anomaly"
"962207","-28.93333","-65.09367","-18.82","277.00","","","-0.03","mGal","bouguer_anomaly"
"949152","-28.90334","-65.09167","-20.02","264.29","","","0.05","mGal","bouguer_anomaly"
"949175","-28.90499","-65.04667","-27.58","270.75","","","0.05","mGal","bouguer_anomaly"
"949285","-28.57945","-65.01639","-17.37","329.80","","","0.11","mGal","bouguer_anomaly"
"949176","-28.87167","-64.96167","-27.06","272.93","","","0.03","mGal","bouguer_anomaly"
"949284","-28.53917","-64.93333","-26.11","351.47","","","0.08","mGal","bouguer_anomaly"
"949177","-28.87000","-64.89833","-24.11","263.08","","","0.03","mGal","bouguer_anomaly"
"949283","-28.49638","-64.85555","-23.10","380.00","","","0.08","mGal","bouguer_anomaly"
"949280","-28.36917","-64.79500","-28.25","380.91","","","0.13","mGal","bouguer_anomaly"
"949279","-28.40805","-64.75667","-33.08","346.14","","","0.11","mGal","bouguer_anomaly"
"949278","-28.39195","-64.64500","-52.07","253.91","","","0.05","mGal","bouguer_anomaly"
"949277","-28.37750","-64.52888","-38.28","206.00","","","0.00","mGal","bouguer_anomaly"
"949276","-28.36278","-64.42917","-32.67","170.62","","","-0.03","mGal","bouguer_anomaly"
"961079","-28.35163","-70.71201","-25.87","560.00","","","3.60","mGal","bouguer_anomaly"
"961078","-28.30298","-70.69849","-25.43","487.00","","","3.12","mGal","bouguer_anomaly"
"961077","-28.25683","-70.69418","-24.19","436.00","","","3.36","mGal","bouguer_anomaly"
"961076","-28.21923","-70.67425","-32.92","452.00","","","3.36","mGal","bouguer_anomaly"
"961075","-28.17743","-70.65062","-42.34","457.00","","","3.82","mGal","bouguer_anomaly"
"961007","-27.35416","-70.64972","-17.57","162.00","","","1.71","mGal","bouguer_anomaly"
"961032","-28.12862","-70.63890","-41.45","452.00","","","4.14","mGal","bouguer_anomaly"
"961031","-28.14555","-70.63445","-41.51","468.00","","","4.25","mGal","bouguer_anomaly"
"961074","-28.14505","-70.63425","-45.67","445.00","","","4.41","mGal","bouguer_anomaly"
"961324","-28.35041","-70.62289","-57.28","686.00","","","4.38","mGal","bouguer_anomaly"
"961362","-28.15722","-70.61649","-50.18","471.00","","","3.79","mGal","bouguer_anomaly"
"961030","-28.09305","-70.60667","-50.08","481.00","","","3.60","mGal","bouguer_anomaly"
"961073","-28.09282","-70.60554","-54.02","469.00","","","3.68","mGal","bouguer_anomaly"
"961072","-28.05891","-70.58650","-57.84","478.00","","","4.03","mGal","bouguer_anomaly"
"961325","-28.33728","-70.58636","-65.92","833.00","","","4.11","mGal","bouguer_anomaly"
"961029","-28.03667","-70.57834","-52.40","476.00","","","4.54","mGal","bouguer_anomaly"
"961361","-28.18008","-70.57342","-56.64","531.00","","","5.10","mGal","bouguer_anomaly"
"961071","-28.01617","-70.57111","-59.42","461.00","","","4.51","mGal","bouguer_anomaly"
"961028","-27.98888","-70.56305","-54.56","481.00","","","4.41","mGal","bouguer_anomaly"
"961326","-28.30518","-70.55698","-70.77","858.00","","","4.70","mGal","bouguer_anomaly"
"961070","-27.97477","-70.55685","-60.39","458.00","","","4.81","mGal","bouguer_anomaly"
"961027","-27.96305","-70.55389","-60.56","469.00","","","4.83","mGal","bouguer_anomaly"
"961069","-27.93042","-70.54194","-61.95","449.00","","","5.61","mGal","bouguer_anomaly"
"961360","-28.22203","-70.53838","-62.29","633.00","","","5.31","mGal","bouguer_anomaly"
"961026","-27.91249","-70.53667","-64.59","469.00","","","3.82","mGal","bouguer_anomaly"
"961068","-27.88960","-70.52853","-65.46","448.00","","","4.01","mGal","bouguer_anomaly"
"961327","-28.27820","-70.52437","-74.33","698.00","","","5.90","mGal","bouguer_anomaly"
"961025","-27.86305","-70.52056","-68.49","477.00","","","4.01","mGal","bouguer_anomaly"
"961067","-27.85108","-70.51760","-72.22","478.70","","","3.82","mGal","bouguer_anomaly"
"961024","-27.82722","-70.51083","-67.23","486.00","","","3.66","mGal","bouguer_anomaly"
"961066","-27.80362","-70.50259","-66.74","478.00","","","3.90","mGal","bouguer_anomaly"
"961328","-28.29330","-70.48973","-89.98","740.00","","","7.69","mGal","bouguer_anomaly"
"961065","-27.75513","-70.48289","-66.61","580.00","","","3.31","mGal","bouguer_anomaly"
"961023","-27.72638","-70.47388","-67.95","666.00","","","2.94","mGal","bouguer_anomaly"
"961064","-27.71295","-70.47360","-70.13","682.00","","","2.83","mGal","bouguer_anomaly"
"961021","-27.65000","-70.46470","-73.90","628.00","","","2.86","mGal","bouguer_anomaly"
"961063","-27.66868","-70.46218","-70.83","649.00","","","2.96","mGal","bouguer_anomaly"
"961329","-28.31780","-70.45758","-105.59","809.00","","","7.72","mGal","bouguer_anomaly"
"961062","-27.61963","-70.45740","-74.84","547.00","","","3.23","mGal","bouguer_anomaly"
"961020","-27.58805","-70.44917","-75.77","551.00","","","2.75","mGal","bouguer_anomaly"
"961061","-27.57473","-70.44424","-73.67","614.00","","","2.43","mGal","bouguer_anomaly"
"961019","-27.53911","-70.44054","-72.58","710.10","","","2.19","mGal","bouguer_anomaly"
"961330","-28.34927","-70.43311","-121.27","882.00","","","9.24","mGal","bouguer_anomaly"
"961018","-27.50777","-70.41972","-80.31","714.00","","","2.16","mGal","bouguer_anomaly"
"961060","-27.50856","-70.41930","-77.39","730.00","","","2.14","mGal","bouguer_anomaly"
"961342","-28.31458","-70.41897","-116.57","873.00","","","9.40","mGal","bouguer_anomaly"
"961017","-27.48480","-70.38713","-77.82","760.00","","","2.35","mGal","bouguer_anomaly"
"961343","-28.28588","-70.38111","-126.60","980.00","","","12.76","mGal","bouguer_anomaly"
"961059","-27.44877","-70.36526","-70.03","788.00","","","2.38","mGal","bouguer_anomaly"
"961344","-28.27097","-70.35330","-138.22","1092.00","","","9.26","mGal","bouguer_anomaly"
"961016","-27.40528","-70.34916","-61.50","503.00","","","3.55","mGal","bouguer_anomaly"
"961058","-27.40332","-70.34792","-52.50","542.00","","","3.36","mGal","bouguer_anomaly"
"961001","-27.35695","-70.34055","-57.76","364.00","","","4.59","mGal","bouguer_anomaly"
"961345","-28.27522","-70.32261","-147.71","1204.00","","","11.11","mGal","bouguer_anomaly"
"961000","-27.37137","-70.32084","-35.03","518.00","","","4.25","mGal","bouguer_anomaly"
"961346","-28.29472","-70.29910","-149.36","1347.00","","","13.51","mGal","bouguer_anomaly"
"961355","-28.28840","-70.27219","-156.98","1432.00","","","11.27","mGal","bouguer_anomaly"
"961363","-27.41533","-70.27209","-79.29","440.20","","","5.82","mGal","bouguer_anomaly"
"961347","-28.31465","-70.26955","-160.18","1519.00","","","8.78","mGal","bouguer_anomaly"
"961463","-27.53638","-70.26922","-83.71","551.00","","","6.57","mGal","bouguer_anomaly"
"961364","-27.37465","-70.24478","-73.74","503.00","","","6.68","mGal","bouguer_anomaly"
"961348","-28.33358","-70.23969","-168.46","1781.00","","","10.31","mGal","bouguer_anomaly"
"961356","-28.25511","-70.22952","-168.13","1591.00","","","9.91","mGal","bouguer_anomaly"
"961359","-28.30017","-70.21668","-168.48","2147.00","","","7.50","mGal","bouguer_anomaly"
"961357","-28.25802","-70.19697","-172.14","1796.00","","","8.14","mGal","bouguer_anomaly"
"961349","-28.34498","-70.18674","-180.81","2062.00","","","7.98","mGal","bouguer_anomaly"
"961358","-28.25783","-70.15396","-180.26","2026.00","","","7.85","mGal","bouguer_anomaly"
"961541","-28.07668","-69.98347","-207.51","1234.00","","","17.44","mGal","bouguer_anomaly"
"961540","-28.03481","-69.98142","-194.60","1165.00","","","21.01","mGal","bouguer_anomaly"
"961542","-28.12683","-69.97372","-208.76","1348.00","","","22.69","mGal","bouguer_anomaly"
"961464","-27.66815","-69.91098","-188.07","1630.00","","","10.47","mGal","bouguer_anomaly"
"961543","-28.20843","-69.81458","-282.13","1850.00","","","21.79","mGal","bouguer_anomaly"
"961544","-28.18730","-69.76532","-292.12","1895.00","","","19.01","mGal","bouguer_anomaly"
"961545","-28.22617","-69.74957","-308.29","2092.00","","","16.66","mGal","bouguer_anomaly"
"961546","-28.26557","-69.73363","-326.72","2403.00","","","15.49","mGal","bouguer_anomaly"
"961547","-28.21453","-69.72572","-314.10","2218.00","","","17.84","mGal","bouguer_anomaly"
"961552","-28.09967","-69.70550","-300.48","2179.00","","","14.63","mGal","bouguer_anomaly"
"961548","-28.23715","-69.68102","-334.92","2668.00","","","9.75","mGal","bouguer_anomaly"
"961550","-28.25505","-69.66830","-340.30","2802.00","","","9.00","mGal","bouguer_anomaly"
"961553","-28.12517","-69.65897","-312.91","2397.00","","","13.40","mGal","bouguer_anomaly"
"961551","-28.26353","-69.64761","-355.08","3143.00","","","6.59","mGal","bouguer_anomaly"
"961554","-28.14896","-69.62489","-324.76","2656.00","","","11.11","mGal","bouguer_anomaly"
"961549","-28.22598","-69.62376","-348.62","3150.00","","","6.89","mGal","bouguer_anomaly"
"961555","-28.15667","-69.57449","-361.33","3787.00","","","2.59","mGal","bouguer_anomaly"
"961468","-27.70925","-69.55517","-273.52","2604.00","","","11.75","mGal","bouguer_anomaly"
"961556","-28.20133","-69.52623","-394.21","4320.00","","","5.39","mGal","bouguer_anomaly"
"961467","-27.68030","-69.52470","-281.85","2670.00","","","8.97","mGal","bouguer_anomaly"
"961465","-27.62677","-69.52135","-287.41","2794.00","","","8.57","mGal","bouguer_anomaly"
"961469","-27.72658","-69.52007","-288.80","2699.00","","","8.84","mGal","bouguer_anomaly"
"961466","-27.65270","-69.50381","-288.99","2751.00","","","8.81","mGal","bouguer_anomaly"
"961470","-27.76312","-69.50166","-297.96","2792.00","","","8.09","mGal","bouguer_anomaly"
"961473","-27.62315","-69.49088","-291.74","2890.00","","","9.59","mGal","bouguer_anomaly"
"961471","-27.78617","-69.48064","-301.37","2935.00","","","8.46","mGal","bouguer_anomaly"
"961472","-27.82184","-69.47968","-306.42","2935.20","","","7.74","mGal","bouguer_anomaly"
"961474","-27.65617","-69.44047","-315.19","3101.00","","","6.30","mGal","bouguer_anomaly"
"961535","-27.51720","-69.43207","-314.94","3034.00","","","7.50","mGal","bouguer_anomaly"
"961533","-27.41607","-69.42828","-310.84","3120.00","","","6.46","mGal","bouguer_anomaly"
"961532","-27.36243","-69.42445","-309.71","3180.00","","","6.65","mGal","bouguer_anomaly"
"961488","-27.88320","-69.41938","-305.45","3191.00","","","6.25","mGal","bouguer_anomaly"
"961534","-27.46932","-69.41188","-314.28","3074.00","","","8.73","mGal","bouguer_anomaly"
"961487","-27.91037","-69.38469","-320.94","3263.00","","","6.41","mGal","bouguer_anomaly"
"961475","-27.67727","-69.37724","-339.03","3453.00","","","6.94","mGal","bouguer_anomaly"
"961479","-27.71457","-69.36411","-345.80","3741.00","","","3.95","mGal","bouguer_anomaly"
"961480","-27.74487","-69.35523","-348.47","4207.00","","","2.99","mGal","bouguer_anomaly"
"961486","-27.92612","-69.34071","-336.52","3344.00","","","5.21","mGal","bouguer_anomaly"
"961481","-27.77483","-69.32842","-361.35","4758.00","","","5.18","mGal","bouguer_anomaly"
"961476","-27.67308","-69.32648","-357.14","3794.00","","","3.66","mGal","bouguer_anomaly"
"961501","-27.51160","-69.30710","-365.67","4272.00","","","3.12","mGal","bouguer_anomaly"
"961477","-27.65698","-69.30428","-367.24","4094.00","","","3.26","mGal","bouguer_anomaly"
"961485","-27.90279","-69.29944","-346.47","3454.00","","","6.65","mGal","bouguer_anomaly"
"961482","-27.81240","-69.29333","-362.57","4146.00","","","3.31","mGal","bouguer_anomaly"
"961478","-27.63582","-69.27863","-380.53","4162.00","","","2.99","mGal","bouguer_anomaly"
"961500","-27.49065","-69.27312","-379.40","4077.00","","","2.94","mGal","bouguer_anomaly"
"961484","-27.86035","-69.26795","-356.65","3584.00","","","4.99","mGal","bouguer_anomaly"
"961483","-27.81150","-69.26223","-362.97","3761.11","","","4.35","mGal","bouguer_anomaly"
"961496","-27.61445","-69.24200","-394.83","4260.00","","","2.88","mGal","bouguer_anomaly"
"962156","-28.12082","-69.23417","-387.67","3966.00","","","2.64","mGal","bouguer_anomaly"
"962168","-28.34483","-69.23267","-389.40","3742.00","","","1.92","mGal","bouguer_anomaly"
"961489","-27.87987","-69.23113","-366.02","3702.00","","","5.85","mGal","bouguer_anomaly"
"961499","-27.48757","-69.22365","-381.71","3988.00","","","3.23","mGal","bouguer_anomaly"
"961497","-27.58597","-69.20963","-398.92","4085.00","","","3.31","mGal","bouguer_anomaly"
"961490","-27.91737","-69.20901","-374.45","3906.00","","","5.10","mGal","bouguer_anomaly"
"962166","-28.30767","-69.20683","-390.67","3762.00","","","2.27","mGal","bouguer_anomaly"
"962155","-28.14533","-69.20483","-393.41","3926.00","","","2.54","mGal","bouguer_anomaly"
"962157","-28.11417","-69.20350","-391.21","4034.00","","","2.38","mGal","bouguer_anomaly"
"961498","-27.53768","-69.20058","-394.57","4028.00","","","3.63","mGal","bouguer_anomaly"
"962165","-28.26400","-69.19317","-388.71","3802.00","","","2.06","mGal","bouguer_anomaly"
"962167","-28.34833","-69.18700","-378.56","3721.00","","","1.92","mGal","bouguer_anomaly"
"962164","-28.22199","-69.18350","-388.82","3838.00","","","2.46","mGal","bouguer_anomaly"
"962154","-28.17967","-69.18034","-394.72","3878.00","","","2.32","mGal","bouguer_anomaly"
"961491","-27.88480","-69.17623","-381.04","4210.00","","","3.20","mGal","bouguer_anomaly"
"962160","-28.02017","-69.17216","-390.75","4319.00","","","2.78","mGal","bouguer_anomaly"
"961502","-27.49420","-69.17060","-401.71","3997.00","","","2.94","mGal","bouguer_anomaly"
"962159","-28.06217","-69.15767","-397.35","4130.00","","","2.91","mGal","bouguer_anomaly"
"962158","-28.10300","-69.15733","-398.25","4085.00","","","2.59","mGal","bouguer_anomaly"
"961494","-27.79930","-69.15719","-388.97","4681.00","","","3.34","mGal","bouguer_anomaly"
"961492","-27.84855","-69.15252","-395.10","4309.00","","","3.26","mGal","bouguer_anomaly"
"961493","-27.79385","-69.15176","-386.69","4490.00","","","3.10","mGal","bouguer_anomaly"
"962161","-27.98566","-69.14133","-395.46","4532.00","","","3.31","mGal","bouguer_anomaly"
"962153","-28.17733","-69.14083","-404.62","4006.00","","","2.43","mGal","bouguer_anomaly"
"962162","-27.95117","-69.13300","-390.74","4600.00","","","3.52","mGal","bouguer_anomaly"
"962163","-27.91032","-69.13116","-389.88","4665.00","","","3.66","mGal","bouguer_anomaly"
"961495","-27.80220","-69.12641","-396.05","4902.80","","","4.09","mGal","bouguer_anomaly"
"961503","-27.49698","-69.11397","-406.41","4058.00","","","3.07","mGal","bouguer_anomaly"
"962152","-28.19733","-69.10217","-405.65","4233.00","","","2.54","mGal","bouguer_anomaly"
"961504","-27.47139","-69.07587","-408.64","4090.00","","","2.67","mGal","bouguer_anomaly"
"962151","-28.22299","-69.06917","-408.69","4354.00","","","3.10","mGal","bouguer_anomaly"
"961505","-27.43532","-69.04082","-410.18","4092.00","","","2.80","mGal","bouguer_anomaly"
"961506","-27.39437","-69.02599","-407.48","4047.00","","","3.04","mGal","bouguer_anomaly"
"962150","-28.21832","-69.02233","-397.22","4296.00","","","2.99","mGal","bouguer_anomaly"
"962149","-28.22783","-68.98600","-395.00","4350.00","","","3.50","mGal","bouguer_anomaly"
"961956","-27.39410","-68.97577","-384.48","4439.00","","","2.11","mGal","bouguer_anomaly"
"962148","-28.23633","-68.93901","-392.11","4382.00","","","4.09","mGal","bouguer_anomaly"
"961955","-27.42285","-68.92110","-398.10","4570.00","","","2.19","mGal","bouguer_anomaly"
"962147","-28.22717","-68.91616","-392.97","4312.00","","","3.95","mGal","bouguer_anomaly"
"961954","-27.46142","-68.90046","-389.27","4473.00","","","2.00","mGal","bouguer_anomaly"
"961953","-27.50662","-68.89783","-388.60","4545.00","","","2.11","mGal","bouguer_anomaly"
"962146","-28.26500","-68.87617","-384.61","4279.00","","","5.74","mGal","bouguer_anomaly"
"961952","-27.52095","-68.84870","-396.49","4449.00","","","1.92","mGal","bouguer_anomaly"
"961957","-27.46935","-68.84412","-398.08","4501.00","","","2.00","mGal","bouguer_anomaly"
"961960","-27.36852","-68.84082","-400.98","4837.00","","","3.04","mGal","bouguer_anomaly"
"961958","-27.43213","-68.83688","-395.52","4575.00","","","2.16","mGal","bouguer_anomaly"
"962142","-28.32483","-68.83682","-377.86","4187.00","","","5.39","mGal","bouguer_anomaly"
"962145","-28.26083","-68.83283","-379.66","4257.00","","","5.34","mGal","bouguer_anomaly"
"961959","-27.39107","-68.82927","-401.60","4798.00","","","2.70","mGal","bouguer_anomaly"
"962143","-28.29217","-68.81100","-374.70","4186.00","","","6.22","mGal","bouguer_anomaly"
"961951","-27.54582","-68.80508","-391.97","4366.00","","","1.98","mGal","bouguer_anomaly"
"962144","-28.27649","-68.76717","-370.82","4265.00","","","6.94","mGal","bouguer_anomaly"
"961950","-27.57846","-68.75859","-388.51","4323.00","","","2.06","mGal","bouguer_anomaly"
"961949","-27.61043","-68.69822","-389.31","4278.00","","","2.40","mGal","bouguer_anomaly"
"961948","-27.63001","-68.68752","-388.42","4245.00","","","2.19","mGal","bouguer_anomaly"
"961947","-27.64364","-68.64218","-381.29","4207.00","","","2.27","mGal","bouguer_anomaly"
"961946","-27.65096","-68.59283","-379.82","4145.00","","","2.51","mGal","bouguer_anomaly"
"961945","-27.65683","-68.54490","-375.99","4145.00","","","2.48","mGal","bouguer_anomaly"
"961943","-27.57390","-68.53835","-378.75","4442.00","","","2.46","mGal","bouguer_anomaly"
"961944","-27.60645","-68.53250","-382.81","4296.00","","","2.43","mGal","bouguer_anomaly"
"961966","-27.87197","-68.52383","-365.25","4479.00","","","3.42","mGal","bouguer_anomaly"
"961965","-27.83967","-68.50372","-358.68","4454.00","","","3.28","mGal","bouguer_anomaly"
"961942","-27.58830","-68.49664","-353.51","4643.00","","","3.36","mGal","bouguer_anomaly"
"961964","-27.80466","-68.48970","-361.99","4320.00","","","2.91","mGal","bouguer_anomaly"
"961941","-27.62773","-68.47311","-351.97","4514.00","","","3.12","mGal","bouguer_anomaly"
"961963","-27.75337","-68.46170","-350.86","4236.00","","","2.72","mGal","bouguer_anomaly"
"961962","-27.72941","-68.44952","-340.51","4276.00","","","2.96","mGal","bouguer_anomaly"
"961961","-27.69824","-68.43650","-339.14","4215.00","","","2.80","mGal","bouguer_anomaly"
"961940","-27.65942","-68.43423","-339.03","4258.00","","","2.78","mGal","bouguer_anomaly"
"961967","-27.61798","-68.37693","-344.88","4326.00","","","3.28","mGal","bouguer_anomaly"
"961969","-27.53678","-68.37495","-343.66","4540.00","","","3.90","mGal","bouguer_anomaly"
"961939","-27.66766","-68.37455","-345.64","4227.00","","","3.10","mGal","bouguer_anomaly"
"961968","-27.57055","-68.36613","-345.72","4494.00","","","3.84","mGal","bouguer_anomaly"
"961970","-27.50865","-68.33775","-340.18","4531.00","","","4.25","mGal","bouguer_anomaly"
"961937","-27.62945","-68.32201","-346.00","4311.00","","","3.84","mGal","bouguer_anomaly"
"961938","-27.66897","-68.31980","-344.01","4384.00","","","4.49","mGal","bouguer_anomaly"
"962100","-28.33697","-68.31313","-272.64","2427.00","","","4.06","mGal","bouguer_anomaly"
"962102","-28.32213","-68.27675","-271.22","2453.00","","","4.54","mGal","bouguer_anomaly"
"961936","-27.62748","-68.24574","-344.96","3914.00","","","3.23","mGal","bouguer_anomaly"
"962101","-28.31613","-68.24361","-269.54","2565.00","","","4.46","mGal","bouguer_anomaly"
"961935","-27.62610","-68.20947","-340.51","3561.00","","","3.10","mGal","bouguer_anomaly"
"941013","-27.37100","-68.19868","-316.84","3605.00","","","7.58","mGal","bouguer_anomaly"
"941017","-27.80137","-68.18585","-327.39","3350.00","","","4.54","mGal","bouguer_anomaly"
"961933","-27.98103","-68.18188","-313.17","3348.00","","","3.55","mGal","bouguer_anomaly"
"940988","-27.68732","-68.17651","-326.98","3276.00","","","6.65","mGal","bouguer_anomaly"
"940989","-27.64670","-68.16670","-329.18","3281.00","","","7.40","mGal","bouguer_anomaly"
"940990","-27.60676","-68.16637","-331.39","3344.00","","","8.01","mGal","bouguer_anomaly"
"941012","-27.37322","-68.14930","-324.94","3501.00","","","6.30","mGal","bouguer_anomaly"
"940987","-27.71824","-68.14664","-306.87","3209.00","","","5.50","mGal","bouguer_anomaly"
"940991","-27.56710","-68.14253","-333.38","3364.00","","","7.32","mGal","bouguer_anomaly"
"941016","-27.80537","-68.13987","-310.34","3215.00","","","4.51","mGal","bouguer_anomaly"
"961932","-27.98202","-68.13880","-303.84","3243.00","","","3.60","mGal","bouguer_anomaly"
"940996","-27.36395","-68.13725","-326.51","3499.00","","","6.19","mGal","bouguer_anomaly"
"940995","-27.39278","-68.13470","-325.68","3486.00","","","5.98","mGal","bouguer_anomaly"
"940992","-27.52417","-68.12995","-338.81","3375.00","","","7.40","mGal","bouguer_anomaly"
"940986","-27.75933","-68.12680","-301.87","3139.00","","","5.39","mGal","bouguer_anomaly"
"940993","-27.48443","-68.11252","-340.70","3421.00","","","7.42","mGal","bouguer_anomaly"
"941015","-27.77865","-68.10308","-294.81","3102.00","","","4.70","mGal","bouguer_anomaly"
"940994","-27.44183","-68.10230","-338.10","3452.00","","","8.14","mGal","bouguer_anomaly"
"961928","-27.86646","-68.09975","-286.72","3160.00","","","3.82","mGal","bouguer_anomaly"
"961931","-27.97870","-68.09660","-295.11","3143.00","","","3.76","mGal","bouguer_anomaly"
"940985","-27.78508","-68.08978","-290.97","3086.00","","","4.54","mGal","bouguer_anomaly"
"961929","-27.90715","-68.08369","-288.67","3119.00","","","3.79","mGal","bouguer_anomaly"
"961930","-27.94771","-68.07650","-291.01","3108.00","","","4.46","mGal","bouguer_anomaly"
"940984","-27.79162","-68.06094","-280.13","3058.00","","","4.67","mGal","bouguer_anomaly"
"961934","-27.97372","-68.05337","-284.61","3042.00","","","3.66","mGal","bouguer_anomaly"
"940983","-27.79035","-68.01805","-284.19","3016.00","","","5.58","mGal","bouguer_anomaly"
"940982","-27.74662","-68.00180","-286.58","2940.00","","","8.20","mGal","bouguer_anomaly"
"940981","-27.72285","-67.97665","-291.88","2835.00","","","6.51","mGal","bouguer_anomaly"
"940980","-27.69942","-67.91775","-292.98","2530.00","","","9.35","mGal","bouguer_anomaly"
"940979","-27.69997","-67.86740","-291.42","2353.00","","","7.69","mGal","bouguer_anomaly"
"940978","-27.68685","-67.82250","-298.81","2213.00","","","6.19","mGal","bouguer_anomaly"
"940977","-27.68020","-67.78471","-298.04","2082.00","","","5.47","mGal","bouguer_anomaly"
"940976","-27.64525","-67.77554","-296.49","2050.00","","","5.58","mGal","bouguer_anomaly"
"940582","-27.37044","-67.75272","-306.31","1967.00","","","6.62","mGal","bouguer_anomaly"
"940581","-27.39143","-67.73662","-301.86","1970.00","","","6.11","mGal","bouguer_anomaly"
"940975","-27.62010","-67.73600","-301.33","1893.00","","","5.47","mGal","bouguer_anomaly"
"940974","-27.60308","-67.70277","-283.30","1863.00","","","4.51","mGal","bouguer_anomaly"
"940580","-27.41880","-67.69678","-295.82","1854.00","","","5.79","mGal","bouguer_anomaly"
"940973","-27.63342","-67.67632","-289.48","1639.00","","","5.74","mGal","bouguer_anomaly"
"940579","-27.44942","-67.67144","-292.88","1763.00","","","5.74","mGal","bouguer_anomaly"
"940568","-27.89007","-67.67007","-261.17","1438.00","","","5.93","mGal","bouguer_anomaly"
"940570","-27.80830","-67.66665","-274.06","1460.00","","","6.35","mGal","bouguer_anomaly"
"940569","-27.85897","-67.66508","-265.17","1457.00","","","5.90","mGal","bouguer_anomaly"
"940589","-28.30628","-67.66493","-216.31","1521.00","","","5.23","mGal","bouguer_anomaly"
"940590","-28.34952","-67.66313","-216.61","1577.00","","","5.26","mGal","bouguer_anomaly"
"940571","-27.76548","-67.65303","-271.22","1480.00","","","6.41","mGal","bouguer_anomaly"
"940972","-27.66927","-67.64512","-274.05","1546.00","","","6.65","mGal","bouguer_anomaly"
"940567","-27.92722","-67.64444","-251.01","1352.00","","","6.41","mGal","bouguer_anomaly"
"940588","-28.26572","-67.64433","-216.87","1413.00","","","4.78","mGal","bouguer_anomaly"
"940578","-27.48538","-67.64104","-288.30","1691.00","","","5.98","mGal","bouguer_anomaly"
"940572","-27.72627","-67.63565","-266.27","1479.00","","","6.78","mGal","bouguer_anomaly"
"940566","-27.96867","-67.63190","-244.11","1301.00","","","6.19","mGal","bouguer_anomaly"
"940587","-28.23083","-67.63123","-224.17","1361.00","","","4.33","mGal","bouguer_anomaly"
"940573","-27.69017","-67.62159","-262.52","1517.00","","","6.86","mGal","bouguer_anomaly"
"940576","-27.56328","-67.61884","-283.46","1622.00","","","6.46","mGal","bouguer_anomaly"
"940565","-28.00798","-67.61833","-236.24","1258.00","","","5.95","mGal","bouguer_anomaly"
"940577","-27.52120","-67.61767","-288.02","1658.00","","","6.27","mGal","bouguer_anomaly"
"940575","-27.60642","-67.61707","-271.66","1586.00","","","6.70","mGal","bouguer_anomaly"
"940574","-27.64837","-67.61200","-258.09","1550.00","","","7.18","mGal","bouguer_anomaly"
"940586","-28.19142","-67.61012","-234.56","1299.00","","","3.92","mGal","bouguer_anomaly"
"940585","-28.14933","-67.58851","-238.40","1253.00","","","3.68","mGal","bouguer_anomaly"
"940564","-28.02900","-67.58662","-236.13","1230.00","","","4.51","mGal","bouguer_anomaly"
"940584","-28.11200","-67.57948","-241.62","1209.00","","","3.82","mGal","bouguer_anomaly"
"949378","-28.06638","-67.56528","-239.00","1220.90","","","3.63","mGal","bouguer_anomaly"
"940563","-28.06275","-67.56409","-242.55","1201.76","","","3.79","mGal","bouguer_anomaly"
"940971","-28.03222","-67.55090","-243.50","1213.00","","","3.90","mGal","bouguer_anomaly"
"940562","-28.08670","-67.53010","-235.10","1186.00","","","3.23","mGal","bouguer_anomaly"
"940970","-28.01453","-67.50704","-241.53","1231.00","","","3.63","mGal","bouguer_anomaly"
"940561","-28.11832","-67.50070","-223.66","1161.00","","","2.99","mGal","bouguer_anomaly"
"940560","-28.15800","-67.49810","-222.03","1135.00","","","3.10","mGal","bouguer_anomaly"
"949377","-28.17471","-67.48833","-219.79","1137.60","","","2.75","mGal","bouguer_anomaly"
"940559","-28.19428","-67.48042","-221.73","1115.00","","","2.72","mGal","bouguer_anomaly"
"940558","-28.22986","-67.47198","-217.01","1095.00","","","2.67","mGal","bouguer_anomaly"
"940969","-27.99030","-67.46811","-239.08","1301.00","","","3.47","mGal","bouguer_anomaly"
"940557","-28.25372","-67.43758","-211.68","1077.00","","","2.48","mGal","bouguer_anomaly"
"940968","-27.95930","-67.43093","-234.65","1379.00","","","4.25","mGal","bouguer_anomaly"
"940967","-27.93445","-67.40266","-229.80","1450.00","","","5.77","mGal","bouguer_anomaly"
"940556","-28.26405","-67.39370","-203.14","1063.00","","","2.27","mGal","bouguer_anomaly"
"940966","-27.90410","-67.37665","-229.79","1548.00","","","3.55","mGal","bouguer_anomaly"
"940555","-28.29820","-67.36813","-203.76","1058.00","","","1.92","mGal","bouguer_anomaly"
"940965","-27.87517","-67.34354","-229.94","1757.00","","","2.70","mGal","bouguer_anomaly"
"940554","-28.31633","-67.32345","-201.71","1064.00","","","1.79","mGal","bouguer_anomaly"
"940964","-27.83973","-67.31804","-227.41","1654.00","","","3.47","mGal","bouguer_anomaly"
"940963","-27.81350","-67.31042","-227.75","1655.00","","","4.54","mGal","bouguer_anomaly"
"940553","-28.30242","-67.27684","-196.93","1024.00","","","1.98","mGal","bouguer_anomaly"
"940962","-27.79488","-67.26672","-221.21","1501.00","","","5.02","mGal","bouguer_anomaly"
"949376","-28.30528","-67.24749","-190.75","1011.10","","","1.74","mGal","bouguer_anomaly"
"940552","-28.30367","-67.22942","-188.69","997.00","","","1.66","mGal","bouguer_anomaly"
"940961","-27.76960","-67.22511","-206.91","1398.00","","","5.79","mGal","bouguer_anomaly"
"940428","-27.94317","-67.20068","-189.83","1134.00","","","3.10","mGal","bouguer_anomaly"
"940429","-27.98509","-67.20063","-191.60","1084.00","","","3.36","mGal","bouguer_anomaly"
"940718","-27.59918","-67.19434","-268.00","1795.00","","","11.59","mGal","bouguer_anomaly"
"940427","-27.89902","-67.19294","-196.86","1104.00","","","4.11","mGal","bouguer_anomaly"
"940717","-27.58922","-67.18834","-264.49","1960.00","","","9.43","mGal","bouguer_anomaly"
"940430","-28.02680","-67.18729","-183.76","1071.00","","","4.62","mGal","bouguer_anomaly"
"940960","-27.74441","-67.18620","-201.00","1341.00","","","5.45","mGal","bouguer_anomaly"
"940426","-27.85777","-67.18490","-192.59","1079.00","","","4.89","mGal","bouguer_anomaly"
"940551","-28.29747","-67.18083","-182.32","965.00","","","1.58","mGal","bouguer_anomaly"
"940425","-27.81620","-67.17750","-198.24","1130.00","","","4.54","mGal","bouguer_anomaly"
"940431","-28.06963","-67.17290","-179.16","1098.00","","","2.80","mGal","bouguer_anomaly"
"940424","-27.77085","-67.16863","-219.39","1176.00","","","4.73","mGal","bouguer_anomaly"
"940423","-27.73100","-67.16842","-217.53","1210.00","","","5.85","mGal","bouguer_anomaly"
"940432","-28.10992","-67.15952","-173.15","1107.00","","","1.82","mGal","bouguer_anomaly"
"940716","-27.57763","-67.15228","-266.81","1823.00","","","7.24","mGal","bouguer_anomaly"
"940433","-28.15272","-67.14615","-165.54","1070.00","","","1.68","mGal","bouguer_anomaly"
"940550","-28.27808","-67.13666","-175.97","955.00","","","1.31","mGal","bouguer_anomaly"
"940422","-27.70917","-67.13396","-203.12","1262.00","","","4.91","mGal","bouguer_anomaly"
"940714","-27.60994","-67.12854","-250.81","1574.00","","","6.35","mGal","bouguer_anomaly"
"940434","-28.19378","-67.12807","-162.76","1039.00","","","1.17","mGal","bouguer_anomaly"
"940715","-27.57187","-67.12144","-258.68","1716.00","","","6.57","mGal","bouguer_anomaly"
"940713","-27.59818","-67.11353","-243.64","1518.00","","","5.98","mGal","bouguer_anomaly"
"940720","-27.52278","-67.10923","-269.61","1884.00","","","6.97","mGal","bouguer_anomaly"
"940719","-27.54405","-67.10633","-266.61","1754.00","","","6.33","mGal","bouguer_anomaly"
"940724","-27.49132","-67.09417","-268.25","1852.00","","","8.25","mGal","bouguer_anomaly"
"940421","-27.70347","-67.09206","-206.53","1156.00","","","4.73","mGal","bouguer_anomaly"
"940435","-28.22597","-67.08985","-169.21","1039.00","","","0.85","mGal","bouguer_anomaly"
"940712","-27.56988","-67.08553","-244.96","1504.00","","","6.46","mGal","bouguer_anomaly"
"940436","-28.26151","-67.07628","-161.56","905.00","","","1.17","mGal","bouguer_anomaly"
"940437","-28.29232","-67.06793","-157.84","942.00","","","1.15","mGal","bouguer_anomaly"
"940723","-27.50715","-67.06116","-171.69","1851.00","","","4.91","mGal","bouguer_anomaly"
"940721","-27.52900","-67.05954","-258.15","1536.00","","","5.85","mGal","bouguer_anomaly"
"940736","-27.73323","-67.05797","-210.61","1135.00","","","2.94","mGal","bouguer_anomaly"
"940761","-27.73325","-67.05773","-211.45","1131.00","","","2.94","mGal","bouguer_anomaly"
"940737","-27.76530","-67.05331","-210.14","1117.00","","","2.40","mGal","bouguer_anomaly"
"940420","-27.67951","-67.05127","-211.70","1182.00","","","3.87","mGal","bouguer_anomaly"
"962056","-28.31738","-67.04898","-145.34","969.00","","","0.37","mGal","bouguer_anomaly"
"940762","-27.76960","-67.04812","-212.03","1102.00","","","2.40","mGal","bouguer_anomaly"
"949375","-28.31695","-67.04639","-149.04","937.90","","","1.36","mGal","bouguer_anomaly"
"940438","-28.31338","-67.04517","-148.46","937.00","","","1.28","mGal","bouguer_anomaly"
"940738","-27.78142","-67.04362","-210.93","1099.00","","","2.19","mGal","bouguer_anomaly"
"940763","-27.81009","-67.04020","-209.30","1079.00","","","1.90","mGal","bouguer_anomaly"
"940739","-27.83140","-67.03642","-206.08","1067.00","","","1.68","mGal","bouguer_anomaly"
"940711","-27.55445","-67.03375","-239.16","1343.00","","","6.14","mGal","bouguer_anomaly"
"940727","-27.36596","-67.03366","-291.30","1766.00","","","8.76","mGal","bouguer_anomaly"
"940491","-27.65522","-67.03050","-207.97","1255.00","","","3.92","mGal","bouguer_anomaly"
"940764","-27.84735","-67.02386","-203.93","1050.00","","","1.52","mGal","bouguer_anomaly"
"940722","-27.53835","-67.02374","-244.46","1329.00","","","6.33","mGal","bouguer_anomaly"
"940419","-27.64604","-67.02335","-211.94","1240.00","","","3.63","mGal","bouguer_anomaly"
"940492","-27.60487","-67.01545","-212.10","1300.00","","","4.43","mGal","bouguer_anomaly"
"940740","-27.86776","-67.01262","-199.82","1038.00","","","1.31","mGal","bouguer_anomaly"
"940726","-27.40207","-67.01240","-282.88","1584.00","","","7.13","mGal","bouguer_anomaly"
"940776","-28.28397","-67.01005","-151.32","907.00","","","0.96","mGal","bouguer_anomaly"
"940765","-27.88760","-67.00477","-197.82","1018.00","","","1.23","mGal","bouguer_anomaly"
"940418","-27.67435","-67.00332","-210.39","1195.00","","","3.26","mGal","bouguer_anomaly"
"940494","-27.53300","-67.00317","-213.60","1446.00","","","4.99","mGal","bouguer_anomaly"
"940710","-27.54325","-66.99844","-240.82","1315.00","","","5.93","mGal","bouguer_anomaly"
"940777","-28.25638","-66.99622","-152.52","887.00","","","0.83","mGal","bouguer_anomaly"
"940493","-27.56887","-66.99578","-211.46","1362.00","","","4.30","mGal","bouguer_anomaly"
"940439","-28.30983","-66.99178","-145.02","907.00","","","1.12","mGal","bouguer_anomaly"
"940741","-27.89733","-66.98912","-193.55","1016.00","","","1.15","mGal","bouguer_anomaly"
"940496","-27.45298","-66.98285","-241.34","1553.00","","","4.89","mGal","bouguer_anomaly"
"940725","-27.43773","-66.98035","-270.35","1450.00","","","5.90","mGal","bouguer_anomaly"
"940495","-27.48936","-66.97784","-223.92","1484.00","","","4.89","mGal","bouguer_anomaly"
"940766","-27.91217","-66.97266","-190.88","999.00","","","0.99","mGal","bouguer_anomaly"
"940742","-27.92062","-66.96073","-187.78","997.00","","","0.91","mGal","bouguer_anomaly"
"940440","-28.33177","-66.96035","-141.48","916.00","","","1.23","mGal","bouguer_anomaly"
"940497","-27.41425","-66.96020","-245.46","1576.00","","","4.75","mGal","bouguer_anomaly"
"940417","-27.69148","-66.95873","-207.29","1186.00","","","2.32","mGal","bouguer_anomaly"
"940778","-28.27140","-66.95602","-151.98","861.00","","","0.77","mGal","bouguer_anomaly"
"940767","-27.93110","-66.93996","-185.50","982.00","","","0.88","mGal","bouguer_anomaly"
"940498","-27.37978","-66.93729","-249.52","1622.00","","","4.43","mGal","bouguer_anomaly"
"940743","-27.94267","-66.92177","-181.97","976.00","","","0.75","mGal","bouguer_anomaly"
"940779","-28.28498","-66.92040","-157.96","845.00","","","0.72","mGal","bouguer_anomaly"
"940768","-27.95758","-66.91445","-180.41","964.00","","","0.72","mGal","bouguer_anomaly"
"940416","-27.69998","-66.91133","-210.87","1091.00","","","2.35","mGal","bouguer_anomaly"
"940744","-27.97137","-66.90669","-178.57","958.00","","","0.67","mGal","bouguer_anomaly"
"940769","-27.99423","-66.89591","-176.00","945.00","","","0.61","mGal","bouguer_anomaly"
"940745","-28.01747","-66.89185","-173.39","940.00","","","0.56","mGal","bouguer_anomaly"
"940770","-28.03495","-66.88467","-173.21","927.00","","","0.51","mGal","bouguer_anomaly"
"940746","-28.05432","-66.88305","-171.91","924.00","","","0.51","mGal","bouguer_anomaly"
"940780","-28.31117","-66.88103","-156.22","822.00","","","0.72","mGal","bouguer_anomaly"
"940771","-28.07813","-66.87600","-173.78","907.00","","","0.45","mGal","bouguer_anomaly"
"940747","-28.10567","-66.87036","-172.80","903.00","","","0.43","mGal","bouguer_anomaly"
"940415","-27.71180","-66.86575","-194.61","1115.00","","","1.90","mGal","bouguer_anomaly"
"940781","-28.34145","-66.84897","-154.20","804.00","","","0.77","mGal","bouguer_anomaly"
"940772","-28.12342","-66.84754","-171.74","885.00","","","0.40","mGal","bouguer_anomaly"
"940748","-28.12840","-66.83032","-168.53","885.00","","","0.35","mGal","bouguer_anomaly"
"940414","-27.73170","-66.82146","-185.41","1102.00","","","1.58","mGal","bouguer_anomaly"
"940773","-28.16763","-66.80510","-165.76","862.00","","","0.35","mGal","bouguer_anomaly"
"940749","-28.18543","-66.78749","-163.97","857.00","","","0.32","mGal","bouguer_anomaly"
"940413","-27.75903","-66.78418","-173.46","1029.00","","","1.52","mGal","bouguer_anomaly"
"940774","-28.21108","-66.76453","-162.74","838.00","","","0.32","mGal","bouguer_anomaly"
"940412","-27.75897","-66.74783","-187.51","948.00","","","2.00","mGal","bouguer_anomaly"
"940750","-28.21525","-66.71712","-165.87","834.00","","","0.29","mGal","bouguer_anomaly"
"940411","-27.72910","-66.71523","-195.65","897.00","","","2.24","mGal","bouguer_anomaly"
"940775","-28.21208","-66.69958","-168.81","818.00","","","0.29","mGal","bouguer_anomaly"
"940410","-27.70123","-66.67979","-195.12","897.00","","","3.76","mGal","bouguer_anomaly"
"962290","-28.33862","-66.67756","-161.93","756.00","","","0.24","mGal","bouguer_anomaly"
"940409","-27.67992","-66.64625","-192.36","899.00","","","3.60","mGal","bouguer_anomaly"
"962291","-28.31792","-66.62195","-164.98","737.00","","","0.40","mGal","bouguer_anomaly"
"940408","-27.65767","-66.60526","-193.98","872.00","","","4.27","mGal","bouguer_anomaly"
"962292","-28.30357","-66.57786","-165.05","727.00","","","0.59","mGal","bouguer_anomaly"
"940407","-27.62573","-66.57515","-189.53","900.00","","","4.41","mGal","bouguer_anomaly"
"962293","-28.28690","-66.55720","-166.10","727.00","","","0.69","mGal","bouguer_anomaly"
"940406","-27.60503","-66.54816","-184.19","942.00","","","5.69","mGal","bouguer_anomaly"
"940696","-27.35975","-66.54716","-231.94","1972.00","","","6.17","mGal","bouguer_anomaly"
"940697","-27.41757","-66.52168","-217.90","1692.00","","","7.61","mGal","bouguer_anomaly"
"962294","-28.27410","-66.51477","-167.58","717.00","","","0.96","mGal","bouguer_anomaly"
"940403","-27.54263","-66.51194","-189.54","1103.00","","","5.53","mGal","bouguer_anomaly"
"940404","-27.51400","-66.50822","-196.05","1205.00","","","7.05","mGal","bouguer_anomaly"
"940405","-27.60155","-66.49876","-190.31","946.00","","","4.89","mGal","bouguer_anomaly"
"940402","-27.57010","-66.48528","-186.25","966.00","","","5.74","mGal","bouguer_anomaly"
"962295","-28.27658","-66.47609","-164.09","717.00","","","1.52","mGal","bouguer_anomaly"
"940751","-27.62370","-66.46164","-190.50","889.00","","","3.82","mGal","bouguer_anomaly"
"940401","-27.59563","-66.45216","-193.10","889.00","","","4.89","mGal","bouguer_anomaly"
"962296","-28.29965","-66.44058","-156.08","710.00","","","2.11","mGal","bouguer_anomaly"
"940759","-28.12592","-66.41541","-172.96","717.00","","","1.01","mGal","bouguer_anomaly"
"940391","-27.42094","-66.40951","-211.18","2851.00","","","7.69","mGal","bouguer_anomaly"
"940400","-27.58793","-66.40330","-189.23","926.00","","","5.55","mGal","bouguer_anomaly"
"940392","-27.45233","-66.40184","-211.05","2456.00","","","6.49","mGal","bouguer_anomaly"
"940390","-27.38332","-66.38658","-201.87","3035.00","","","7.42","mGal","bouguer_anomaly"
"940393","-27.46270","-66.38622","-208.23","1993.00","","","5.74","mGal","bouguer_anomaly"
"940395","-27.52607","-66.38349","-186.11","1167.00","","","7.05","mGal","bouguer_anomaly"
"940394","-27.50000","-66.38020","-199.93","1515.00","","","5.45","mGal","bouguer_anomaly"
"940389","-27.35687","-66.36587","-194.10","3007.00","","","6.78","mGal","bouguer_anomaly"
"940399","-27.58131","-66.35433","-190.34","963.00","","","5.45","mGal","bouguer_anomaly"
"940396","-27.54480","-66.35050","-196.66","1064.00","","","6.97","mGal","bouguer_anomaly"
"949125","-27.62833","-66.33667","-182.31","955.00","","","3.98","mGal","bouguer_anomaly"
"949124","-27.59667","-66.32500","-186.90","1060.00","","","4.51","mGal","bouguer_anomaly"
"940397","-27.54067","-66.32318","-198.65","1132.00","","","7.10","mGal","bouguer_anomaly"
"940398","-27.56750","-66.31982","-194.25","1052.00","","","6.54","mGal","bouguer_anomaly"
"949123","-27.60833","-66.29667","-176.42","1014.55","","","5.21","mGal","bouguer_anomaly"
"949188","-28.34666","-66.28166","-103.15","845.99","","","3.31","mGal","bouguer_anomaly"
"949178","-27.68499","-66.27333","-177.55","828.99","","","3.82","mGal","bouguer_anomaly"
"949187","-28.28000","-66.25500","-110.21","884.34","","","3.71","mGal","bouguer_anomaly"
"949186","-28.20833","-66.23666","-119.60","887.59","","","3.84","mGal","bouguer_anomaly"
"949184","-28.10833","-66.22500","-130.89","856.47","","","4.09","mGal","bouguer_anomaly"
"949185","-28.17667","-66.22334","-124.95","880.00","","","4.30","mGal","bouguer_anomaly"
"949179","-27.74000","-66.22166","-167.73","772.16","","","4.35","mGal","bouguer_anomaly"
"949183","-28.00667","-66.22166","-134.32","831.39","","","4.57","mGal","bouguer_anomaly"
"949180","-27.78834","-66.20333","-152.27","772.63","","","4.70","mGal","bouguer_anomaly"
"949182","-27.93500","-66.19334","-137.53","796.12","","","6.03","mGal","bouguer_anomaly"
"949122","-27.64833","-66.17999","-154.03","1313.77","","","4.25","mGal","bouguer_anomaly"
"949181","-27.83500","-66.17167","-146.85","776.53","","","6.84","mGal","bouguer_anomaly"
"949121","-27.64666","-66.15500","-146.46","1843.15","","","4.65","mGal","bouguer_anomaly"
"949120","-27.63167","-66.12167","-146.07","1768.99","","","3.31","mGal","bouguer_anomaly"
"949119","-27.59333","-66.07000","-163.89","1700.34","","","3.34","mGal","bouguer_anomaly"
"949118","-27.56833","-66.04166","-165.30","1655.00","","","3.92","mGal","bouguer_anomaly"
"949117","-27.51500","-66.02834","-161.39","1610.43","","","4.70","mGal","bouguer_anomaly"
"949116","-27.48833","-66.02000","-166.41","1550.00","","","5.45","mGal","bouguer_anomaly"
"949115","-27.38667","-65.98333","-155.51","1671.59","","","8.14","mGal","bouguer_anomaly"
"940173","-27.90758","-65.87518","-108.04","1200.00","","","3.74","mGal","bouguer_anomaly"
"940172","-27.94402","-65.86197","-109.99","1164.00","","","3.42","mGal","bouguer_anomaly"
"940174","-27.85632","-65.85078","-115.61","1206.00","","","3.74","mGal","bouguer_anomaly"
"940171","-27.98055","-65.84024","-109.97","1112.00","","","3.23","mGal","bouguer_anomaly"
"940170","-28.02143","-65.83196","-103.87","1060.00","","","3.50","mGal","bouguer_anomaly"
"940175","-27.84673","-65.81763","-110.12","1292.00","","","2.24","mGal","bouguer_anomaly"
"940169","-28.05868","-65.81218","-103.70","1008.00","","","3.66","mGal","bouguer_anomaly"
"940186","-27.75440","-65.79832","-107.95","894.00","","","4.19","mGal","bouguer_anomaly"
"940168","-28.09952","-65.79686","-103.80","974.00","","","3.63","mGal","bouguer_anomaly"
"940187","-27.72489","-65.79430","-107.84","841.00","","","3.98","mGal","bouguer_anomaly"
"940188","-27.68586","-65.79282","-110.29","704.00","","","4.75","mGal","bouguer_anomaly"
"940167","-28.14008","-65.79096","-97.90","926.00","","","3.63","mGal","bouguer_anomaly"
"940185","-27.77923","-65.78812","-110.29","1017.00","","","3.02","mGal","bouguer_anomaly"
"949101","-27.58666","-65.61166","-114.98","369.00","","","1.44","mGal","bouguer_anomaly"
"949104","-27.43000","-65.61000","-117.14","370.00","","","1.68","mGal","bouguer_anomaly"
"949103","-27.51000","-65.61000","-118.84","366.60","","","1.50","mGal","bouguer_anomaly"
"949102","-27.53833","-65.61000","-118.18","367.62","","","1.44","mGal","bouguer_anomaly"
"949100","-27.59167","-65.60332","-113.55","368.26","","","1.39","mGal","bouguer_anomaly"
"949094","-27.77167","-65.58501","-95.13","437.69","","","1.47","mGal","bouguer_anomaly"
"949099","-27.61000","-65.58167","-111.19","366.54","","","1.20","mGal","bouguer_anomaly"
"949095","-27.76333","-65.58000","-94.97","438.15","","","1.36","mGal","bouguer_anomaly"
"949097","-27.71333","-65.57833","-104.67","421.80","","","1.20","mGal","bouguer_anomaly"
"949093","-27.76667","-65.57832","-94.32","440.93","","","1.34","mGal","bouguer_anomaly"
"949096","-27.73833","-65.57500","-99.34","429.35","","","1.23","mGal","bouguer_anomaly"
"949098","-27.63666","-65.57333","-110.49","368.97","","","1.15","mGal","bouguer_anomaly"
"949092","-27.76833","-65.55334","-93.09","414.43","","","1.12","mGal","bouguer_anomaly"
"949201","-27.37667","-65.55167","-117.04","355.00","","","1.47","mGal","bouguer_anomaly"
"949202","-27.39833","-65.52000","-115.03","347.00","","","1.20","mGal","bouguer_anomaly"
"949091","-27.77833","-65.50832","-91.17","391.91","","","0.83","mGal","bouguer_anomaly"
"949203","-27.41833","-65.48833","-113.83","341.00","","","0.99","mGal","bouguer_anomaly"
"949090","-27.78834","-65.46833","-85.78","359.86","","","0.67","mGal","bouguer_anomaly"
"949204","-27.42500","-65.45834","-111.69","335.00","","","0.85","mGal","bouguer_anomaly"
"949205","-27.44333","-65.43333","-110.35","329.00","","","0.72","mGal","bouguer_anomaly"
"962297","-28.29312","-66.39550","-149.78","729.00","","","3.87","mGal","bouguer_anomaly"
"940758","-28.11840","-66.37530","-167.02","727.00","","","1.25","mGal","bouguer_anomaly"
"940754","-27.71388","-66.37299","-179.34","802.00","","","2.35","mGal","bouguer_anomaly"
"940753","-27.67458","-66.35722","-181.44","830.00","","","3.02","mGal","bouguer_anomaly"
"962298","-28.29100","-66.34978","-141.50","756.00","","","4.78","mGal","bouguer_anomaly"
"962299","-28.31792","-66.34216","-131.29","773.00","","","4.41","mGal","bouguer_anomaly"
"940752","-27.63785","-66.34196","-180.37","894.00","","","3.90","mGal","bouguer_anomaly"
"940757","-28.14847","-66.33311","-159.97","749.00","","","1.66","mGal","bouguer_anomaly"
"940687","-27.61395","-66.32900","-171.79","1000.00","","","4.57","mGal","bouguer_anomaly"
"940686","-27.58050","-66.31416","-179.24","1087.00","","","5.55","mGal","bouguer_anomaly"
"940760","-28.14465","-66.29433","-137.90","784.00","","","2.16","mGal","bouguer_anomaly"
"940756","-28.15621","-66.28799","-130.56","791.00","","","2.30","mGal","bouguer_anomaly"
"940755","-28.16893","-66.24447","-125.24","833.00","","","3.44","mGal","bouguer_anomaly"
"940685","-28.17327","-66.21307","-123.72","883.00","","","4.91","mGal","bouguer_anomaly"
"940684","-28.17247","-66.21264","-125.87","873.00","","","4.99","mGal","bouguer_anomaly"
"940683","-28.18888","-66.19854","-121.38","940.00","","","5.61","mGal","bouguer_anomaly"
"940682","-28.20457","-66.16254","-119.43","1269.00","","","8.09","mGal","bouguer_anomaly"
"940680","-28.26597","-66.15759","-114.16","1395.00","","","10.55","mGal","bouguer_anomaly"
"940679","-28.29687","-66.15570","-112.85","1438.00","","","12.26","mGal","bouguer_anomaly"
"940681","-28.23118","-66.14280","-127.27","1512.00","","","9.56","mGal","bouguer_anomaly"
"940678","-28.33017","-66.13625","-115.66","1718.00","","","11.00","mGal","bouguer_anomaly"
"940592","-27.53773","-66.03078","-159.53","1673.00","","","4.03","mGal","bouguer_anomaly"
"940593","-27.43573","-65.99940","-154.88","1518.00","","","7.32","mGal","bouguer_anomaly"
"962341","-27.57696","-65.99654","-146.66","1834.00","","","4.43","mGal","bouguer_anomaly"
"940644","-27.87742","-65.98483","-119.75","1956.00","","","5.47","mGal","bouguer_anomaly"
"962340","-27.61930","-65.97015","-122.29","2002.00","","","7.48","mGal","bouguer_anomaly"
"940643","-27.91288","-65.96622","-120.03","1823.00","","","4.70","mGal","bouguer_anomaly"
"940642","-27.94598","-65.95195","-117.82","1742.00","","","4.51","mGal","bouguer_anomaly"
"940640","-27.99038","-65.94195","-116.32","1674.00","","","5.31","mGal","bouguer_anomaly"
"962339","-27.65663","-65.94194","-123.99","1909.00","","","5.93","mGal","bouguer_anomaly"
"940641","-27.96833","-65.93588","-115.73","1612.00","","","4.89","mGal","bouguer_anomaly"
"940639","-28.03183","-65.93562","-118.82","1813.00","","","5.18","mGal","bouguer_anomaly"
"962338","-27.68990","-65.92337","-124.67","1795.00","","","5.07","mGal","bouguer_anomaly"
"940638","-28.06560","-65.90473","-118.16","1630.00","","","4.59","mGal","bouguer_anomaly"
"962337","-27.72730","-65.90060","-116.43","1726.00","","","5.02","mGal","bouguer_anomaly"
"940637","-28.10067","-65.89581","-122.12","1505.00","","","5.37","mGal","bouguer_anomaly"
"940632","-28.30170","-65.89290","-98.67","1650.00","","","7.24","mGal","bouguer_anomaly"
"940636","-28.13630","-65.89015","-120.62","1591.00","","","5.53","mGal","bouguer_anomaly"
"940631","-28.32557","-65.88956","-100.44","1375.00","","","8.17","mGal","bouguer_anomaly"
"940635","-28.17048","-65.88258","-111.23","1430.00","","","5.79","mGal","bouguer_anomaly"
"962336","-27.75508","-65.88040","-108.38","1433.00","","","3.10","mGal","bouguer_anomaly"
"940633","-28.26122","-65.87497","-103.48","1405.00","","","5.69","mGal","bouguer_anomaly"
"962335","-27.78713","-65.87164","-112.67","1261.00","","","1.68","mGal","bouguer_anomaly"
"940634","-28.21193","-65.87005","-105.61","1271.00","","","5.66","mGal","bouguer_anomaly"
"962334","-27.82077","-65.85979","-114.60","1203.00","","","1.44","mGal","bouguer_anomaly"
"962333","-27.85927","-65.85173","-117.70","1204.00","","","1.44","mGal","bouguer_anomaly"
"940184","-27.80631","-65.78262","-110.22","1205.00","","","2.30","mGal","bouguer_anomaly"
"940176","-27.83321","-65.78095","-112.55","1396.00","","","2.43","mGal","bouguer_anomaly"
"940166","-28.18076","-65.77735","-94.30","872.00","","","3.60","mGal","bouguer_anomaly"
"940189","-27.67359","-65.76949","-113.96","653.00","","","3.58","mGal","bouguer_anomaly"
"940165","-28.21965","-65.75910","-87.00","821.00","","","3.68","mGal","bouguer_anomaly"
"940190","-27.66399","-65.75893","-111.99","700.00","","","2.91","mGal","bouguer_anomaly"
"949239","-27.66333","-65.75834","-116.53","625.00","","","3.18","mGal","bouguer_anomaly"
"940177","-27.86863","-65.75235","-109.31","1258.00","","","2.00","mGal","bouguer_anomaly"
"940191","-27.63418","-65.74498","-100.73","502.00","","","3.87","mGal","bouguer_anomaly"
"940164","-28.24810","-65.74325","-84.32","783.00","","","3.39","mGal","bouguer_anomaly"
"940163","-28.28372","-65.72422","-81.91","700.00","","","3.04","mGal","bouguer_anomaly"
"940178","-27.89250","-65.71693","-94.90","1238.00","","","2.32","mGal","bouguer_anomaly"
"940192","-27.61506","-65.71097","-95.20","443.00","","","2.72","mGal","bouguer_anomaly"
"940162","-28.32513","-65.70808","-76.81","635.00","","","3.15","mGal","bouguer_anomaly"
"940179","-27.92768","-65.69787","-91.09","1251.00","","","2.22","mGal","bouguer_anomaly"
"940180","-27.97065","-65.69212","-82.22","1149.00","","","2.06","mGal","bouguer_anomaly"
"940181","-28.01360","-65.68540","-79.91","1095.00","","","2.11","mGal","bouguer_anomaly"
"940182","-28.05570","-65.68235","-77.49","1026.00","","","2.16","mGal","bouguer_anomaly"
"940193","-27.62107","-65.66936","-97.78","409.00","","","2.08","mGal","bouguer_anomaly"
"940183","-28.09531","-65.66448","-76.30","938.00","","","1.98","mGal","bouguer_anomaly"
"940148","-28.17020","-65.64553","-82.19","847.00","","","2.00","mGal","bouguer_anomaly"
"940149","-28.21345","-65.63918","-75.35","813.00","","","2.00","mGal","bouguer_anomaly"
"940194","-27.60289","-65.63837","-109.36","385.00","","","1.71","mGal","bouguer_anomaly"
"940147","-28.14151","-65.63537","-80.74","960.00","","","1.60","mGal","bouguer_anomaly"
"940150","-28.25667","-65.62808","-72.70","781.00","","","2.40","mGal","bouguer_anomaly"
"940146","-28.12529","-65.62605","-81.02","1217.00","","","2.43","mGal","bouguer_anomaly"
"940196","-27.46647","-65.61871","-119.00","366.00","","","1.66","mGal","bouguer_anomaly"
"949306","-27.57694","-65.61305","-115.75","366.00","","","1.47","mGal","bouguer_anomaly"
"940151","-28.29669","-65.61233","-69.40","759.00","","","3.50","mGal","bouguer_anomaly"
"940152","-28.33965","-65.60982","-67.81","750.00","","","4.99","mGal","bouguer_anomaly"
"940145","-28.10693","-65.60370","-75.55","898.00","","","1.74","mGal","bouguer_anomaly"
"940144","-28.06126","-65.59978","-71.93","637.00","","","2.54","mGal","bouguer_anomaly"
"940197","-27.39615","-65.59599","-116.46","364.00","","","1.74","mGal","bouguer_anomaly"
"940611","-28.03673","-65.59548","-71.98","577.00","","","2.67","mGal","bouguer_anomaly"
"940138","-27.80927","-65.58473","-88.28","445.00","","","1.68","mGal","bouguer_anomaly"
"940143","-28.02245","-65.58456","-68.83","521.00","","","2.27","mGal","bouguer_anomaly"
"940610","-28.01378","-65.58218","-69.21","505.00","","","2.19","mGal","bouguer_anomaly"
"940195","-27.67912","-65.57457","-106.88","399.00","","","1.15","mGal","bouguer_anomaly"
"940139","-27.85317","-65.57133","-82.84","441.00","","","1.63","mGal","bouguer_anomaly"
"940142","-27.98165","-65.56982","-68.87","482.00","","","1.76","mGal","bouguer_anomaly"
"940141","-27.93945","-65.56275","-75.85","469.00","","","1.55","mGal","bouguer_anomaly"
"940140","-27.89623","-65.56144","-79.50","458.00","","","1.52","mGal","bouguer_anomaly"
"949218","-27.60167","-65.55833","-111.05","362.00","","","1.04","mGal","bouguer_anomaly"
"949240","-27.99666","-65.55333","-71.63","475.00","","","1.47","mGal","bouguer_anomaly"
"949307","-27.65305","-65.54279","-110.59","357.48","","","1.01","mGal","bouguer_anomaly"
"940609","-28.01190","-65.54170","-66.87","493.00","","","1.25","mGal","bouguer_anomaly"
"949308","-27.65945","-65.51139","-105.25","359.22","","","0.80","mGal","bouguer_anomaly"
"949309","-27.69279","-65.51028","-101.57","372.13","","","0.80","mGal","bouguer_anomaly"
"940608","-28.03678","-65.50522","-66.64","494.00","","","0.91","mGal","bouguer_anomaly"
"949324","-28.04721","-65.50500","-64.59","500.29","","","0.91","mGal","bouguer_anomaly"
"949248","-27.60861","-65.50305","-113.80","316.87","","","0.88","mGal","bouguer_anomaly"
"949310","-27.73250","-65.50055","-96.24","363.99","","","0.80","mGal","bouguer_anomaly"
"949323","-28.04221","-65.50028","-64.98","497.46","","","0.88","mGal","bouguer_anomaly"
"949312","-27.70695","-65.48195","-99.30","349.59","","","0.72","mGal","bouguer_anomaly"
"949311","-27.74305","-65.48029","-93.05","350.52","","","0.72","mGal","bouguer_anomaly"
"949313","-27.66638","-65.47833","-103.77","336.39","","","0.69","mGal","bouguer_anomaly"
"949314","-27.70055","-65.47195","-99.27","344.72","","","0.67","mGal","bouguer_anomaly"
"940607","-28.05178","-65.46146","-65.95","462.00","","","0.75","mGal","bouguer_anomaly"
"949325","-28.06779","-65.44861","-64.55","458.45","","","0.75","mGal","bouguer_anomaly"
"949322","-28.00361","-65.44500","-64.95","433.64","","","0.64","mGal","bouguer_anomaly"
"949249","-27.64971","-65.43972","-106.24","313.20","","","0.64","mGal","bouguer_anomaly"
"949253","-27.60445","-65.43251","-110.35","323.26","","","0.59","mGal","bouguer_anomaly"
"940606","-28.08123","-65.42408","-60.59","466.00","","","0.64","mGal","bouguer_anomaly"
"949321","-27.95861","-65.41805","-65.50","409.49","","","0.51","mGal","bouguer_anomaly"
"949316","-27.75333","-65.41555","-84.06","326.38","","","0.51","mGal","bouguer_anomaly"
"949317","-27.79667","-65.41471","-80.23","342.00","","","0.51","mGal","bouguer_anomaly"
"949315","-27.70889","-65.41278","-92.18","311.95","","","0.53","mGal","bouguer_anomaly"
"949254","-27.55805","-65.40916","-111.71","322.34","","","0.53","mGal","bouguer_anomaly"
"949206","-27.46000","-65.40667","-107.77","324.00","","","0.64","mGal","bouguer_anomaly"
"949089","-27.79667","-65.40166","-75.33","337.81","","","0.48","mGal","bouguer_anomaly"
"949257","-27.62612","-65.39861","-104.66","320.83","","","0.48","mGal","bouguer_anomaly"
"949320","-27.91444","-65.39138","-65.18","376.78","","","0.43","mGal","bouguer_anomaly"
"949256","-27.57750","-65.38778","-109.68","318.09","","","0.45","mGal","bouguer_anomaly"
"940617","-28.33968","-65.38443","-53.47","1046.00","","","1.44","mGal","bouguer_anomaly"
"940605","-28.10003","-65.38405","-54.00","500.00","","","0.51","mGal","bouguer_anomaly"
"949250","-27.68000","-65.38084","-96.75","290.64","","","0.48","mGal","bouguer_anomaly"
"949207","-27.47333","-65.38000","-106.15","319.00","","","0.53","mGal","bouguer_anomaly"
"949255","-27.52944","-65.37445","-109.68","313.82","","","0.48","mGal","bouguer_anomaly"
"949088","-27.80333","-65.37000","-70.69","336.17","","","0.37","mGal","bouguer_anomaly"
"949326","-28.10472","-65.36833","-53.73","492.84","","","0.48","mGal","bouguer_anomaly"
"949342","-28.31111","-65.36472","-55.34","950.00","","","1.17","mGal","bouguer_anomaly"
"940616","-28.30707","-65.36321","-54.64","950.00","","","1.20","mGal","bouguer_anomaly"
"949208","-27.48833","-65.35501","-105.68","313.00","","","0.48","mGal","bouguer_anomaly"
"949259","-27.67028","-65.35166","-89.11","314.27","","","0.35","mGal","bouguer_anomaly"
"940615","-28.29753","-65.34835","-53.24","905.00","","","1.09","mGal","bouguer_anomaly"
"949219","-27.63833","-65.34167","-95.36","302.00","","","0.37","mGal","bouguer_anomaly"
"949319","-27.88000","-65.33887","-61.78","363.79","","","0.29","mGal","bouguer_anomaly"
"940604","-28.10312","-65.33673","-49.72","467.00","","","0.43","mGal","bouguer_anomaly"
"949087","-27.80833","-65.33334","-67.61","337.62","","","0.29","mGal","bouguer_anomaly"
"949252","-27.63666","-65.32639","-92.60","290.04","","","0.35","mGal","bouguer_anomaly"
"949209","-27.49666","-65.32500","-103.22","306.00","","","0.43","mGal","bouguer_anomaly"
"949258","-27.68833","-65.32362","-82.96","306.20","","","0.29","mGal","bouguer_anomaly"
"940614","-28.26573","-65.32362","-50.74","795.00","","","0.83","mGal","bouguer_anomaly"
"949318","-27.81555","-65.32305","-65.74","342.72","","","0.27","mGal","bouguer_anomaly"
"949071","-27.37166","-65.31000","-97.43","310.00","","","0.51","mGal","bouguer_anomaly"
"949327","-28.11278","-65.30500","-48.16","467.11","","","0.37","mGal","bouguer_anomaly"
"949251","-27.63611","-65.30054","-88.75","280.90","","","0.32","mGal","bouguer_anomaly"
"962223","-28.29550","-65.29850","-43.89","772.00","","","0.85","mGal","bouguer_anomaly"
"949210","-27.50500","-65.29833","-100.45","299.00","","","0.37","mGal","bouguer_anomaly"
"940603","-28.11482","-65.29775","-45.92","481.00","","","0.37","mGal","bouguer_anomaly"
"940613","-28.23655","-65.29333","-45.27","709.00","","","0.64","mGal","bouguer_anomaly"
"949086","-27.82000","-65.28667","-63.29","339.34","","","0.21","mGal","bouguer_anomaly"
"949070","-27.42500","-65.28500","-90.86","303.88","","","0.40","mGal","bouguer_anomaly"
"949305","-27.72667","-65.28471","-71.89","313.22","","","0.21","mGal","bouguer_anomaly"
"949304","-27.75167","-65.28138","-70.37","314.17","","","0.21","mGal","bouguer_anomaly"
"949303","-27.78612","-65.27862","-66.00","325.18","","","0.19","mGal","bouguer_anomaly"
"949211","-27.50834","-65.27666","-94.94","298.00","","","0.32","mGal","bouguer_anomaly"
"949085","-27.82500","-65.26667","-60.25","339.02","","","0.19","mGal","bouguer_anomaly"
"949068","-27.54667","-65.26334","-91.71","295.39","","","0.27","mGal","bouguer_anomaly"
"949069","-27.51666","-65.26334","-95.42","298.00","","","0.27","mGal","bouguer_anomaly"
"949067","-27.62333","-65.26166","-90.18","291.80","","","0.24","mGal","bouguer_anomaly"
"962224","-28.30933","-65.25650","-36.29","731.00","","","0.67","mGal","bouguer_anomaly"
"940612","-28.21027","-65.25639","-39.77","645.00","","","0.51","mGal","bouguer_anomaly"
"940602","-28.13012","-65.25027","-43.41","509.00","","","0.29","mGal","bouguer_anomaly"
"949260","-27.64583","-65.24889","-72.93","289.00","","","0.21","mGal","bouguer_anomaly"
"949343","-28.31361","-65.24417","-33.53","711.06","","","0.61","mGal","bouguer_anomaly"
"949066","-27.65000","-65.24332","-71.54","289.19","","","0.19","mGal","bouguer_anomaly"
"949212","-27.51000","-65.24167","-89.78","293.00","","","0.27","mGal","bouguer_anomaly"
"949065","-27.67500","-65.23500","-65.44","291.00","","","0.16","mGal","bouguer_anomaly"
"949084","-27.83333","-65.23000","-58.19","340.09","","","0.16","mGal","bouguer_anomaly"
"949064","-27.70833","-65.22667","-63.41","293.62","","","0.16","mGal","bouguer_anomaly"
"940601","-28.15878","-65.22217","-38.59","504.00","","","0.29","mGal","bouguer_anomaly"
"949063","-27.74500","-65.22000","-65.11","303.96","","","0.16","mGal","bouguer_anomaly"
"949328","-28.20445","-65.21500","-34.04","542.02","","","0.35","mGal","bouguer_anomaly"
"940600","-28.20080","-65.21231","-35.06","533.00","","","0.32","mGal","bouguer_anomaly"
"962225","-28.32317","-65.20950","-28.90","616.00","","","0.43","mGal","bouguer_anomaly"
"949213","-27.50667","-65.20667","-83.19","288.00","","","0.21","mGal","bouguer_anomaly"
"949062","-27.78166","-65.20667","-63.06","316.21","","","0.11","mGal","bouguer_anomaly"
"949083","-27.83666","-65.20500","-56.43","338.96","","","0.13","mGal","bouguer_anomaly"
"949061","-27.81333","-65.19833","-58.32","329.70","","","0.13","mGal","bouguer_anomaly"
"949302","-27.83529","-65.19695","-56.77","336.73","","","0.13","mGal","bouguer_anomaly"
"949082","-27.85166","-65.19000","-54.45","343.29","","","0.13","mGal","bouguer_anomaly"
"949220","-27.66166","-65.18500","-64.53","296.00","","","0.11","mGal","bouguer_anomaly"
"949081","-27.88000","-65.18166","-51.76","349.97","","","0.13","mGal","bouguer_anomaly"
"949080","-27.90333","-65.18000","-48.89","359.86","","","0.13","mGal","bouguer_anomaly"
"962226","-28.34767","-65.17649","-19.45","525.00","","","0.24","mGal","bouguer_anomaly"
"949214","-27.51333","-65.17501","-76.60","281.00","","","0.16","mGal","bouguer_anomaly"
"949079","-27.92833","-65.17167","-45.84","367.41","","","0.13","mGal","bouguer_anomaly"
"949041","-27.95333","-65.16667","-50.81","337.40","","","0.21","mGal","bouguer_anomaly"
"940599","-28.19672","-65.16313","-33.19","520.00","","","0.27","mGal","bouguer_anomaly"
"949129","-27.97333","-65.16167","-41.32","385.33","","","0.13","mGal","bouguer_anomaly"
"949130","-27.99999","-65.15667","-41.18","389.86","","","0.13","mGal","bouguer_anomaly"
"949215","-27.51834","-65.15166","-71.39","279.00","","","0.13","mGal","bouguer_anomaly"
"949131","-28.03000","-65.14667","-38.28","414.00","","","0.13","mGal","bouguer_anomaly"
"949132","-28.05666","-65.14500","-36.62","430.45","","","0.13","mGal","bouguer_anomaly"
"949221","-27.66167","-65.14500","-63.31","288.00","","","0.08","mGal","bouguer_anomaly"
"949040","-27.94167","-65.14333","-42.38","366.42","","","0.16","mGal","bouguer_anomaly"
"949042","-27.94667","-65.13834","-40.47","364.35","","","0.16","mGal","bouguer_anomaly"
"949133","-28.08166","-65.13666","-35.07","439.28","","","0.13","mGal","bouguer_anomaly"
"949134","-28.10833","-65.13000","-34.83","445.64","","","0.13","mGal","bouguer_anomaly"
"949034","-27.78500","-65.12500","-48.96","322.65","","","0.08","mGal","bouguer_anomaly"
"949039","-27.91833","-65.12500","-43.39","350.58","","","0.13","mGal","bouguer_anomaly"
"949135","-28.13500","-65.12334","-36.65","460.77","","","0.16","mGal","bouguer_anomaly"
"949035","-27.82166","-65.11833","-49.38","327.94","","","0.11","mGal","bouguer_anomaly"
"949136","-28.16167","-65.11667","-35.63","467.98","","","0.16","mGal","bouguer_anomaly"
"949216","-27.52833","-65.11333","-64.96","276.00","","","0.08","mGal","bouguer_anomaly"
"949036","-27.84666","-65.11333","-47.87","334.14","","","0.13","mGal","bouguer_anomaly"
"949295","-28.19583","-65.11195","-30.69","480.00","","","0.19","mGal","bouguer_anomaly"
"949037","-27.87500","-65.11166","-46.87","340.64","","","0.11","mGal","bouguer_anomaly"
"949038","-27.89833","-65.11166","-44.04","344.39","","","0.13","mGal","bouguer_anomaly"
"949137","-28.18666","-65.11166","-31.82","476.92","","","0.16","mGal","bouguer_anomaly"
"949138","-28.21333","-65.10834","-28.85","486.27","","","0.19","mGal","bouguer_anomaly"
"949139","-28.24000","-65.10833","-26.21","489.57","","","0.19","mGal","bouguer_anomaly"
"940598","-28.19562","-65.10744","-30.60","480.00","","","0.16","mGal","bouguer_anomaly"
"949140","-28.26666","-65.10667","-23.26","486.96","","","0.21","mGal","bouguer_anomaly"
"962229","-28.19600","-65.10650","-28.63","482.00","","","0.13","mGal","bouguer_anomaly"
"949043","-27.94500","-65.10500","-37.79","359.18","","","0.16","mGal","bouguer_anomaly"
"949142","-28.32167","-65.10333","-9.53","471.28","","","0.21","mGal","bouguer_anomaly"
"949141","-28.29500","-65.10333","-18.31","482.58","","","0.21","mGal","bouguer_anomaly"
"949143","-28.34666","-65.10000","-5.47","455.39","","","0.21","mGal","bouguer_anomaly"
"949033","-27.79333","-65.09333","-44.89","330.97","","","0.08","mGal","bouguer_anomaly"
"949222","-27.65666","-65.09167","-57.44","290.00","","","0.05","mGal","bouguer_anomaly"
"949044","-27.93833","-65.08167","-32.34","365.59","","","0.11","mGal","bouguer_anomaly"
"949032","-27.79167","-65.06833","-42.27","329.00","","","0.08","mGal","bouguer_anomaly"
"949045","-27.93499","-65.05333","-24.70","399.39","","","0.08","mGal","bouguer_anomaly"
"949031","-27.75333","-65.03333","-42.46","317.93","","","0.08","mGal","bouguer_anomaly"
"949030","-27.73667","-65.02666","-43.07","312.29","","","0.08","mGal","bouguer_anomaly"
"949046","-27.92833","-65.02167","-22.14","402.94","","","0.08","mGal","bouguer_anomaly"
"949296","-28.17500","-65.01639","-15.16","453.74","","","0.11","mGal","bouguer_anomaly"
"949029","-27.72000","-65.00666","-42.63","309.83","","","0.08","mGal","bouguer_anomaly"
"949223","-27.69167","-65.00166","-45.17","300.00","","","0.11","mGal","bouguer_anomaly"
"949028","-27.69666","-64.99667","-43.81","304.83","","","0.08","mGal","bouguer_anomaly"
"949047","-27.92334","-64.98666","-21.88","409.06","","","0.08","mGal","bouguer_anomaly"
"949027","-27.67666","-64.98500","-44.58","299.13","","","0.05","mGal","bouguer_anomaly"
"949026","-27.65666","-64.96499","-45.90","297.11","","","0.03","mGal","bouguer_anomaly"
"949025","-27.63000","-64.96167","-48.17","282.55","","","0.05","mGal","bouguer_anomaly"
"949017","-27.37000","-64.95667","-60.24","297.64","","","0.00","mGal","bouguer_anomaly"
"949048","-27.91500","-64.95667","-21.06","436.10","","","0.11","mGal","bouguer_anomaly"
"949297","-28.16138","-64.94666","-13.36","481.60","","","0.11","mGal","bouguer_anomaly"
"949024","-27.60834","-64.94500","-49.25","278.87","","","0.03","mGal","bouguer_anomaly"
"949018","-27.42167","-64.93167","-58.96","296.94","","","-0.03","mGal","bouguer_anomaly"
"949224","-27.59167","-64.93000","-57.83","276.00","","","0.03","mGal","bouguer_anomaly"
"949049","-27.90833","-64.92667","-19.11","461.08","","","0.11","mGal","bouguer_anomaly"
"949217","-27.45000","-64.90833","-58.86","281.50","","","0.00","mGal","bouguer_anomaly"
"949019","-27.47000","-64.90166","-61.45","283.00","","","-0.03","mGal","bouguer_anomaly"
"949050","-27.89833","-64.89833","-21.81","454.51","","","0.13","mGal","bouguer_anomaly"
"949020","-27.48500","-64.87833","-54.32","276.85","","","-0.03","mGal","bouguer_anomaly"
"949051","-27.89000","-64.87000","-22.04","469.67","","","0.13","mGal","bouguer_anomaly"
"949023","-27.52166","-64.86833","-51.70","259.09","","","0.03","mGal","bouguer_anomaly"
"949298","-28.14583","-64.86612","-21.02","549.87","","","0.24","mGal","bouguer_anomaly"
"949261","-27.49861","-64.86112","-49.36","265.00","","","0.00","mGal","bouguer_anomaly"
"940304","-27.49590","-64.85905","-49.21","265.00","","","0.00","mGal","bouguer_anomaly"
"962256","-27.50717","-64.85067","-47.17","261.00","","","-0.13","mGal","bouguer_anomaly"
"949021","-27.48333","-64.85000","-49.67","266.00","","","0.00","mGal","bouguer_anomaly"
"949022","-27.50666","-64.84834","-48.24","252.58","","","0.03","mGal","bouguer_anomaly"
"949052","-27.88167","-64.84500","-17.06","468.90","","","0.13","mGal","bouguer_anomaly"
"940303","-27.46400","-64.83975","-47.59","281.00","","","0.00","mGal","bouguer_anomaly"
"949299","-28.13666","-64.82888","-25.49","661.64","","","0.64","mGal","bouguer_anomaly"
"940302","-27.42503","-64.81844","-48.26","302.00","","","-0.03","mGal","bouguer_anomaly"
"962255","-27.53450","-64.81384","-43.50","296.00","","","-0.08","mGal","bouguer_anomaly"
"949262","-27.53917","-64.80583","-52.67","269.85","","","0.05","mGal","bouguer_anomaly"
"940301","-27.38610","-64.79755","-50.44","289.00","","","0.00","mGal","bouguer_anomaly"
"949055","-27.99999","-64.79333","-39.05","481.00","","","0.19","mGal","bouguer_anomaly"
"949054","-27.94333","-64.79000","-34.38","489.30","","","0.19","mGal","bouguer_anomaly"
"949263","-27.62222","-64.78945","-61.21","276.56","","","0.11","mGal","bouguer_anomaly"
"949053","-27.91667","-64.78334","-32.56","454.03","","","0.16","mGal","bouguer_anomaly"
"949300","-28.12138","-64.77972","-42.63","427.93","","","0.16","mGal","bouguer_anomaly"
"949301","-28.20695","-64.77778","-36.74","412.95","","","0.16","mGal","bouguer_anomaly"
"949264","-27.55471","-64.77388","-62.81","238.31","","","0.05","mGal","bouguer_anomaly"
"949281","-28.27638","-64.77361","-32.35","377.53","","","0.13","mGal","bouguer_anomaly"
"949282","-28.31416","-64.77029","-35.10","369.75","","","0.13","mGal","bouguer_anomaly"
"949056","-28.09000","-64.76667","-44.36","421.86","","","0.13","mGal","bouguer_anomaly"
"962254","-27.55899","-64.76600","-56.19","275.00","","","-0.11","mGal","bouguer_anomaly"
"962230","-28.10149","-64.74200","-45.36","406.00","","","0.16","mGal","bouguer_anomaly"
"949057","-28.10166","-64.73000","-46.23","401.55","","","0.11","mGal","bouguer_anomaly"
"962253","-27.58083","-64.72416","-38.38","292.00","","","-0.05","mGal","bouguer_anomaly"
"962231","-28.07682","-64.69783","-43.78","454.00","","","0.27","mGal","bouguer_anomaly"
"949265","-27.59805","-64.68945","-38.77","287.23","","","0.11","mGal","bouguer_anomaly"
"962252","-27.60299","-64.67917","-33.24","314.00","","","-0.03","mGal","bouguer_anomaly"
"962232","-28.05100","-64.65134","-43.08","423.00","","","0.27","mGal","bouguer_anomaly"
"949350","-28.04333","-64.64195","-45.09","378.62","","","0.11","mGal","bouguer_anomaly"
"962251","-27.62517","-64.63550","-33.15","303.00","","","0.00","mGal","bouguer_anomaly"
"962233","-28.02367","-64.61150","-27.15","388.00","","","0.19","mGal","bouguer_anomaly"
"949268","-27.71083","-64.61055","-31.01","275.95","","","0.08","mGal","bouguer_anomaly"
"949349","-28.13278","-64.60055","-30.22","283.71","","","0.05","mGal","bouguer_anomaly"
"962250","-27.64667","-64.59450","-31.29","314.00","","","0.03","mGal","bouguer_anomaly"
"962234","-28.00566","-64.58617","-21.46","357.00","","","0.13","mGal","bouguer_anomaly"
"949266","-27.65112","-64.58445","-34.60","309.48","","","0.05","mGal","bouguer_anomaly"
"949347","-28.22333","-64.58166","-32.51","264.01","","","0.05","mGal","bouguer_anomaly"
"949348","-28.18250","-64.57999","-31.68","257.66","","","0.05","mGal","bouguer_anomaly"
"949267","-27.68778","-64.57471","-31.81","281.74","","","0.05","mGal","bouguer_anomaly"
"962235","-27.98700","-64.55884","-20.05","337.00","","","0.11","mGal","bouguer_anomaly"
"962249","-27.66983","-64.54933","-28.99","304.00","","","0.03","mGal","bouguer_anomaly"
"949345","-28.26362","-64.53445","-28.74","223.21","","","0.03","mGal","bouguer_anomaly"
"949346","-28.19667","-64.53138","-26.89","240.15","","","0.03","mGal","bouguer_anomaly"
"949344","-28.30361","-64.52500","-26.38","207.83","","","0.03","mGal","bouguer_anomaly"
"962236","-27.95967","-64.52000","-25.28","308.00","","","0.08","mGal","bouguer_anomaly"
"962248","-27.69167","-64.50567","-26.28","245.00","","","-0.05","mGal","bouguer_anomaly"
"949058","-27.94167","-64.49000","-28.60","278.42","","","0.03","mGal","bouguer_anomaly"
"962237","-27.93217","-64.47967","-27.73","281.00","","","0.03","mGal","bouguer_anomaly"
"962247","-27.71400","-64.46117","-24.08","243.00","","","-0.03","mGal","bouguer_anomaly"
"949269","-27.71528","-64.45834","-25.66","238.76","","","0.03","mGal","bouguer_anomaly"
"962238","-27.90483","-64.44033","-28.43","261.00","","","0.00","mGal","bouguer_anomaly"
"962246","-27.73583","-64.41866","-26.73","235.00","","","-0.03","mGal","bouguer_anomaly"
"962239","-27.87500","-64.39900","-26.53","244.00","","","0.00","mGal","bouguer_anomaly"
"949059","-27.87167","-64.39167","-26.01","239.32","","","0.03","mGal","bouguer_anomaly"
"962245","-27.75833","-64.37417","-27.52","211.00","","","-0.05","mGal","bouguer_anomaly"
"962240","-27.85032","-64.36034","-25.01","227.00","","","-0.03","mGal","bouguer_anomaly"
"962244","-27.76632","-64.33250","-27.75","199.00","","","-0.05","mGal","bouguer_anomaly"
"962241","-27.82567","-64.32034","-26.09","203.00","","","-0.05","mGal","bouguer_anomaly"
"949060","-27.76666","-64.30000","-30.02","200.00","","","0.00","mGal","bouguer_anomaly"
"962243","-27.75450","-64.29783","-31.39","193.00","","","-0.05","mGal","bouguer_anomaly"
"949275","-28.34445","-64.29695","-32.22","137.05","","","-0.03","mGal","bouguer_anomaly"
"962242","-27.79317","-64.26700","-38.68","184.11","","","-0.05","mGal","bouguer_anomaly"
"949270","-27.78417","-64.25471","-41.53","183.93","","","0.00","mGal","bouguer_anomaly"
"949351","-27.73249","-64.23972","-44.46","189.26","","","0.00","mGal","bouguer_anomaly"
"949271","-27.88250","-64.22945","-43.96","173.00","","","-0.03","mGal","bouguer_anomaly"
"949272","-28.05445","-64.20417","-27.89","165.30","","","-0.03","mGal","bouguer_anomaly"
"949274","-28.30055","-64.18388","-26.92","137.00","","","-0.03","mGal","bouguer_anomaly"
"949273","-28.19028","-64.16278","-32.23","148.85","","","-0.03","mGal","bouguer_anomaly"
"960002","-27.06416","-70.82050","63.38","18.90","","","1.01","mGal","bouguer_anomaly"
"961013","-27.15695","-70.80167","58.28","111.00","","","1.09","mGal","bouguer_anomaly"
"961014","-27.11971","-70.80111","60.55","104.00","","","1.20","mGal","bouguer_anomaly"
"961015","-27.07583","-70.80001","58.70","57.00","","","1.31","mGal","bouguer_anomaly"
"961180","-26.91047","-70.79263","59.81","87.00","","","1.39","mGal","bouguer_anomaly"
"961181","-26.86194","-70.79213","61.44","56.00","","","1.39","mGal","bouguer_anomaly"
"961177","-27.03761","-70.79070","58.01","51.00","","","1.07","mGal","bouguer_anomaly"
"961012","-27.20695","-70.78999","39.97","174.00","","","0.75","mGal","bouguer_anomaly"
"961182","-26.81822","-70.78650","60.11","70.00","","","0.88","mGal","bouguer_anomaly"
"961179","-26.95375","-70.78602","54.34","50.00","","","1.01","mGal","bouguer_anomaly"
"961178","-26.99490","-70.78197","52.32","10.00","","","1.09","mGal","bouguer_anomaly"
"961011","-27.23257","-70.77555","26.79","165.00","","","0.80","mGal","bouguer_anomaly"
"961183","-26.78198","-70.76808","57.16","58.00","","","1.20","mGal","bouguer_anomaly"
"961297","-27.09165","-70.76517","52.22","126.00","","","0.99","mGal","bouguer_anomaly"
"961010","-27.27388","-70.76250","15.35","215.00","","","0.77","mGal","bouguer_anomaly"
"961580","-26.78293","-70.75027","51.35","118.00","","","1.39","mGal","bouguer_anomaly"
"961185","-26.71322","-70.73735","50.02","66.00","","","1.52","mGal","bouguer_anomaly"
"961009","-27.31943","-70.73305","1.80","230.00","","","0.96","mGal","bouguer_anomaly"
"961184","-26.75295","-70.73158","48.15","9.00","","","2.00","mGal","bouguer_anomaly"
"961186","-26.67172","-70.71719","46.64","9.00","","","2.24","mGal","bouguer_anomaly"
"961296","-27.09534","-70.71305","39.47","224.00","","","1.42","mGal","bouguer_anomaly"
"961187","-26.62927","-70.70576","41.64","31.00","","","1.28","mGal","bouguer_anomaly"
"961579","-26.78467","-70.70573","37.42","153.00","","","1.58","mGal","bouguer_anomaly"
"961190","-26.49382","-70.69437","51.98","8.00","","","1.07","mGal","bouguer_anomaly"
"961008","-27.34222","-70.69167","-5.32","186.00","","","1.20","mGal","bouguer_anomaly"
"961192","-26.41150","-70.69149","51.51","22.00","","","0.96","mGal","bouguer_anomaly"
"961189","-26.53325","-70.69012","47.80","23.00","","","1.34","mGal","bouguer_anomaly"
"961188","-26.58153","-70.68658","37.47","34.00","","","1.42","mGal","bouguer_anomaly"
"961578","-26.81998","-70.68432","27.48","261.00","","","1.52","mGal","bouguer_anomaly"
"961191","-26.45262","-70.68054","43.95","24.00","","","1.28","mGal","bouguer_anomaly"
"961564","-26.55718","-70.66933","35.44","34.00","","","1.66","mGal","bouguer_anomaly"
"961193","-26.38330","-70.66313","43.01","10.00","","","1.25","mGal","bouguer_anomaly"
"961577","-26.85535","-70.66053","24.41","360.00","","","1.66","mGal","bouguer_anomaly"
"961295","-27.09742","-70.65506","24.92","375.00","","","1.20","mGal","bouguer_anomaly"
"961576","-26.88372","-70.62313","15.52","445.00","","","1.68","mGal","bouguer_anomaly"
"961563","-26.56678","-70.62225","23.18","127.00","","","1.63","mGal","bouguer_anomaly"
"961294","-27.12175","-70.61214","13.16","430.00","","","1.31","mGal","bouguer_anomaly"
"961006","-27.33945","-70.61054","-23.50","185.00","","","1.84","mGal","bouguer_anomaly"
"961575","-26.90605","-70.58881","15.54","518.00","","","1.66","mGal","bouguer_anomaly"
"961562","-26.57324","-70.57768","16.80","221.00","","","2.00","mGal","bouguer_anomaly"
"961293","-27.14440","-70.56789","-3.78","481.00","","","1.55","mGal","bouguer_anomaly"
"961005","-27.32638","-70.56388","-28.36","210.00","","","2.24","mGal","bouguer_anomaly"
"961565","-26.59868","-70.55050","6.93","318.00","","","2.48","mGal","bouguer_anomaly"
"961566","-26.64172","-70.54425","4.04","417.00","","","2.27","mGal","bouguer_anomaly"
"961574","-26.91277","-70.54310","14.20","598.00","","","2.27","mGal","bouguer_anomaly"
"961561","-26.56502","-70.53300","2.54","325.00","","","1.87","mGal","bouguer_anomaly"
"961292","-27.16553","-70.53162","-20.30","562.00","","","1.44","mGal","bouguer_anomaly"
"961212","-26.35989","-70.51206","3.08","155.00","","","2.19","mGal","bouguer_anomaly"
"961004","-27.31027","-70.51056","-37.37","239.00","","","2.62","mGal","bouguer_anomaly"
"961573","-26.92695","-70.50020","-2.74","684.00","","","1.76","mGal","bouguer_anomaly"
"961567","-26.66300","-70.50011","0.97","509.00","","","1.82","mGal","bouguer_anomaly"
"961560","-26.54972","-70.49181","-3.93","427.00","","","1.90","mGal","bouguer_anomaly"
"961291","-27.17146","-70.48719","-27.68","704.00","","","1.58","mGal","bouguer_anomaly"
"961290","-27.13675","-70.46436","-29.32","773.00","","","1.87","mGal","bouguer_anomaly"
"961003","-27.29222","-70.46278","-44.22","263.00","","","3.90","mGal","bouguer_anomaly"
"961289","-27.15967","-70.42651","-39.67","816.00","","","1.71","mGal","bouguer_anomaly"
"961572","-26.93856","-70.45679","-17.89","763.00","","","1.71","mGal","bouguer_anomaly"
"961568","-26.67907","-70.45372","-5.36","591.00","","","2.14","mGal","bouguer_anomaly"
"961559","-26.55492","-70.44833","0.58","522.00","","","1.76","mGal","bouguer_anomaly"
"961569","-26.69226","-70.42029","-16.15","662.00","","","2.11","mGal","bouguer_anomaly"
"960001","-27.29300","-70.41300","-55.05","291.00","","","4.19","mGal","bouguer_anomaly"
"961571","-26.94849","-70.41232","-31.96","841.00","","","1.92","mGal","bouguer_anomaly"
"961558","-26.54062","-70.40297","-8.85","624.00","","","1.95","mGal","bouguer_anomaly"
"961288","-27.18668","-70.40292","-49.38","883.00","","","1.74","mGal","bouguer_anomaly"
"961274","-26.70338","-70.38790","-24.53","742.00","","","2.38","mGal","bouguer_anomaly"
"961002","-27.32750","-70.38112","-54.92","325.00","","","4.51","mGal","bouguer_anomaly"
"961300","-27.25595","-70.37890","-47.08","453.00","","","3.63","mGal","bouguer_anomaly"
"961273","-26.66945","-70.37628","-22.06","832.00","","","2.00","mGal","bouguer_anomaly"
"961287","-27.15547","-70.37532","-49.13","899.00","","","2.06","mGal","bouguer_anomaly"
"961570","-26.96450","-70.36800","-47.72","919.00","","","1.98","mGal","bouguer_anomaly"
"961298","-27.19320","-70.36617","-48.94","955.00","","","1.82","mGal","bouguer_anomaly"
"961275","-26.71507","-70.36102","-39.14","777.00","","","2.03","mGal","bouguer_anomaly"
"961269","-26.53758","-70.35287","-24.07","767.00","","","1.68","mGal","bouguer_anomaly"
"961272","-26.63617","-70.35162","-26.40","1037.00","","","1.50","mGal","bouguer_anomaly"
"961285","-27.09967","-70.34535","-42.56","1253.00","","","2.08","mGal","bouguer_anomaly"
"961286","-27.13397","-70.34233","-48.66","1006.00","","","2.06","mGal","bouguer_anomaly"
"961271","-26.59225","-70.34209","-24.92","982.00","","","1.50","mGal","bouguer_anomaly"
"961299","-27.22848","-70.34106","-51.39","678.00","","","2.75","mGal","bouguer_anomaly"
"961284","-27.06237","-70.33958","-44.00","1197.00","","","1.87","mGal","bouguer_anomaly"
"961277","-26.80912","-70.33957","-59.74","964.00","","","1.76","mGal","bouguer_anomaly"
"961278","-26.85158","-70.33749","-61.17","1072.00","","","1.68","mGal","bouguer_anomaly"
"961279","-26.88817","-70.33265","-63.75","1130.00","","","1.66","mGal","bouguer_anomaly"
"961283","-27.02820","-70.33130","-44.34","1177.00","","","1.79","mGal","bouguer_anomaly"
"961276","-26.76373","-70.32815","-60.30","869.00","","","2.08","mGal","bouguer_anomaly"
"961267","-26.45795","-70.32796","-26.32","618.00","","","2.16","mGal","bouguer_anomaly"
"961280","-26.92888","-70.32785","-63.16","1224.00","","","1.74","mGal","bouguer_anomaly"
"961268","-26.48963","-70.32745","-26.20","865.00","","","1.42","mGal","bouguer_anomaly"
"961281","-26.97433","-70.32553","-58.49","1015.00","","","1.95","mGal","bouguer_anomaly"
"961257","-26.40145","-70.32133","-23.46","523.00","","","2.06","mGal","bouguer_anomaly"
"961258","-26.41898","-70.31703","-23.49","408.00","","","2.78","mGal","bouguer_anomaly"
"961256","-26.37076","-70.31451","-22.66","869.00","","","1.52","mGal","bouguer_anomaly"
"961270","-26.58623","-70.31118","-26.84","885.00","","","1.79","mGal","bouguer_anomaly"
"961282","-27.00761","-70.30133","-52.52","1117.00","","","2.03","mGal","bouguer_anomaly"
"961608","-26.78237","-70.29285","-36.17","1088.00","","","1.95","mGal","bouguer_anomaly"
"961757","-26.44518","-70.28278","-24.66","471.00","","","3.23","mGal","bouguer_anomaly"
"961581","-27.05587","-70.27852","-51.96","1342.00","","","2.03","mGal","bouguer_anomaly"
"961582","-27.09767","-70.27016","-44.58","1342.00","","","2.14","mGal","bouguer_anomaly"
"961259","-26.42678","-70.26777","-22.64","469.00","","","2.99","mGal","bouguer_anomaly"
"961609","-26.81520","-70.26466","-19.16","1218.00","","","1.79","mGal","bouguer_anomaly"
"961607","-26.77445","-70.24148","-53.83","1090.00","","","2.00","mGal","bouguer_anomaly"
"961583","-27.13673","-70.23835","-43.92","1267.00","","","2.40","mGal","bouguer_anomaly"
"961610","-26.83752","-70.23195","-4.64","1366.00","","","1.90","mGal","bouguer_anomaly"
"961758","-26.42017","-70.21407","-24.21","546.00","","","3.31","mGal","bouguer_anomaly"
"961365","-27.34807","-70.21085","-78.37","564.00","","","8.06","mGal","bouguer_anomaly"
"961584","-27.16325","-70.20821","-50.53","1240.00","","","2.62","mGal","bouguer_anomaly"
"961260","-26.42081","-70.20576","-29.88","535.00","","","3.36","mGal","bouguer_anomaly"
"961606","-26.75699","-70.20528","-69.97","1141.00","","","2.06","mGal","bouguer_anomaly"
"961611","-26.86960","-70.19701","-17.97","1405.00","","","2.06","mGal","bouguer_anomaly"
"961612","-26.90775","-70.17695","-39.81","1395.00","","","2.19","mGal","bouguer_anomaly"
"961585","-27.18118","-70.17665","-59.24","1083.00","","","3.60","mGal","bouguer_anomaly"
"961366","-27.31957","-70.17063","-87.52","633.00","","","7.24","mGal","bouguer_anomaly"
"961759","-26.41817","-70.16703","-37.65","606.00","","","3.26","mGal","bouguer_anomaly"
"961605","-26.75262","-70.16390","-85.08","1223.00","","","2.24","mGal","bouguer_anomaly"
"961586","-27.21851","-70.16116","-64.74","937.00","","","5.21","mGal","bouguer_anomaly"
"961261","-26.41393","-70.15462","-42.52","617.00","","","3.36","mGal","bouguer_anomaly"
"961262","-26.37210","-70.15459","-37.96","815.00","","","2.32","mGal","bouguer_anomaly"
"961587","-27.26322","-70.14886","-77.92","820.00","","","6.81","mGal","bouguer_anomaly"
"961613","-26.93497","-70.14117","-51.39","1433.00","","","2.54","mGal","bouguer_anomaly"
"961760","-26.40197","-70.12853","-49.34","672.00","","","3.58","mGal","bouguer_anomaly"
"961367","-27.31145","-70.12832","-97.16","694.00","","","10.73","mGal","bouguer_anomaly"
"961604","-26.75567","-70.12489","-95.87","1339.00","","","2.40","mGal","bouguer_anomaly"
"961614","-26.96413","-70.10955","-54.02","1496.00","","","2.62","mGal","bouguer_anomaly"
"961368","-27.29626","-70.08237","-101.11","771.00","","","10.44","mGal","bouguer_anomaly"
"961603","-26.76048","-70.08017","-101.85","1505.00","","","2.70","mGal","bouguer_anomaly"
"961761","-26.40583","-70.07775","-53.37","775.00","","","3.82","mGal","bouguer_anomaly"
"961615","-26.99400","-70.07738","-68.26","1564.00","","","2.99","mGal","bouguer_anomaly"
"961602","-26.73200","-70.04311","-103.60","1604.00","","","3.15","mGal","bouguer_anomaly"
"961369","-27.27675","-70.03909","-111.76","842.00","","","10.84","mGal","bouguer_anomaly"
"961638","-26.38750","-70.03831","-61.77","800.00","","","4.17","mGal","bouguer_anomaly"
"961616","-26.99768","-70.03168","-89.44","1651.00","","","3.12","mGal","bouguer_anomaly"
"961588","-27.17497","-70.01672","-105.35","1430.00","","","5.10","mGal","bouguer_anomaly"
"961639","-26.42562","-70.00951","-68.30","933.00","","","4.59","mGal","bouguer_anomaly"
"961589","-27.13857","-70.00426","-115.21","1534.00","","","4.81","mGal","bouguer_anomaly"
"961637","-26.38687","-70.00405","-62.63","875.00","","","4.75","mGal","bouguer_anomaly"
"961641","-26.49247","-70.00300","-76.42","981.00","","","5.15","mGal","bouguer_anomaly"
"961601","-26.74242","-70.00118","-105.09","1419.00","","","4.17","mGal","bouguer_anomaly"
"961370","-27.25822","-69.99410","-121.01","930.00","","","12.12","mGal","bouguer_anomaly"
"961617","-26.99262","-69.98519","-106.17","1745.00","","","3.66","mGal","bouguer_anomaly"
"961640","-26.45608","-69.98333","-77.69","1043.00","","","5.77","mGal","bouguer_anomaly"
"961590","-27.10343","-69.97989","-132.03","1701.00","","","4.65","mGal","bouguer_anomaly"
"961642","-26.52402","-69.97523","-88.94","1136.00","","","6.19","mGal","bouguer_anomaly"
"961636","-26.39512","-69.96214","-75.90","974.00","","","6.46","mGal","bouguer_anomaly"
"961643","-26.56743","-69.96114","-95.91","1207.00","","","7.21","mGal","bouguer_anomaly"
"961591","-27.07062","-69.96024","-140.36","1702.00","","","5.29","mGal","bouguer_anomaly"
"961618","-27.01953","-69.95673","-124.03","1764.00","","","3.87","mGal","bouguer_anomaly"
"961600","-26.74653","-69.95107","-114.05","1463.00","","","4.73","mGal","bouguer_anomaly"
"961644","-26.61000","-69.95068","-106.17","1221.00","","","6.41","mGal","bouguer_anomaly"
"961371","-27.22487","-69.94275","-129.78","1079.00","","","11.67","mGal","bouguer_anomaly"
"961645","-26.65130","-69.94264","-110.04","1259.00","","","6.22","mGal","bouguer_anomaly"
"961595","-26.91793","-69.93612","-130.44","1911.00","","","3.63","mGal","bouguer_anomaly"
"961646","-26.68905","-69.92901","-114.82","1363.00","","","6.51","mGal","bouguer_anomaly"
"961594","-26.95228","-69.92487","-132.53","1819.00","","","4.33","mGal","bouguer_anomaly"
"961592","-27.03614","-69.91855","-146.51","1701.00","","","5.53","mGal","bouguer_anomaly"
"961635","-26.39817","-69.91828","-90.86","1098.00","","","6.03","mGal","bouguer_anomaly"
"961647","-26.72398","-69.91325","-120.76","1491.00","","","6.51","mGal","bouguer_anomaly"
"961372","-27.19210","-69.91145","-141.71","1149.00","","","12.95","mGal","bouguer_anomaly"
"961596","-26.88240","-69.90493","-137.82","1882.00","","","4.54","mGal","bouguer_anomaly"
"961593","-26.99738","-69.90131","-145.63","1768.00","","","5.21","mGal","bouguer_anomaly"
"961599","-26.75625","-69.89128","-124.95","1588.00","","","7.34","mGal","bouguer_anomaly"
"961598","-26.79428","-69.88740","-135.20","1708.00","","","7.08","mGal","bouguer_anomaly"
"961373","-27.15687","-69.88575","-151.85","1243.00","","","13.32","mGal","bouguer_anomaly"
"961597","-26.83947","-69.88562","-134.50","1804.00","","","5.95","mGal","bouguer_anomaly"
"961619","-26.71815","-69.88073","-130.27","1573.00","","","9.16","mGal","bouguer_anomaly"
"961634","-26.40177","-69.86131","-111.11","1315.00","","","6.06","mGal","bouguer_anomaly"
"961622","-26.60954","-69.85496","-135.79","1440.00","","","8.97","mGal","bouguer_anomaly"
"961621","-26.64530","-69.84877","-142.87","1582.00","","","8.01","mGal","bouguer_anomaly"
"961374","-27.13530","-69.84758","-163.15","1328.00","","","11.83","mGal","bouguer_anomaly"
"961620","-26.67832","-69.84685","-143.67","1770.00","","","6.51","mGal","bouguer_anomaly"
"961623","-26.57673","-69.84188","-139.81","1546.00","","","8.38","mGal","bouguer_anomaly"
"961624","-26.53223","-69.82432","-134.85","1476.00","","","11.83","mGal","bouguer_anomaly"
"961633","-26.40216","-69.81419","-124.52","1524.00","","","7.37","mGal","bouguer_anomaly"
"961375","-27.12851","-69.79757","-168.00","1440.00","","","15.81","mGal","bouguer_anomaly"
"961625","-26.49892","-69.79704","-139.97","1593.00","","","13.72","mGal","bouguer_anomaly"
"961632","-26.39925","-69.77448","-141.20","1760.00","","","5.71","mGal","bouguer_anomaly"
"961376","-27.11482","-69.76012","-179.50","1522.00","","","13.32","mGal","bouguer_anomaly"
"961626","-26.47442","-69.75684","-159.28","1731.00","","","7.13","mGal","bouguer_anomaly"
"961627","-26.43130","-69.73335","-161.63","1801.00","","","9.40","mGal","bouguer_anomaly"
"961631","-26.40887","-69.72670","-160.19","1860.00","","","7.90","mGal","bouguer_anomaly"
"961377","-27.10534","-69.72147","-189.96","1590.30","","","15.41","mGal","bouguer_anomaly"
"961378","-27.07206","-69.69720","-192.88","1796.00","","","11.08","mGal","bouguer_anomaly"
"961628","-26.41527","-69.69043","-178.40","1922.00","","","7.37","mGal","bouguer_anomaly"
"961379","-27.04382","-69.67360","-194.02","2090.00","","","9.43","mGal","bouguer_anomaly"
"961380","-27.00372","-69.64883","-204.32","2241.00","","","8.09","mGal","bouguer_anomaly"
"961629","-26.40810","-69.64513","-193.45","2064.00","","","8.01","mGal","bouguer_anomaly"
"961381","-26.98935","-69.61224","-222.37","2409.00","","","7.00","mGal","bouguer_anomaly"
"961630","-26.41283","-69.60645","-208.51","2213.00","","","6.59","mGal","bouguer_anomaly"
"961382","-26.95968","-69.57854","-237.42","2534.00","","","8.06","mGal","bouguer_anomaly"
"961383","-26.93028","-69.53989","-253.50","2617.00","","","7.05","mGal","bouguer_anomaly"
"961384","-26.89385","-69.51472","-258.50","2737.00","","","6.49","mGal","bouguer_anomaly"
"961845","-26.36818","-69.50713","-223.24","2331.00","","","7.16","mGal","bouguer_anomaly"
"961539","-27.11958","-69.49067","-276.86","2485.00","","","12.50","mGal","bouguer_anomaly"
"961385","-26.86572","-69.48020","-264.02","2849.00","","","7.00","mGal","bouguer_anomaly"
"961846","-26.37575","-69.46630","-240.00","2655.00","","","5.15","mGal","bouguer_anomaly"
"961386","-26.86453","-69.43250","-277.02","2985.00","","","5.58","mGal","bouguer_anomaly"
"961538","-27.12502","-69.43030","-301.15","2837.00","","","8.94","mGal","bouguer_anomaly"
"961847","-26.38346","-69.41798","-261.71","2844.00","","","3.68","mGal","bouguer_anomaly"
"961530","-27.27383","-69.41177","-311.34","3356.00","","","5.53","mGal","bouguer_anomaly"
"961531","-27.32278","-69.41122","-313.45","3226.00","","","6.14","mGal","bouguer_anomaly"
"961462","-26.38597","-69.39075","-271.16","2951.20","","","3.39","mGal","bouguer_anomaly"
"961387","-26.86080","-69.38670","-290.12","3139.00","","","5.02","mGal","bouguer_anomaly"
"961537","-27.13532","-69.37479","-312.96","3354.00","","","5.13","mGal","bouguer_anomaly"
"961848","-26.38507","-69.37058","-274.28","3010.00","","","3.20","mGal","bouguer_anomaly"
"961461","-26.39998","-69.36916","-299.97","2410.00","","","8.41","mGal","bouguer_anomaly"
"961519","-27.05790","-69.36587","-317.58","2836.00","","","9.16","mGal","bouguer_anomaly"
"961528","-27.24832","-69.36581","-322.51","3438.00","","","4.89","mGal","bouguer_anomaly"
"961460","-26.43602","-69.35362","-303.38","2581.00","","","7.64","mGal","bouguer_anomaly"
"961527","-27.20628","-69.35194","-328.66","3732.00","","","4.06","mGal","bouguer_anomaly"
"961536","-27.15305","-69.34502","-333.41","3944.00","","","2.99","mGal","bouguer_anomaly"
"961388","-26.86770","-69.34241","-302.55","3297.00","","","4.14","mGal","bouguer_anomaly"
"961529","-27.25402","-69.34233","-329.62","3395.00","","","5.31","mGal","bouguer_anomaly"
"961849","-26.37905","-69.33741","-278.24","3350.00","","","2.43","mGal","bouguer_anomaly"
"961520","-27.08030","-69.32919","-332.27","3091.00","","","6.35","mGal","bouguer_anomaly"
"961521","-27.11847","-69.32555","-335.69","3332.00","","","6.11","mGal","bouguer_anomaly"
"961459","-26.45330","-69.32495","-315.91","2759.00","","","7.42","mGal","bouguer_anomaly"
"961458","-26.49523","-69.32308","-313.18","3033.00","","","4.01","mGal","bouguer_anomaly"
"961457","-26.52455","-69.31763","-317.75","3172.00","","","4.03","mGal","bouguer_anomaly"
"961850","-26.37273","-69.31513","-283.88","3611.00","","","2.59","mGal","bouguer_anomaly"
"961523","-27.17647","-69.31480","-336.45","3789.00","","","3.50","mGal","bouguer_anomaly"
"961522","-27.15037","-69.30980","-341.38","3573.00","","","4.22","mGal","bouguer_anomaly"
"961518","-27.05135","-69.30980","-330.38","3112.00","","","6.68","mGal","bouguer_anomaly"
"961389","-26.88177","-69.30651","-315.90","3408.00","","","3.36","mGal","bouguer_anomaly"
"961525","-27.24463","-69.30037","-337.67","3561.00","","","5.47","mGal","bouguer_anomaly"
"961524","-27.20942","-69.29957","-338.01","3598.00","","","5.50","mGal","bouguer_anomaly"
"961456","-26.53079","-69.28028","-322.21","3669.00","","","2.75","mGal","bouguer_anomaly"
"961851","-26.36593","-69.27108","-285.57","3424.00","","","2.43","mGal","bouguer_anomaly"
"961517","-27.05922","-69.25872","-353.82","3500.00","","","4.22","mGal","bouguer_anomaly"
"961390","-26.88802","-69.25851","-321.85","3551.00","","","3.20","mGal","bouguer_anomaly"
"961526","-27.22163","-69.24654","-364.10","3876.00","","","3.42","mGal","bouguer_anomaly"
"961455","-26.54957","-69.23896","-335.33","3673.00","","","2.56","mGal","bouguer_anomaly"
"961516","-27.07248","-69.22723","-372.79","3951.00","","","2.96","mGal","bouguer_anomaly"
"961392","-26.83420","-69.22185","-338.84","4108.00","","","2.64","mGal","bouguer_anomaly"
"961391","-26.86770","-69.22001","-334.44","3744.00","","","2.78","mGal","bouguer_anomaly"
"961454","-26.56353","-69.20247","-337.78","3612.00","","","2.83","mGal","bouguer_anomaly"
"961393","-26.81277","-69.19493","-336.43","4137.00","","","2.78","mGal","bouguer_anomaly"
"961515","-27.08532","-69.17215","-380.81","3587.00","","","4.78","mGal","bouguer_anomaly"
"961838","-26.37772","-69.16666","-311.66","3425.00","","","2.91","mGal","bouguer_anomaly"
"961453","-26.56893","-69.15735","-335.05","3602.00","","","3.10","mGal","bouguer_anomaly"
"961394","-26.83602","-69.15411","-344.59","3933.00","","","2.78","mGal","bouguer_anomaly"
"961514","-27.09627","-69.15276","-387.77","3667.00","","","4.97","mGal","bouguer_anomaly"
"961450","-26.64830","-69.12695","-342.21","3672.00","","","4.25","mGal","bouguer_anomaly"
"961837","-26.40308","-69.12500","-315.83","3485.00","","","3.90","mGal","bouguer_anomaly"
"961452","-26.58512","-69.11180","-348.31","3585.00","","","3.44","mGal","bouguer_anomaly"
"961451","-26.60637","-69.11058","-341.58","3605.00","","","3.60","mGal","bouguer_anomaly"
"961395","-26.84412","-69.11040","-351.69","3828.00","","","3.07","mGal","bouguer_anomaly"
"961836","-26.43476","-69.08835","-328.24","3526.00","","","3.71","mGal","bouguer_anomaly"
"961449","-26.65297","-69.08470","-347.21","3657.00","","","3.74","mGal","bouguer_anomaly"
"961513","-27.09317","-69.07985","-404.23","3668.00","","","5.71","mGal","bouguer_anomaly"
"961448","-27.04585","-69.07790","-380.61","3773.00","","","5.02","mGal","bouguer_anomaly"
"961401","-26.80787","-69.07665","-355.87","3789.00","","","3.87","mGal","bouguer_anomaly"
"961402","-26.76892","-69.07607","-353.42","3866.00","","","3.42","mGal","bouguer_anomaly"
"961396","-26.83690","-69.07338","-362.00","3758.80","","","4.03","mGal","bouguer_anomaly"
"961403","-26.72750","-69.06367","-354.16","3800.00","","","3.95","mGal","bouguer_anomaly"
"961447","-27.00695","-69.06333","-379.99","3753.00","","","5.55","mGal","bouguer_anomaly"
"961404","-26.68495","-69.05925","-355.47","3773.00","","","4.25","mGal","bouguer_anomaly"
"961409","-26.46860","-69.05565","-330.47","3574.00","","","4.73","mGal","bouguer_anomaly"
"961405","-26.64296","-69.05317","-351.43","3708.00","","","4.70","mGal","bouguer_anomaly"
"961408","-26.52339","-69.05070","-337.29","3621.00","","","5.13","mGal","bouguer_anomaly"
"961406","-26.60352","-69.04719","-345.08","3672.00","","","5.42","mGal","bouguer_anomaly"
"961407","-26.56033","-69.04522","-344.36","3645.00","","","5.31","mGal","bouguer_anomaly"
"961446","-26.96225","-69.04259","-380.79","3751.00","","","7.34","mGal","bouguer_anomaly"
"961397","-26.84758","-69.03692","-369.77","3782.00","","","3.98","mGal","bouguer_anomaly"
"961512","-27.10697","-69.03281","-412.55","3731.00","","","6.06","mGal","bouguer_anomaly"
"961398","-26.88946","-69.02737","-378.94","3779.00","","","4.43","mGal","bouguer_anomaly"
"961416","-26.63003","-69.01633","-357.38","3742.00","","","4.25","mGal","bouguer_anomaly"
"961508","-27.30903","-69.01574","-410.72","3959.00","","","3.92","mGal","bouguer_anomaly"
"961410","-26.48780","-69.01357","-350.81","3671.00","","","4.03","mGal","bouguer_anomaly"
"961507","-27.35123","-69.01270","-412.49","4000.00","","","3.10","mGal","bouguer_anomaly"
"961399","-26.93501","-69.01158","-381.73","3804.00","","","4.91","mGal","bouguer_anomaly"
"961509","-27.27192","-69.00443","-413.40","3926.00","","","3.87","mGal","bouguer_anomaly"
"961400","-26.96959","-69.00401","-384.50","3880.30","","","4.91","mGal","bouguer_anomaly"
"961510","-27.23290","-69.00150","-415.94","3885.00","","","4.54","mGal","bouguer_anomaly"
"961445","-27.01212","-69.00007","-385.10","3868.00","","","5.29","mGal","bouguer_anomaly"
"961511","-27.18382","-68.99370","-423.39","3846.00","","","5.13","mGal","bouguer_anomaly"
"961411","-26.50943","-68.98344","-360.89","3741.00","","","4.86","mGal","bouguer_anomaly"
"961444","-27.05477","-68.98323","-377.14","3986.00","","","5.66","mGal","bouguer_anomaly"
"961417","-26.64207","-68.97369","-373.69","3875.00","","","4.81","mGal","bouguer_anomaly"
"961835","-26.43833","-68.96616","-365.50","3864.00","","","4.97","mGal","bouguer_anomaly"
"961423","-26.97840","-68.95823","-381.94","4180.00","","","3.39","mGal","bouguer_anomaly"
"961834","-26.39500","-68.95500","-365.96","3770.00","","","3.82","mGal","bouguer_anomaly"
"961443","-27.07792","-68.94780","-393.68","4178.00","","","3.58","mGal","bouguer_anomaly"
"961412","-26.51189","-68.93528","-372.59","3813.00","","","4.49","mGal","bouguer_anomaly"
"961424","-27.00023","-68.93491","-384.90","4425.00","","","2.91","mGal","bouguer_anomaly"
"961418","-26.66507","-68.93425","-377.72","4050.00","","","3.71","mGal","bouguer_anomaly"
"961442","-27.05750","-68.91625","-402.58","4335.00","","","3.63","mGal","bouguer_anomaly"
"961413","-26.51382","-68.90504","-369.59","3851.00","","","5.39","mGal","bouguer_anomaly"
"961419","-26.69660","-68.89937","-391.91","4265.00","","","3.82","mGal","bouguer_anomaly"
"961441","-27.02788","-68.88243","-401.92","4385.00","","","4.83","mGal","bouguer_anomaly"
"961414","-26.50167","-68.87628","-372.59","3912.00","","","7.16","mGal","bouguer_anomaly"
"961425","-26.98865","-68.87135","-394.92","4358.00","","","3.50","mGal","bouguer_anomaly"
"961420","-26.71330","-68.86527","-400.17","4527.00","","","2.96","mGal","bouguer_anomaly"
"961415","-26.51915","-68.85657","-379.11","3909.00","","","5.31","mGal","bouguer_anomaly"
"961421","-26.68777","-68.84490","-400.46","4427.00","","","3.20","mGal","bouguer_anomaly"
"961426","-26.96600","-68.83645","-399.13","4388.00","","","3.39","mGal","bouguer_anomaly"
"961422","-26.72197","-68.82700","-399.33","4240.00","","","4.49","mGal","bouguer_anomaly"
"961811","-26.50777","-68.81778","-389.66","4088.00","","","5.10","mGal","bouguer_anomaly"
"961812","-26.47500","-68.81667","-389.01","4263.00","","","3.95","mGal","bouguer_anomaly"
"961814","-26.38750","-68.81221","-378.08","4326.00","","","3.12","mGal","bouguer_anomaly"
"961813","-26.42888","-68.81167","-384.59","4344.00","","","3.44","mGal","bouguer_anomaly"
"961427","-26.95162","-68.79253","-396.11","4444.00","","","5.34","mGal","bouguer_anomaly"
"961428","-26.94106","-68.75837","-396.16","4503.00","","","3.79","mGal","bouguer_anomaly"
"961816","-26.37000","-68.72833","-382.64","4134.00","","","5.18","mGal","bouguer_anomaly"
"961429","-26.92447","-68.72215","-399.74","4573.00","","","3.28","mGal","bouguer_anomaly"
"961430","-26.90565","-68.67630","-411.71","4587.00","","","2.94","mGal","bouguer_anomaly"
"961431","-26.90856","-68.62597","-419.53","4507.00","","","3.20","mGal","bouguer_anomaly"
"961432","-26.92987","-68.59493","-423.30","4517.00","","","3.15","mGal","bouguer_anomaly"
"961433","-26.91123","-68.55480","-417.72","4491.00","","","2.94","mGal","bouguer_anomaly"
"961434","-26.88721","-68.51966","-407.77","4470.00","","","3.07","mGal","bouguer_anomaly"
"961435","-26.88818","-68.48350","-404.17","4382.00","","","3.15","mGal","bouguer_anomaly"
"961436","-26.89827","-68.44081","-415.69","4346.00","","","3.07","mGal","bouguer_anomaly"
"961437","-26.90215","-68.40725","-418.88","4409.00","","","2.51","mGal","bouguer_anomaly"
"961438","-26.90282","-68.36716","-411.97","4500.00","","","2.51","mGal","bouguer_anomaly"
"961439","-26.87492","-68.33076","-413.32","4642.00","","","2.30","mGal","bouguer_anomaly"
"961440","-26.86977","-68.29695","-408.60","4747.40","","","2.83","mGal","bouguer_anomaly"
"941011","-26.87665","-68.24745","-404.81","4546.00","","","3.23","mGal","bouguer_anomaly"
"941010","-26.87405","-68.19335","-394.39","4384.00","","","4.35","mGal","bouguer_anomaly"
"941009","-26.90360","-68.16213","-375.84","4081.00","","","6.30","mGal","bouguer_anomaly"
"962342","-26.59592","-68.14699","-430.21","4164.00","","","1.79","mGal","bouguer_anomaly"
"941014","-27.17623","-68.13105","-336.74","3786.00","","","5.34","mGal","bouguer_anomaly"
"940997","-27.33067","-68.12669","-325.33","3514.00","","","6.54","mGal","bouguer_anomaly"
"962343","-26.56645","-68.12392","-421.10","3837.00","","","3.44","mGal","bouguer_anomaly"
"940999","-27.24917","-68.12212","-325.38","3668.00","","","6.22","mGal","bouguer_anomaly"
"940998","-27.28978","-68.12183","-325.96","3565.00","","","6.86","mGal","bouguer_anomaly"
"941000","-27.20942","-68.10910","-329.93","3735.00","","","6.51","mGal","bouguer_anomaly"
"941008","-26.91494","-68.10355","-359.67","4053.00","","","4.33","mGal","bouguer_anomaly"
"941001","-27.16993","-68.10085","-332.98","3760.00","","","7.21","mGal","bouguer_anomaly"
"962346","-26.46591","-68.09423","-407.38","3606.00","","","3.36","mGal","bouguer_anomaly"
"962344","-26.54647","-68.09133","-419.90","3636.00","","","3.95","mGal","bouguer_anomaly"
"962345","-26.50713","-68.09016","-415.67","3569.00","","","3.63","mGal","bouguer_anomaly"
"941003","-27.08198","-68.08694","-335.92","3870.00","","","5.85","mGal","bouguer_anomaly"
"962347","-26.42162","-68.08573","-403.28","3451.00","","","3.55","mGal","bouguer_anomaly"
"941002","-27.11893","-68.08537","-334.21","3796.00","","","6.41","mGal","bouguer_anomaly"
"962348","-26.37356","-68.07743","-401.59","3184.00","","","7.34","mGal","bouguer_anomaly"
"941005","-27.00467","-68.07677","-343.49","3941.00","","","4.59","mGal","bouguer_anomaly"
"941007","-26.93018","-68.07323","-357.41","4143.00","","","3.31","mGal","bouguer_anomaly"
"941004","-27.05747","-68.06075","-341.83","3856.00","","","6.46","mGal","bouguer_anomaly"
"941006","-26.96635","-68.04757","-350.15","4033.00","","","3.34","mGal","bouguer_anomaly"
"962349","-26.36577","-68.03987","-402.83","3213.00","","","6.94","mGal","bouguer_anomaly"
"962124","-27.17539","-67.77123","-300.71","2131.00","","","4.86","mGal","bouguer_anomaly"
"962122","-27.21230","-67.76299","-306.02","2078.00","","","4.70","mGal","bouguer_anomaly"
"962125","-27.15707","-67.76134","-298.76","2128.00","","","5.37","mGal","bouguer_anomaly"
"962120","-27.29570","-67.75923","-315.35","1945.00","","","4.17","mGal","bouguer_anomaly"
"962121","-27.25307","-67.75742","-313.08","1986.00","","","4.46","mGal","bouguer_anomaly"
"962123","-27.17688","-67.75428","-297.73","2073.00","","","5.21","mGal","bouguer_anomaly"
"940583","-27.33082","-67.75295","-305.98","1964.00","","","7.18","mGal","bouguer_anomaly"
"962126","-27.31697","-67.74113","-308.25","1931.00","","","4.03","mGal","bouguer_anomaly"
"962127","-27.29395","-67.71537","-296.51","1854.00","","","5.29","mGal","bouguer_anomaly"
"962128","-27.27392","-67.68954","-285.68","1866.00","","","5.21","mGal","bouguer_anomaly"
"962129","-27.25207","-67.65565","-281.58","1874.00","","","6.62","mGal","bouguer_anomaly"
"962130","-27.22178","-67.61757","-281.18","1949.00","","","7.05","mGal","bouguer_anomaly"
"941105","-26.45130","-67.50645","-322.43","3020.00","","","3.52","mGal","bouguer_anomaly"
"941104","-26.42933","-67.48254","-322.13","3017.00","","","3.18","mGal","bouguer_anomaly"
"941103","-26.42362","-67.44534","-316.28","3029.00","","","3.12","mGal","bouguer_anomaly"
"940806","-26.35690","-67.37373","-314.99","3084.70","","","4.09","mGal","bouguer_anomaly"
"940889","-26.39227","-67.35704","-306.53","3080.00","","","4.73","mGal","bouguer_anomaly"
"940805","-26.44140","-67.34441","-308.74","3076.70","","","4.38","mGal","bouguer_anomaly"
"940888","-26.48043","-67.32082","-310.15","3154.00","","","4.35","mGal","bouguer_anomaly"
"940804","-26.48167","-67.29623","-310.43","3328.60","","","3.36","mGal","bouguer_anomaly"
"940887","-26.47880","-67.25443","-311.22","3460.00","","","4.46","mGal","bouguer_anomaly"
"940886","-26.55077","-67.24976","-315.62","3538.00","","","3.52","mGal","bouguer_anomaly"
"940803","-26.53240","-67.24136","-312.94","3518.60","","","4.11","mGal","bouguer_anomaly"
"940884","-26.65247","-67.23945","-310.62","3869.00","","","2.22","mGal","bouguer_anomaly"
"940885","-26.58512","-67.23942","-314.12","3547.00","","","4.57","mGal","bouguer_anomaly"
"940802","-26.62582","-67.23396","-314.10","3694.60","","","3.23","mGal","bouguer_anomaly"
"940801","-26.68078","-67.20140","-314.93","3936.20","","","2.70","mGal","bouguer_anomaly"
"940883","-26.68538","-67.18158","-327.68","3774.00","","","3.07","mGal","bouguer_anomaly"
"940800","-26.69020","-67.14688","-341.74","3775.00","","","3.60","mGal","bouguer_anomaly"
"940882","-26.70318","-67.11742","-336.01","3863.00","","","4.59","mGal","bouguer_anomaly"
"940799","-26.73854","-67.09001","-328.01","3947.90","","","2.19","mGal","bouguer_anomaly"
"940881","-26.75412","-67.07742","-325.68","3808.00","","","2.64","mGal","bouguer_anomaly"
"940728","-27.34630","-67.05531","-290.54","1936.00","","","6.73","mGal","bouguer_anomaly"
"940880","-26.70737","-67.04411","-320.02","3731.00","","","4.81","mGal","bouguer_anomaly"
"940735","-27.25063","-67.03442","-293.69","1929.00","","","9.24","mGal","bouguer_anomaly"
"940798","-26.73122","-67.02657","-321.16","3744.30","","","2.78","mGal","bouguer_anomaly"
"940734","-27.24063","-67.00500","-301.12","1843.00","","","8.17","mGal","bouguer_anomaly"
"940879","-26.72393","-67.00062","-312.39","3670.00","","","2.78","mGal","bouguer_anomaly"
"940729","-27.20582","-66.98873","-308.51","1848.00","","","9.35","mGal","bouguer_anomaly"
"940797","-26.71953","-66.97483","-307.80","3516.00","","","3.47","mGal","bouguer_anomaly"
"940733","-27.22927","-66.96578","-309.39","1848.00","","","6.17","mGal","bouguer_anomaly"
"940732","-27.10210","-66.94875","-307.15","2077.00","","","10.04","mGal","bouguer_anomaly"
"940731","-27.12903","-66.94228","-311.18","1991.00","","","8.01","mGal","bouguer_anomaly"
"940730","-27.17373","-66.94025","-314.30","1868.00","","","7.40","mGal","bouguer_anomaly"
"940878","-26.71675","-66.92514","-299.11","3358.00","","","3.63","mGal","bouguer_anomaly"
"940700","-27.22447","-66.91808","-294.59","1742.00","","","5.74","mGal","bouguer_anomaly"
"940499","-27.33977","-66.90922","-251.64","1715.00","","","4.09","mGal","bouguer_anomaly"
"940699","-27.24043","-66.90014","-289.48","1691.00","","","5.63","mGal","bouguer_anomaly"
"940701","-27.18641","-66.89336","-299.19","1790.00","","","5.87","mGal","bouguer_anomaly"
"940500","-27.31033","-66.89275","-250.30","1714.00","","","4.06","mGal","bouguer_anomaly"
"940796","-26.71900","-66.89034","-297.74","3228.30","","","4.11","mGal","bouguer_anomaly"
"940698","-27.28298","-66.88013","-282.13","1669.00","","","4.75","mGal","bouguer_anomaly"
"940501","-27.27275","-66.87424","-254.62","1775.00","","","3.98","mGal","bouguer_anomaly"
"940702","-27.12797","-66.85891","-299.90","1968.00","","","6.41","mGal","bouguer_anomaly"
"940502","-27.24977","-66.85419","-260.92","1875.00","","","3.55","mGal","bouguer_anomaly"
"940877","-26.74860","-66.83490","-291.32","3212.00","","","3.98","mGal","bouguer_anomaly"
"940503","-27.21792","-66.82698","-261.01","1865.00","","","4.27","mGal","bouguer_anomaly"
"940703","-27.07925","-66.82166","-303.80","2109.00","","","6.30","mGal","bouguer_anomaly"
"940795","-26.75822","-66.81745","-290.12","3192.60","","","4.11","mGal","bouguer_anomaly"
"940504","-27.21678","-66.79181","-263.18","1946.00","","","3.63","mGal","bouguer_anomaly"
"940704","-27.04152","-66.78962","-305.21","2257.00","","","5.82","mGal","bouguer_anomaly"
"940876","-26.81092","-66.77610","-291.52","3189.00","","","4.51","mGal","bouguer_anomaly"
"940505","-27.18932","-66.76145","-266.31","1996.00","","","3.39","mGal","bouguer_anomaly"
"940794","-26.82210","-66.76118","-282.72","3197.10","","","4.46","mGal","bouguer_anomaly"
"940705","-27.01803","-66.75528","-304.39","2289.00","","","6.43","mGal","bouguer_anomaly"
"940709","-26.87042","-66.74818","-301.87","3198.00","","","4.70","mGal","bouguer_anomaly"
"940708","-26.90973","-66.74423","-309.85","2653.00","","","9.56","mGal","bouguer_anomaly"
"940706","-26.98780","-66.73513","-295.07","2411.00","","","6.11","mGal","bouguer_anomaly"
"940506","-27.16105","-66.73400","-271.13","2071.00","","","4.33","mGal","bouguer_anomaly"
"940707","-26.94962","-66.73396","-308.52","2468.00","","","7.34","mGal","bouguer_anomaly"
"940507","-27.18612","-66.72055","-265.04","2103.00","","","2.99","mGal","bouguer_anomaly"
"940512","-27.14454","-66.69772","-275.22","2104.00","","","3.74","mGal","bouguer_anomaly"
"940508","-27.21263","-66.68079","-249.86","2293.00","","","1.92","mGal","bouguer_anomaly"
"940510","-27.28424","-66.67934","-220.90","2534.00","","","2.00","mGal","bouguer_anomaly"
"940511","-27.30372","-66.67892","-219.23","2592.00","","","2.24","mGal","bouguer_anomaly"
"940691","-27.26010","-66.67122","-254.04","2329.00","","","1.90","mGal","bouguer_anomaly"
"940509","-27.25142","-66.67001","-229.40","2453.00","","","1.87","mGal","bouguer_anomaly"
"940513","-27.12118","-66.66008","-276.14","2176.00","","","3.34","mGal","bouguer_anomaly"
"940692","-27.27090","-66.64122","-247.08","2389.00","","","1.90","mGal","bouguer_anomaly"
"940514","-27.09273","-66.62820","-277.08","2256.00","","","2.94","mGal","bouguer_anomaly"
"940693","-27.28320","-66.60384","-234.92","2351.00","","","2.62","mGal","bouguer_anomaly"
"940694","-27.32195","-66.60065","-230.48","2390.00","","","2.27","mGal","bouguer_anomaly"
"940515","-27.06806","-66.58466","-269.38","2298.00","","","3.26","mGal","bouguer_anomaly"
"940695","-27.32142","-66.57816","-230.71","2214.00","","","3.42","mGal","bouguer_anomaly"
"940689","-27.08717","-66.55473","-274.63","2227.00","","","2.70","mGal","bouguer_anomaly"
"940516","-27.04868","-66.54338","-264.08","2255.00","","","3.60","mGal","bouguer_anomaly"
"940481","-26.95438","-66.51488","-276.44","2296.00","","","4.70","mGal","bouguer_anomaly"
"940487","-26.98635","-66.50748","-274.08","2255.00","","","3.63","mGal","bouguer_anomaly"
"940690","-27.10384","-66.50629","-265.96","2253.00","","","2.22","mGal","bouguer_anomaly"
"940490","-27.03177","-66.50488","-268.92","2218.00","","","2.99","mGal","bouguer_anomaly"
"940482","-26.92073","-66.50312","-277.41","2308.00","","","4.43","mGal","bouguer_anomaly"
"941102","-26.44890","-67.41030","-310.79","3040.00","","","3.42","mGal","bouguer_anomaly"
"941101","-26.46510","-67.36372","-311.06","3099.00","","","3.95","mGal","bouguer_anomaly"
"941064","-26.47623","-67.26223","-313.81","3379.00","","","4.70","mGal","bouguer_anomaly"
"941018","-26.45637","-67.23000","-348.99","3366.00","","","7.13","mGal","bouguer_anomaly"
"941065","-26.43032","-67.20533","-318.29","3650.00","","","4.86","mGal","bouguer_anomaly"
"941019","-26.39433","-67.19123","-354.19","3456.00","","","8.44","mGal","bouguer_anomaly"
"941066","-26.41350","-67.17049","-322.93","3796.00","","","5.61","mGal","bouguer_anomaly"
"941020","-26.37190","-67.16015","-356.89","3584.00","","","9.00","mGal","bouguer_anomaly"
"941108","-26.59463","-66.93855","-314.52","3204.00","","","9.29","mGal","bouguer_anomaly"
"941109","-26.55312","-66.93685","-319.24","3240.00","","","10.12","mGal","bouguer_anomaly"
"941110","-26.52658","-66.92240","-315.36","3204.00","","","9.40","mGal","bouguer_anomaly"
"941107","-26.62779","-66.92055","-315.63","3176.00","","","6.38","mGal","bouguer_anomaly"
"941106","-26.67905","-66.91890","-310.30","3236.00","","","4.78","mGal","bouguer_anomaly"
"941111","-26.48915","-66.91863","-317.68","3270.00","","","9.40","mGal","bouguer_anomaly"
"940485","-26.80760","-66.49371","-279.56","2610.00","","","6.57","mGal","bouguer_anomaly"
"940486","-26.78652","-66.48270","-267.12","2640.00","","","6.33","mGal","bouguer_anomaly"
"940483","-26.87980","-66.48044","-280.60","2351.00","","","4.83","mGal","bouguer_anomaly"
"940480","-26.95910","-66.47762","-276.46","2265.00","","","3.39","mGal","bouguer_anomaly"
"940484","-26.84144","-66.47632","-279.34","2469.00","","","4.81","mGal","bouguer_anomaly"
"940489","-27.02445","-66.47066","-264.33","2237.00","","","2.48","mGal","bouguer_anomaly"
"940479","-26.96904","-66.42204","-265.49","2254.00","","","2.43","mGal","bouguer_anomaly"
"940488","-27.01416","-66.41983","-259.55","2239.00","","","2.22","mGal","bouguer_anomaly"
"940478","-26.97795","-66.38415","-255.96","2243.00","","","2.27","mGal","bouguer_anomaly"
"940477","-27.00760","-66.37567","-252.08","2237.00","","","2.16","mGal","bouguer_anomaly"
"940465","-26.56970","-66.36453","-281.99","2871.00","","","8.30","mGal","bouguer_anomaly"
"940464","-26.59110","-66.36197","-282.88","2763.00","","","7.37","mGal","bouguer_anomaly"
"940388","-27.32207","-66.36058","-187.95","2832.00","","","5.79","mGal","bouguer_anomaly"
"940466","-26.54003","-66.36053","-286.30","2931.00","","","8.38","mGal","bouguer_anomaly"
"940476","-27.00000","-66.34595","-246.12","2225.00","","","2.30","mGal","bouguer_anomaly"
"940387","-27.28717","-66.34361","-196.33","2710.00","","","5.23","mGal","bouguer_anomaly"
"940474","-26.72512","-66.33940","-266.82","2466.00","","","4.25","mGal","bouguer_anomaly"
"940463","-26.60405","-66.33849","-273.42","2595.00","","","8.01","mGal","bouguer_anomaly"
"940462","-26.62512","-66.33307","-271.66","2550.00","","","6.76","mGal","bouguer_anomaly"
"940467","-26.55673","-66.32855","-275.23","2977.00","","","6.92","mGal","bouguer_anomaly"
"940475","-26.99447","-66.31432","-239.46","2224.00","","","2.40","mGal","bouguer_anomaly"
"940386","-27.25233","-66.31380","-193.98","2685.00","","","5.63","mGal","bouguer_anomaly"
"940461","-26.65835","-66.31295","-258.96","2489.00","","","5.85","mGal","bouguer_anomaly"
"940456","-26.86426","-66.31285","-243.47","2252.00","","","3.76","mGal","bouguer_anomaly"
"940455","-26.91098","-66.31169","-239.86","2225.00","","","3.23","mGal","bouguer_anomaly"
"940468","-26.56393","-66.30620","-266.19","2809.00","","","7.29","mGal","bouguer_anomaly"
"940460","-26.70025","-66.30428","-251.11","2406.00","","","6.01","mGal","bouguer_anomaly"
"940459","-26.74510","-66.30396","-246.94","2378.00","","","5.18","mGal","bouguer_anomaly"
"940458","-26.78095","-66.30344","-242.72","2338.00","","","5.07","mGal","bouguer_anomaly"
"940457","-26.82393","-66.29842","-237.77","2285.00","","","3.63","mGal","bouguer_anomaly"
"940454","-26.94404","-66.28100","-223.61","2205.00","","","3.04","mGal","bouguer_anomaly"
"940385","-27.23094","-66.28096","-195.20","2697.00","","","6.43","mGal","bouguer_anomaly"
"940453","-26.98487","-66.27283","-223.95","2240.00","","","2.75","mGal","bouguer_anomaly"
"940469","-26.55395","-66.26728","-257.71","2844.00","","","7.56","mGal","bouguer_anomaly"
"940471","-26.47343","-66.26588","-265.29","2896.00","","","10.12","mGal","bouguer_anomaly"
"940470","-26.51437","-66.26510","-261.03","2845.00","","","8.92","mGal","bouguer_anomaly"
"940472","-26.43298","-66.25845","-266.32","2909.00","","","11.53","mGal","bouguer_anomaly"
"940473","-26.40733","-66.24978","-269.72","2944.00","","","11.08","mGal","bouguer_anomaly"
"940452","-26.99782","-66.24613","-220.89","2171.00","","","3.26","mGal","bouguer_anomaly"
"940384","-27.21512","-66.24055","-196.21","2811.00","","","7.64","mGal","bouguer_anomaly"
"940381","-27.10035","-66.22015","-211.07","2444.00","","","4.51","mGal","bouguer_anomaly"
"940383","-27.18388","-66.21780","-193.48","2682.00","","","8.76","mGal","bouguer_anomaly"
"940382","-27.14152","-66.21569","-195.36","2548.00","","","6.30","mGal","bouguer_anomaly"
"940380","-27.06242","-66.20139","-212.02","2386.00","","","4.35","mGal","bouguer_anomaly"
"940451","-26.99208","-66.19276","-223.71","2157.00","","","4.33","mGal","bouguer_anomaly"
"940379","-27.02160","-66.17865","-209.92","2259.00","","","4.75","mGal","bouguer_anomaly"
"940378","-26.98258","-66.16422","-218.35","2139.00","","","5.15","mGal","bouguer_anomaly"
"940450","-26.97827","-66.15086","-221.41","2141.00","","","5.63","mGal","bouguer_anomaly"
"940449","-26.93982","-66.12700","-230.54","2112.00","","","6.17","mGal","bouguer_anomaly"
"940448","-26.89742","-66.10548","-240.66","2100.00","","","5.77","mGal","bouguer_anomaly"
"940447","-26.85272","-66.09597","-239.11","2022.00","","","6.59","mGal","bouguer_anomaly"
"940096","-26.78064","-66.08205","-243.92","1926.00","","","6.70","mGal","bouguer_anomaly"
"940097","-26.81316","-66.07782","-248.72","1929.00","","","6.78","mGal","bouguer_anomaly"
"940095","-26.74233","-66.07694","-242.52","1898.00","","","6.84","mGal","bouguer_anomaly"
"940094","-26.70564","-66.06399","-241.03","1864.00","","","6.84","mGal","bouguer_anomaly"
"940093","-26.65618","-66.05830","-235.17","1849.00","","","6.97","mGal","bouguer_anomaly"
"940092","-26.62013","-66.04695","-237.58","1819.00","","","7.74","mGal","bouguer_anomaly"
"940098","-26.69126","-66.04605","-246.34","1822.00","","","7.32","mGal","bouguer_anomaly"
"940086","-26.46138","-66.03474","-235.00","1839.00","","","13.08","mGal","bouguer_anomaly"
"940088","-26.49113","-66.03188","-235.14","1819.00","","","10.52","mGal","bouguer_anomaly"
"949234","-27.17166","-66.03000","-172.04","4480.00","","","28.54","mGal","bouguer_anomaly"
"940091","-26.58375","-66.02776","-244.49","1803.00","","","7.24","mGal","bouguer_anomaly"
"940081","-26.35400","-66.02735","-240.00","2141.00","","","12.90","mGal","bouguer_anomaly"
"949233","-27.16166","-66.01500","-169.32","3770.00","","","17.09","mGal","bouguer_anomaly"
"940090","-26.54509","-66.01497","-245.43","1773.00","","","7.66","mGal","bouguer_anomaly"
"940099","-26.65025","-66.01397","-256.43","1811.00","","","6.17","mGal","bouguer_anomaly"
"940087","-26.48348","-65.99891","-243.28","1744.00","","","9.53","mGal","bouguer_anomaly"
"940089","-26.51908","-65.99322","-245.55","1786.00","","","7.02","mGal","bouguer_anomaly"
"949232","-27.17334","-65.99000","-174.13","3290.00","","","18.08","mGal","bouguer_anomaly"
"940085","-26.45079","-65.98421","-241.01","1743.00","","","9.00","mGal","bouguer_anomaly"
"940102","-26.57641","-65.98403","-258.89","1789.00","","","5.95","mGal","bouguer_anomaly"
"940084","-26.40333","-65.98363","-237.86","1711.00","","","10.63","mGal","bouguer_anomaly"
"949114","-27.34833","-65.98000","-150.05","1891.06","","","10.39","mGal","bouguer_anomaly"
"949113","-27.34499","-65.97833","-146.96","1850.00","","","10.36","mGal","bouguer_anomaly"
"940100","-26.64538","-65.97601","-260.01","1926.00","","","5.07","mGal","bouguer_anomaly"
"949231","-27.17500","-65.97334","-168.33","2800.00","","","16.26","mGal","bouguer_anomaly"
"940594","-27.33827","-65.96665","-146.38","1880.00","","","10.31","mGal","bouguer_anomaly"
"940104","-26.54776","-65.95866","-250.71","1845.00","","","5.42","mGal","bouguer_anomaly"
"940083","-26.36390","-65.95790","-229.85","1707.00","","","8.28","mGal","bouguer_anomaly"
"949230","-27.21499","-65.94833","-144.72","2140.00","","","18.37","mGal","bouguer_anomaly"
"940101","-26.59892","-65.94833","-259.58","1863.00","","","5.42","mGal","bouguer_anomaly"
"949229","-27.22833","-65.94000","-142.32","1740.00","","","17.73","mGal","bouguer_anomaly"
"949112","-27.32167","-65.93500","-147.58","1350.00","","","10.07","mGal","bouguer_anomaly"
"949111","-27.32334","-65.93000","-140.08","1316.65","","","9.67","mGal","bouguer_anomaly"
"940103","-26.59036","-65.91880","-249.82","1947.00","","","5.42","mGal","bouguer_anomaly"
"949110","-27.31500","-65.90334","-128.33","1048.51","","","9.53","mGal","bouguer_anomaly"
"949228","-27.25333","-65.89167","-136.52","1180.00","","","13.32","mGal","bouguer_anomaly"
"940595","-27.32952","-65.87718","-133.81","919.00","","","8.46","mGal","bouguer_anomaly"
"940105","-26.58796","-65.86551","-225.82","2215.00","","","6.97","mGal","bouguer_anomaly"
"949227","-27.30000","-65.85667","-135.39","790.00","","","8.89","mGal","bouguer_anomaly"
"940106","-26.61739","-65.83855","-208.68","2485.00","","","7.37","mGal","bouguer_anomaly"
"949109","-27.34833","-65.83167","-125.96","713.06","","","6.14","mGal","bouguer_anomaly"
"940107","-26.64577","-65.81889","-197.80","2624.00","","","9.40","mGal","bouguer_anomaly"
"940108","-26.67838","-65.81043","-182.79","2846.00","","","8.94","mGal","bouguer_anomaly"
"940109","-26.72359","-65.78806","-178.91","2977.00","","","7.64","mGal","bouguer_anomaly"
"940117","-26.94797","-65.77277","-128.91","2429.00","","","10.39","mGal","bouguer_anomaly"
"949247","-27.12000","-65.77000","-135.70","1076.00","","","11.13","mGal","bouguer_anomaly"
"949108","-27.33666","-65.76833","-122.77","550.00","","","4.65","mGal","bouguer_anomaly"
"940116","-26.91060","-65.76507","-132.75","2330.00","","","9.80","mGal","bouguer_anomaly"
"949107","-27.33333","-65.75667","-127.78","524.78","","","4.46","mGal","bouguer_anomaly"
"940110","-26.74053","-65.75217","-164.07","3022.00","","","10.12","mGal","bouguer_anomaly"
"940115","-26.87354","-65.75008","-132.94","2263.00","","","8.54","mGal","bouguer_anomaly"
"949246","-27.14333","-65.74834","-131.68","881.00","","","9.40","mGal","bouguer_anomaly"
"940118","-26.95522","-65.74223","-123.20","2291.00","","","9.08","mGal","bouguer_anomaly"
"949106","-27.33499","-65.73499","-135.59","480.00","","","4.09","mGal","bouguer_anomaly"
"940111","-26.77158","-65.72847","-147.93","2817.00","","","8.14","mGal","bouguer_anomaly"
"949245","-27.14833","-65.72500","-130.97","796.00","","","7.82","mGal","bouguer_anomaly"
"940112","-26.80328","-65.72002","-141.75","2574.00","","","9.08","mGal","bouguer_anomaly"
"940114","-26.85573","-65.71005","-122.10","2056.00","","","9.45","mGal","bouguer_anomaly"
"940688","-26.83842","-65.70765","-125.22","2202.10","","","7.69","mGal","bouguer_anomaly"
"940113","-26.82866","-65.70531","-137.51","2289.00","","","7.74","mGal","bouguer_anomaly"
"940596","-27.33600","-65.69967","-121.61","462.00","","","3.31","mGal","bouguer_anomaly"
"940119","-26.93778","-65.69375","-115.61","2033.00","","","7.13","mGal","bouguer_anomaly"
"940120","-26.89697","-65.68591","-122.02","2005.00","","","6.92","mGal","bouguer_anomaly"
"940121","-26.92316","-65.67847","-106.16","2036.00","","","6.76","mGal","bouguer_anomaly"
"949244","-27.17666","-65.67667","-129.32","655.00","","","5.34","mGal","bouguer_anomaly"
"962368","-27.06785","-65.67218","-110.39","914.00","","","3.23","mGal","bouguer_anomaly"
"962367","-27.04437","-65.66987","-111.10","1209.00","","","4.19","mGal","bouguer_anomaly"
"962365","-26.97536","-65.66314","-103.36","1862.00","","","8.17","mGal","bouguer_anomaly"
"962366","-27.00857","-65.65918","-102.79","1536.00","","","6.14","mGal","bouguer_anomaly"
"940597","-27.33662","-65.65173","-117.11","409.00","","","2.62","mGal","bouguer_anomaly"
"962369","-27.09500","-65.64627","-109.50","718.00","","","2.24","mGal","bouguer_anomaly"
"949243","-27.18999","-65.63666","-125.17","483.00","","","4.38","mGal","bouguer_anomaly"
"962370","-27.11088","-65.59769","-117.96","582.00","","","1.63","mGal","bouguer_anomaly"
"949242","-27.18834","-65.59666","-123.43","415.00","","","3.68","mGal","bouguer_anomaly"
"949105","-27.34166","-65.59666","-116.20","369.64","","","2.00","mGal","bouguer_anomaly"
"949200","-27.35166","-65.58000","-116.48","365.00","","","1.79","mGal","bouguer_anomaly"
"949126","-27.31833","-65.57500","-119.16","368.16","","","1.92","mGal","bouguer_anomaly"
"940198","-27.29281","-65.56813","-119.27","368.00","","","2.03","mGal","bouguer_anomaly"
"962371","-27.12027","-65.54984","-114.84","467.00","","","1.25","mGal","bouguer_anomaly"
"949127","-27.25000","-65.53667","-121.06","369.26","","","2.03","mGal","bouguer_anomaly"
"949241","-27.17666","-65.53000","-125.70","373.00","","","2.64","mGal","bouguer_anomaly"
"949128","-27.21500","-65.52333","-122.95","364.92","","","2.16","mGal","bouguer_anomaly"
"962372","-27.11300","-65.50999","-119.00","442.00","","","1.04","mGal","bouguer_anomaly"
"940206","-26.79662","-65.47164","-124.22","1042.00","","","4.91","mGal","bouguer_anomaly"
"949004","-27.12833","-65.46667","-129.11","352.65","","","2.30","mGal","bouguer_anomaly"
"940205","-26.77319","-65.46186","-122.92","906.00","","","5.45","mGal","bouguer_anomaly"
"949226","-27.22167","-65.46168","-124.08","341.00","","","1.58","mGal","bouguer_anomaly"
"949005","-27.10500","-65.44500","-127.38","352.06","","","2.24","mGal","bouguer_anomaly"
"940204","-26.73928","-65.44205","-120.74","991.00","","","4.67","mGal","bouguer_anomaly"
"940207","-26.80727","-65.44186","-118.27","798.00","","","5.02","mGal","bouguer_anomaly"
"940208","-26.84093","-65.43595","-98.24","737.00","","","4.57","mGal","bouguer_anomaly"
"940203","-26.69785","-65.42985","-125.23","1138.00","","","3.90","mGal","bouguer_anomaly"
"940202","-26.66780","-65.42635","-128.76","1157.00","","","3.87","mGal","bouguer_anomaly"
"940209","-26.86396","-65.42320","-99.75","840.00","","","3.44","mGal","bouguer_anomaly"
"949225","-27.23333","-65.41167","-120.03","330.00","","","1.20","mGal","bouguer_anomaly"
"940211","-26.90521","-65.40162","-100.73","885.00","","","3.42","mGal","bouguer_anomaly"
"940210","-26.88855","-65.40085","-105.05","1071.00","","","4.51","mGal","bouguer_anomaly"
"940129","-27.06160","-65.39856","-125.44","356.00","","","2.00","mGal","bouguer_anomaly"
"940212","-26.92103","-65.39710","-101.50","665.00","","","2.83","mGal","bouguer_anomaly"
"940128","-27.02538","-65.38535","-125.47","362.00","","","2.14","mGal","bouguer_anomaly"
"940201","-26.64523","-65.38171","-113.35","922.00","","","4.11","mGal","bouguer_anomaly"
"940213","-26.93018","-65.37961","-112.87","445.00","","","2.99","mGal","bouguer_anomaly"
"940127","-26.98408","-65.36855","-123.68","382.00","","","2.27","mGal","bouguer_anomaly"
"940215","-26.97638","-65.36597","-118.95","410.00","","","2.24","mGal","bouguer_anomaly"
"949078","-27.12166","-65.36500","-122.87","334.88","","","1.34","mGal","bouguer_anomaly"
"949003","-26.79833","-65.35833","-105.63","1275.00","","","4.70","mGal","bouguer_anomaly"
"949076","-27.19167","-65.35500","-118.70","323.87","","","1.04","mGal","bouguer_anomaly"
"940200","-26.61247","-65.35379","-119.27","804.00","","","3.23","mGal","bouguer_anomaly"
"949077","-27.15499","-65.35333","-121.70","328.00","","","1.17","mGal","bouguer_anomaly"
"949074","-27.26333","-65.35333","-110.62","320.00","","","0.83","mGal","bouguer_anomaly"
"949075","-27.22667","-65.35166","-114.67","320.90","","","0.91","mGal","bouguer_anomaly"
"940130","-27.02066","-65.34740","-122.60","361.00","","","1.71","mGal","bouguer_anomaly"
"949006","-26.96000","-65.34666","-121.36","387.87","","","2.22","mGal","bouguer_anomaly"
"949073","-27.26167","-65.34666","-109.88","319.06","","","0.83","mGal","bouguer_anomaly"
"940010","-26.48180","-65.34423","-137.29","782.00","","","2.48","mGal","bouguer_anomaly"
"940214","-26.94500","-65.34176","-108.88","445.00","","","2.16","mGal","bouguer_anomaly"
"940126","-26.94465","-65.34140","-119.00","391.00","","","2.35","mGal","bouguer_anomaly"
"949238","-27.12000","-65.33833","-120.29","335.50","","","1.17","mGal","bouguer_anomaly"
"949072","-27.30000","-65.32999","-105.36","314.10","","","0.69","mGal","bouguer_anomaly"
"940125","-26.90630","-65.32371","-118.13","403.00","","","2.70","mGal","bouguer_anomaly"
"940216","-26.90552","-65.32189","-116.15","415.00","","","2.62","mGal","bouguer_anomaly"
"940012","-26.40760","-65.31882","-148.16","811.00","","","1.74","mGal","bouguer_anomaly"
"940009","-26.51963","-65.31567","-127.52","732.00","","","2.24","mGal","bouguer_anomaly"
"940122","-26.80578","-65.31208","-115.81","503.00","","","3.28","mGal","bouguer_anomaly"
"940199","-26.60565","-65.30838","-113.17","734.00","","","2.40","mGal","bouguer_anomaly"
"940124","-26.86736","-65.30650","-118.68","411.00","","","2.56","mGal","bouguer_anomaly"
"940011","-26.43731","-65.30477","-144.10","754.00","","","1.76","mGal","bouguer_anomaly"
"949007","-27.03333","-65.30334","-117.06","361.80","","","1.23","mGal","bouguer_anomaly"
"940217","-26.86648","-65.30293","-116.84","418.00","","","2.46","mGal","bouguer_anomaly"
"949237","-27.13333","-65.30001","-115.49","333.00","","","0.93","mGal","bouguer_anomaly"
"940008","-26.55280","-65.29320","-118.03","696.00","","","2.22","mGal","bouguer_anomaly"
"940131","-27.00588","-65.29203","-117.81","361.00","","","1.28","mGal","bouguer_anomaly"
"940013","-26.36531","-65.29169","-151.46","769.00","","","1.55","mGal","bouguer_anomaly"
"940007","-26.59625","-65.27517","-111.86","687.00","","","2.16","mGal","bouguer_anomaly"
"940132","-26.96617","-65.27417","-118.44","370.00","","","1.31","mGal","bouguer_anomaly"
"940218","-26.83788","-65.26817","-114.87","430.00","","","2.16","mGal","bouguer_anomaly"
"949236","-27.14000","-65.26167","-109.75","333.00","","","0.72","mGal","bouguer_anomaly"
"940006","-26.61918","-65.26088","-105.63","696.00","","","1.90","mGal","bouguer_anomaly"
"940123","-26.83082","-65.25765","-117.45","424.00","","","2.00","mGal","bouguer_anomaly"
"940133","-26.95894","-65.25298","-117.04","371.00","","","1.17","mGal","bouguer_anomaly"
"940002","-26.72816","-65.25134","-115.22","605.00","","","2.00","mGal","bouguer_anomaly"
"940137","-26.91042","-65.24935","-119.25","382.00","","","1.39","mGal","bouguer_anomaly"
"940005","-26.64824","-65.23341","-104.54","633.00","","","1.98","mGal","bouguer_anomaly"
"940004","-26.69583","-65.22260","-108.65","597.00","","","1.84","mGal","bouguer_anomaly"
"940219","-26.83701","-65.22239","-111.63","439.00","","","1.39","mGal","bouguer_anomaly"
"940001","-26.78050","-65.21845","-110.81","482.00","","","1.58","mGal","bouguer_anomaly"
"940003","-26.74538","-65.21556","-110.07","521.00","","","1.66","mGal","bouguer_anomaly"
"940134","-26.94785","-65.20638","-112.64","379.00","","","0.91","mGal","bouguer_anomaly"
"940283","-26.83075","-65.19362","-109.63","426.00","","","1.15","mGal","bouguer_anomaly"
"949235","-27.14833","-65.19334","-100.41","331.00","","","0.51","mGal","bouguer_anomaly"
"940135","-26.90607","-65.19072","-112.56","393.00","","","0.91","mGal","bouguer_anomaly"
"949002","-26.84167","-65.19000","-109.73","422.14","","","1.09","mGal","bouguer_anomaly"
"949001","-26.83500","-65.18832","-168.52","423.96","","","1.09","mGal","bouguer_anomaly"
"940220","-26.78178","-65.17900","-103.42","474.00","","","1.15","mGal","bouguer_anomaly"
"940136","-26.86668","-65.17672","-110.42","405.00","","","0.93","mGal","bouguer_anomaly"
"940221","-26.74254","-65.17350","-99.78","510.00","","","1.20","mGal","bouguer_anomaly"
"949008","-27.03000","-65.15499","-100.72","361.70","","","0.53","mGal","bouguer_anomaly"
"949009","-27.08500","-65.15166","-97.56","347.10","","","0.45","mGal","bouguer_anomaly"
"940222","-26.71424","-65.15037","-89.09","504.00","","","1.23","mGal","bouguer_anomaly"
"940074","-26.81448","-65.14360","-99.64","446.00","","","0.85","mGal","bouguer_anomaly"
"949010","-27.13333","-65.14166","-93.01","334.20","","","0.37","mGal","bouguer_anomaly"
"940284","-26.84137","-65.13840","-102.69","425.00","","","0.77","mGal","bouguer_anomaly"
"940285","-26.87317","-65.12873","-100.98","416.00","","","0.67","mGal","bouguer_anomaly"
"940223","-26.69510","-65.11246","-86.26","546.00","","","0.99","mGal","bouguer_anomaly"
"940073","-26.77543","-65.11031","-91.00","489.00","","","0.75","mGal","bouguer_anomaly"
"949011","-27.18499","-65.11001","-90.56","300.00","","","0.29","mGal","bouguer_anomaly"
"940286","-26.91363","-65.09423","-95.29","406.00","","","0.48","mGal","bouguer_anomaly"
"940318","-26.86017","-65.07205","-92.15","425.00","","","0.51","mGal","bouguer_anomaly"
"940224","-26.66760","-65.07130","-82.22","604.00","","","0.99","mGal","bouguer_anomaly"
"940072","-26.75260","-65.06577","-84.70","526.00","","","0.64","mGal","bouguer_anomaly"
"940287","-26.94244","-65.05682","-87.94","396.00","","","0.37","mGal","bouguer_anomaly"
"940225","-26.62673","-65.05547","-78.95","655.00","","","1.12","mGal","bouguer_anomaly"
"949012","-27.24166","-65.05500","-75.40","311.60","","","0.16","mGal","bouguer_anomaly"
"940226","-26.58909","-65.03195","-75.73","719.00","","","1.07","mGal","bouguer_anomaly"
"940071","-26.73260","-65.02617","-82.57","547.00","","","0.59","mGal","bouguer_anomaly"
"940317","-26.86877","-65.02400","-84.86","415.00","","","0.37","mGal","bouguer_anomaly"
"940319","-26.91354","-65.02165","-83.76","399.00","","","0.32","mGal","bouguer_anomaly"
"940227","-26.55145","-65.01770","-76.42","771.00","","","1.20","mGal","bouguer_anomaly"
"949013","-27.28333","-65.01667","-67.81","307.40","","","0.08","mGal","bouguer_anomaly"
"940288","-26.97752","-65.01234","-80.72","380.00","","","0.27","mGal","bouguer_anomaly"
"940228","-26.51804","-65.00824","-76.01","871.00","","","1.12","mGal","bouguer_anomaly"
"940230","-26.45395","-65.00788","-78.74","1068.00","","","1.34","mGal","bouguer_anomaly"
"949014","-27.30500","-65.00000","-64.61","305.21","","","0.05","mGal","bouguer_anomaly"
"940229","-26.48711","-64.98643","-73.15","947.00","","","1.07","mGal","bouguer_anomaly"
"940070","-26.70662","-64.98425","-82.03","574.00","","","0.67","mGal","bouguer_anomaly"
"949015","-27.32333","-64.98333","-62.35","304.29","","","0.03","mGal","bouguer_anomaly"
"940316","-26.87741","-64.98116","-79.56","413.00","","","0.29","mGal","bouguer_anomaly"
"940305","-27.27080","-64.97910","-62.59","316.00","","","0.05","mGal","bouguer_anomaly"
"940289","-27.00996","-64.97160","-74.66","367.00","","","0.19","mGal","bouguer_anomaly"
"949016","-27.34834","-64.97000","-61.56","298.73","","","0.00","mGal","bouguer_anomaly"
"940231","-26.43818","-64.96494","-74.56","916.00","","","1.25","mGal","bouguer_anomaly"
"940232","-26.40790","-64.96074","-74.94","991.00","","","1.50","mGal","bouguer_anomaly"
"940306","-27.23425","-64.95079","-62.72","320.00","","","0.05","mGal","bouguer_anomaly"
"940069","-26.68721","-64.94656","-78.61","560.00","","","0.64","mGal","bouguer_anomaly"
"940290","-27.03243","-64.94389","-71.04","361.00","","","0.13","mGal","bouguer_anomaly"
"940377","-26.41582","-64.93882","-70.99","918.00","","","1.44","mGal","bouguer_anomaly"
"940308","-27.16467","-64.93494","-65.07","334.00","","","0.08","mGal","bouguer_anomaly"
"940233","-26.40908","-64.93120","-71.41","947.00","","","1.44","mGal","bouguer_anomaly"
"940309","-27.12057","-64.92776","-66.39","339.00","","","0.08","mGal","bouguer_anomaly"
"940234","-26.37523","-64.92776","-75.14","1035.00","","","1.42","mGal","bouguer_anomaly"
"940307","-27.19787","-64.92692","-62.26","329.00","","","0.05","mGal","bouguer_anomaly"
"940310","-27.07633","-64.92149","-68.60","353.00","","","0.11","mGal","bouguer_anomaly"
"940068","-26.66468","-64.91936","-77.07","565.00","","","0.61","mGal","bouguer_anomaly"
"940315","-26.88325","-64.91927","-70.57","408.00","","","0.21","mGal","bouguer_anomaly"
"940291","-27.05032","-64.91924","-68.13","364.30","","","0.11","mGal","bouguer_anomaly"
"940342","-26.71738","-64.91819","-73.17","518.00","","","0.43","mGal","bouguer_anomaly"
"940376","-26.43209","-64.91420","-66.62","909.00","","","1.36","mGal","bouguer_anomaly"
"940311","-27.01000","-64.90759","-69.14","363.00","","","0.13","mGal","bouguer_anomaly"
"940375","-26.46882","-64.90225","-61.06","764.00","","","1.39","mGal","bouguer_anomaly"
"940312","-26.97202","-64.89017","-68.35","378.00","","","0.11","mGal","bouguer_anomaly"
"940349","-26.81328","-64.88828","-68.61","422.00","","","0.21","mGal","bouguer_anomaly"
"940067","-26.63591","-64.88288","-74.68","547.00","","","0.59","mGal","bouguer_anomaly"
"940320","-26.87378","-64.88277","-66.01","413.00","","","0.16","mGal","bouguer_anomaly"
"940292","-27.08115","-64.88153","-64.11","354.00","","","0.05","mGal","bouguer_anomaly"
"940348","-26.77180","-64.87795","-75.91","432.00","","","0.27","mGal","bouguer_anomaly"
"940313","-26.92995","-64.87759","-66.24","398.00","","","0.13","mGal","bouguer_anomaly"
"940314","-26.88647","-64.87642","-64.96","418.00","","","0.16","mGal","bouguer_anomaly"
"940374","-26.50254","-64.87405","-59.23","660.00","","","1.31","mGal","bouguer_anomaly"
"940343","-26.72643","-64.86625","-77.57","454.00","","","0.29","mGal","bouguer_anomaly"
"940066","-26.59785","-64.85437","-66.91","569.00","","","0.56","mGal","bouguer_anomaly"
"940373","-26.53887","-64.85139","-64.27","598.00","","","0.75","mGal","bouguer_anomaly"
"940293","-27.10665","-64.83710","-58.43","373.00","","","0.03","mGal","bouguer_anomaly"
"940321","-26.86485","-64.83517","-61.55","391.00","","","0.13","mGal","bouguer_anomaly"
"940065","-26.56375","-64.82738","-61.20","567.00","","","0.64","mGal","bouguer_anomaly"
"940344","-26.73592","-64.81519","-72.45","418.00","","","0.21","mGal","bouguer_anomaly"
"940294","-27.13433","-64.80796","-54.89","375.20","","","0.03","mGal","bouguer_anomaly"
"940064","-26.54622","-64.78161","-60.88","545.00","","","0.51","mGal","bouguer_anomaly"
"940295","-27.16308","-64.78132","-48.94","369.00","","","0.03","mGal","bouguer_anomaly"
"940322","-26.85938","-64.78043","-63.38","350.00","","","0.11","mGal","bouguer_anomaly"
"940300","-27.34555","-64.77595","-46.58","305.00","","","0.00","mGal","bouguer_anomaly"
"940353","-26.37160","-64.76618","-65.35","737.00","","","1.20","mGal","bouguer_anomaly"
"940345","-26.74592","-64.76521","-65.68","404.00","","","0.16","mGal","bouguer_anomaly"
"940296","-27.20393","-64.75613","-47.21","342.00","","","0.00","mGal","bouguer_anomaly"
"940299","-27.30705","-64.75481","-45.32","301.00","","","0.03","mGal","bouguer_anomaly"
"940063","-26.50945","-64.74940","-58.45","553.00","","","0.51","mGal","bouguer_anomaly"
"940350","-26.45592","-64.74585","-57.95","588.00","","","0.77","mGal","bouguer_anomaly"
"940324","-26.88555","-64.73946","-55.26","330.40","","","0.08","mGal","bouguer_anomaly"
"940323","-26.87970","-64.73922","-56.17","333.00","","","0.08","mGal","bouguer_anomaly"
"940351","-26.42172","-64.73669","-59.25","616.00","","","0.80","mGal","bouguer_anomaly"
"940298","-27.26657","-64.73385","-43.53","307.00","","","0.00","mGal","bouguer_anomaly"
"940352","-26.38490","-64.72845","-63.71","601.00","","","0.83","mGal","bouguer_anomaly"
"940325","-26.92845","-64.72084","-51.66","332.00","","","0.03","mGal","bouguer_anomaly"
"940346","-26.75493","-64.71909","-62.26","384.00","","","0.11","mGal","bouguer_anomaly"
"940062","-26.53168","-64.71637","-56.77","527.00","","","0.37","mGal","bouguer_anomaly"
"940334","-26.85092","-64.70953","-56.99","324.00","","","0.08","mGal","bouguer_anomaly"
"940372","-26.44573","-64.70358","-57.40","530.00","","","0.53","mGal","bouguer_anomaly"
"940297","-27.22735","-64.69963","-44.67","304.00","","","0.03","mGal","bouguer_anomaly"
"940371","-26.40100","-64.69762","-58.14","546.00","","","0.61","mGal","bouguer_anomaly"
"940326","-26.96757","-64.69466","-56.36","309.00","","","0.03","mGal","bouguer_anomaly"
"940333","-27.21122","-64.69137","-48.84","289.00","","","0.03","mGal","bouguer_anomaly"
"940335","-26.81295","-64.68824","-58.91","338.00","","","0.08","mGal","bouguer_anomaly"
"940370","-26.36567","-64.67948","-59.16","512.00","","","0.53","mGal","bouguer_anomaly"
"940347","-26.75100","-64.67242","-54.98","375.00","","","0.08","mGal","bouguer_anomaly"
"940332","-27.18113","-64.66859","-51.57","280.00","","","0.00","mGal","bouguer_anomaly"
"940336","-26.77330","-64.66739","-56.45","347.00","","","0.08","mGal","bouguer_anomaly"
"940061","-26.54062","-64.66727","-55.49","442.00","","","0.24","mGal","bouguer_anomaly"
"940327","-26.99866","-64.66267","-42.31","323.00","","","0.00","mGal","bouguer_anomaly"
"940331","-27.14195","-64.66013","-50.12","291.00","","","0.00","mGal","bouguer_anomaly"
"940337","-26.73748","-64.64850","-51.55","366.00","","","0.08","mGal","bouguer_anomaly"
"940330","-27.10085","-64.64142","-46.66","292.00","","","0.00","mGal","bouguer_anomaly"
"940338","-26.69737","-64.62535","-46.56","385.00","","","0.08","mGal","bouguer_anomaly"
"940329","-27.05793","-64.62186","-41.75","294.00","","","0.00","mGal","bouguer_anomaly"
"940060","-26.54977","-64.62022","-49.26","420.00","","","0.16","mGal","bouguer_anomaly"
"940328","-27.01893","-64.61852","-39.56","296.00","","","0.00","mGal","bouguer_anomaly"
"940339","-26.65955","-64.60410","-45.59","390.00","","","0.11","mGal","bouguer_anomaly"
"940340","-26.62057","-64.58360","-42.89","379.00","","","0.11","mGal","bouguer_anomaly"
"940059","-26.55899","-64.57273","-46.63","386.00","","","0.13","mGal","bouguer_anomaly"
"940341","-26.58671","-64.56599","-42.64","389.00","","","0.11","mGal","bouguer_anomaly"
"940058","-26.54623","-64.54265","-45.59","374.00","","","0.13","mGal","bouguer_anomaly"
"940057","-26.50581","-64.52126","-47.33","377.00","","","0.11","mGal","bouguer_anomaly"
"940056","-26.46483","-64.50636","-49.17","381.00","","","0.13","mGal","bouguer_anomaly"
"940055","-26.41984","-64.50407","-50.70","390.00","","","0.13","mGal","bouguer_anomaly"
"940054","-26.37568","-64.50165","-53.95","410.00","","","0.16","mGal","bouguer_anomaly"
"961200","-26.15372","-70.66047","60.47","13.00","","","1.36","mGal","bouguer_anomaly"
"961197","-26.27867","-70.65746","49.46","33.00","","","1.25","mGal","bouguer_anomaly"
"961199","-26.19795","-70.65432","54.64","49.00","","","1.34","mGal","bouguer_anomaly"
"961198","-26.24217","-70.64328","46.24","9.00","","","1.68","mGal","bouguer_anomaly"
"961201","-26.14365","-70.64108","49.35","49.00","","","1.74","mGal","bouguer_anomaly"
"961194","-26.35152","-70.64035","35.56","15.00","","","1.87","mGal","bouguer_anomaly"
"961236","-25.64413","-70.63439","57.99","2.00","","","3.50","mGal","bouguer_anomaly"
"961196","-26.29643","-70.62643","35.26","63.00","","","2.27","mGal","bouguer_anomaly"
"960003","-26.32865","-70.60965","25.97","19.50","","","1.63","mGal","bouguer_anomaly"
"961202","-26.12278","-70.60252","37.66","154.00","","","1.66","mGal","bouguer_anomaly"
"961214","-26.33074","-70.58728","14.11","45.00","","","1.87","mGal","bouguer_anomaly"
"961235","-25.64498","-70.58250","48.80","166.00","","","2.35","mGal","bouguer_anomaly"
"961237","-25.67707","-70.58136","50.18","223.00","","","2.46","mGal","bouguer_anomaly"
"961203","-26.10802","-70.56034","49.79","345.00","","","1.52","mGal","bouguer_anomaly"
"961238","-25.71337","-70.55420","43.24","381.00","","","2.88","mGal","bouguer_anomaly"
"961213","-26.33597","-70.55172","12.97","115.00","","","2.38","mGal","bouguer_anomaly"
"961234","-25.62347","-70.54162","40.24","284.00","","","3.44","mGal","bouguer_anomaly"
"961239","-25.75065","-70.54095","34.13","511.00","","","2.00","mGal","bouguer_anomaly"
"961240","-25.78807","-70.53764","31.10","640.00","","","1.87","mGal","bouguer_anomaly"
"961204","-26.12803","-70.51720","23.17","486.00","","","1.44","mGal","bouguer_anomaly"
"961233","-25.58863","-70.51572","35.23","376.00","","","2.56","mGal","bouguer_anomaly"
"961241","-25.82097","-70.50878","26.68","743.00","","","1.60","mGal","bouguer_anomaly"
"961242","-25.86109","-70.48738","31.06","636.00","","","1.71","mGal","bouguer_anomaly"
"961232","-25.55483","-70.48697","25.13","475.00","","","2.94","mGal","bouguer_anomaly"
"45434","-25.40427","-70.48357","8.18","11.55","","","4.01","mGal","bouguer_anomaly"
"961243","-25.89807","-70.48219","29.50","593.00","","","1.90","mGal","bouguer_anomaly"
"961221","-25.90962","-70.47305","29.73","647.00","","","1.76","mGal","bouguer_anomaly"
"961205","-26.14355","-70.47287","14.06","622.00","","","1.28","mGal","bouguer_anomaly"
"961208","-26.26470","-70.47261","2.01","607.00","","","1.23","mGal","bouguer_anomaly"
"961211","-26.34812","-70.47201","0.07","267.00","","","2.32","mGal","bouguer_anomaly"
"45433","-25.43045","-70.45605","3.85","191.00","","","4.78","mGal","bouguer_anomaly"
"45301","-25.36763","-70.44526","-3.93","32.00","","","8.88","mGal","bouguer_anomaly"
"45432","-25.46676","-70.43680","0.63","372.00","","","3.48","mGal","bouguer_anomaly"
"45430","-25.49703","-70.41527","-2.61","538.86","","","2.25","mGal","bouguer_anomaly"
"961220","-25.95348","-70.45766","27.21","784.00","","","1.34","mGal","bouguer_anomaly"
"961222","-25.88470","-70.45378","34.15","610.00","","","2.14","mGal","bouguer_anomaly"
"961209","-26.30232","-70.44862","2.39","625.00","","","1.47","mGal","bouguer_anomaly"
"961215","-26.12972","-70.44440","12.66","735.00","","","1.15","mGal","bouguer_anomaly"
"961231","-25.53407","-70.44416","9.39","592.00","","","2.88","mGal","bouguer_anomaly"
"961216","-26.08827","-70.43805","10.14","661.00","","","1.23","mGal","bouguer_anomaly"
"961217","-26.04532","-70.43378","9.45","492.00","","","1.95","mGal","bouguer_anomaly"
"961210","-26.32673","-70.43370","2.62","376.00","","","1.71","mGal","bouguer_anomaly"
"961223","-25.84582","-70.43324","28.18","633.00","","","1.90","mGal","bouguer_anomaly"
"961219","-25.98922","-70.43280","-24.38","482.00","","","2.00","mGal","bouguer_anomaly"
"961218","-26.01592","-70.40965","6.80","512.00","","","1.84","mGal","bouguer_anomaly"
"961781","-26.01407","-70.40607","-11.22","424.00","","","2.27","mGal","bouguer_anomaly"
"961255","-26.31147","-70.40340","-2.60","457.00","","","1.71","mGal","bouguer_anomaly"
"961224","-25.81166","-70.39555","17.77","687.00","","","2.24","mGal","bouguer_anomaly"
"45801","-25.52863","-70.38679","-9.81","695.00","","","1.38","mGal","bouguer_anomaly"
"961230","-25.55953","-70.37642","-12.33","770.30","","","2.94","mGal","bouguer_anomaly"
"45429","-25.49246","-70.37394","-13.38","691.97","","","2.10","mGal","bouguer_anomaly"
"45431","-25.56507","-70.37178","-11.90","774.50","","","1.29","mGal","bouguer_anomaly"
"961229","-25.59202","-70.37175","-14.61","777.90","","","2.19","mGal","bouguer_anomaly"
"961225","-25.78023","-70.36905","6.72","761.00","","","2.16","mGal","bouguer_anomaly"
"961244","-26.00695","-70.36360","1.25","592.00","","","1.82","mGal","bouguer_anomaly"
"961228","-25.63468","-70.36343","-12.04","740.00","","","2.54","mGal","bouguer_anomaly"
"961226","-25.71658","-70.36297","-0.98","830.40","","","2.03","mGal","bouguer_anomaly"
"961254","-26.31797","-70.35980","-10.53","540.00","","","1.58","mGal","bouguer_anomaly"
"961780","-26.00992","-70.35810","-19.37","495.00","","","2.22","mGal","bouguer_anomaly"
"45428","-25.47988","-70.35738","-18.25","743.00","","","2.25","mGal","bouguer_anomaly"
"961227","-25.67857","-70.35676","-8.94","770.00","","","2.14","mGal","bouguer_anomaly"
"961659","-25.73617","-70.34299","-6.45","822.00","","","1.98","mGal","bouguer_anomaly"
"45802","-25.55007","-70.33429","-18.35","849.00","","","1.28","mGal","bouguer_anomaly"
"45427","-25.46331","-70.32388","-25.85","826.00","","","1.79","mGal","bouguer_anomaly"
"961245","-26.02614","-70.32073","-6.97","695.00","","","1.63","mGal","bouguer_anomaly"
"961253","-26.33046","-70.31838","-15.01","608.00","","","1.60","mGal","bouguer_anomaly"
"961779","-26.02582","-70.31558","-27.83","616.00","","","1.95","mGal","bouguer_anomaly"
"961658","-25.76270","-70.30958","-11.29","814.00","","","2.40","mGal","bouguer_anomaly"
"961252","-26.28741","-70.30795","-11.47","778.00","","","1.25","mGal","bouguer_anomaly"
"961246","-26.04993","-70.29760","-10.92","743.00","","","1.76","mGal","bouguer_anomaly"
"961251","-26.24331","-70.29585","-10.12","797.00","","","1.25","mGal","bouguer_anomaly"
"961247","-26.09391","-70.29238","-13.53","858.00","","","1.25","mGal","bouguer_anomaly"
"961248","-26.12717","-70.28612","-12.77","918.00","","","1.15","mGal","bouguer_anomaly"
"45426","-25.43820","-70.28383","-39.87","898.84","","","1.98","mGal","bouguer_anomaly"
"45803","-25.54149","-70.28344","-41.53","934.00","","","1.34","mGal","bouguer_anomaly"
"961250","-26.20395","-70.28149","-14.83","934.00","","","1.15","mGal","bouguer_anomaly"
"961778","-26.00810","-70.27410","-35.00","585.00","","","2.32","mGal","bouguer_anomaly"
"961266","-26.32973","-70.27025","-12.79","660.00","","","1.71","mGal","bouguer_anomaly"
"961249","-26.16292","-70.26695","-19.24","1031.00","","","1.23","mGal","bouguer_anomaly"
"961657","-25.75383","-70.26093","-24.28","890.00","","","1.95","mGal","bouguer_anomaly"
"45804","-25.55273","-70.23727","-59.09","995.00","","","1.38","mGal","bouguer_anomaly"
"45425","-25.42124","-70.22947","-62.91","1001.37","","","2.01","mGal","bouguer_anomaly"
"961265","-26.31365","-70.22633","-26.28","719.00","","","1.82","mGal","bouguer_anomaly"
"961777","-26.01641","-70.22625","-50.05","630.00","","","2.51","mGal","bouguer_anomaly"
"961656","-25.75197","-70.21551","-31.84","960.00","","","2.30","mGal","bouguer_anomaly"
"45423","-25.38039","-70.20172","-68.81","1341.53","","","1.82","mGal","bouguer_anomaly"
"45424","-25.41790","-70.19633","-77.67","1074.40","","","1.89","mGal","bouguer_anomaly"
"45805","-25.56576","-70.18963","-74.49","1074.00","","","1.38","mGal","bouguer_anomaly"
"961264","-26.30298","-70.18291","-32.29","781.00","","","1.87","mGal","bouguer_anomaly"
"961776","-26.01947","-70.17778","-49.81","681.00","","","2.46","mGal","bouguer_anomaly"
"961655","-25.76547","-70.17318","-45.21","1031.00","","","1.92","mGal","bouguer_anomaly"
"45905","-25.42161","-70.14993","-92.23","1140.00","","","2.00","mGal","bouguer_anomaly"
"961263","-26.33483","-70.14915","-37.53","845.00","","","2.06","mGal","bouguer_anomaly"
"45806","-25.56061","-70.13334","-89.35","1170.00","","","1.38","mGal","bouguer_anomaly"
"961775","-26.00940","-70.13305","-51.71","744.00","","","2.78","mGal","bouguer_anomaly"
"961654","-25.77018","-70.12313","-53.79","1096.00","","","2.24","mGal","bouguer_anomaly"
"45904","-25.41274","-70.10660","-96.96","1231.00","","","2.00","mGal","bouguer_anomaly"
"961774","-26.00822","-70.08540","-59.70","808.00","","","2.91","mGal","bouguer_anomaly"
"45807","-25.54699","-70.08414","-88.39","1275.00","","","1.38","mGal","bouguer_anomaly"
"961653","-25.76674","-70.07854","-57.63","1173.00","","","2.14","mGal","bouguer_anomaly"
"45903","-25.41015","-70.06552","-99.70","1304.00","","","1.92","mGal","bouguer_anomaly"
"45808","-25.51785","-70.05582","-84.86","1417.00","","","1.25","mGal","bouguer_anomaly"
"961773","-26.01628","-70.04443","-66.54","871.00","","","3.47","mGal","bouguer_anomaly"
"45902","-25.41006","-70.03967","-103.10","1343.00","","","1.81","mGal","bouguer_anomaly"
"45809","-25.47059","-70.03621","-94.75","1611.00","","","1.40","mGal","bouguer_anomaly"
"961652","-25.76242","-70.02983","-70.24","1263.00","","","2.11","mGal","bouguer_anomaly"
"45810","-25.43650","-70.02926","-107.79","1443.00","","","1.72","mGal","bouguer_anomaly"
"961762","-26.35022","-70.02233","-62.01","937.00","","","3.58","mGal","bouguer_anomaly"
"961769","-26.11261","-70.01311","-74.42","965.00","","","2.86","mGal","bouguer_anomaly"
"961771","-26.02698","-70.00878","-78.79","958.00","","","3.04","mGal","bouguer_anomaly"
"961763","-26.30662","-70.00655","-63.42","1044.00","","","3.20","mGal","bouguer_anomaly"
"961772","-26.01045","-70.00053","-81.86","937.00","","","3.39","mGal","bouguer_anomaly"
"961770","-26.06938","-70.00006","-76.46","939.00","","","3.28","mGal","bouguer_anomaly"
"961768","-26.15261","-69.99461","-76.10","985.00","","","3.15","mGal","bouguer_anomaly"
"961692","-25.40776","-69.99357","-113.40","1477.00","","","1.90","mGal","bouguer_anomaly"
"961788","-26.06162","-69.99275","-80.17","976.00","","","3.31","mGal","bouguer_anomaly"
"45901","-25.40815","-69.98975","-113.48","1478.00","","","1.58","mGal","bouguer_anomaly"
"961767","-26.19320","-69.98761","-76.36","978.00","","","3.50","mGal","bouguer_anomaly"
"961766","-26.23910","-69.98440","-76.10","981.00","","","3.74","mGal","bouguer_anomaly"
"961651","-25.76173","-69.98203","-82.89","1349.00","","","2.43","mGal","bouguer_anomaly"
"961764","-26.27849","-69.96760","-76.91","1036.00","","","4.38","mGal","bouguer_anomaly"
"961782","-25.99762","-69.95890","-87.36","1000.00","","","4.70","mGal","bouguer_anomaly"
"961789","-26.08045","-69.95593","-79.64","1092.00","","","2.99","mGal","bouguer_anomaly"
"45516","-25.39330","-69.95513","-124.21","1559.00","","","1.47","mGal","bouguer_anomaly"
"961693","-25.41777","-69.95451","-116.95","1603.00","","","1.76","mGal","bouguer_anomaly"
"961650","-25.77927","-69.93798","-90.93","1466.00","","","2.24","mGal","bouguer_anomaly"
"961691","-25.37665","-69.93797","-124.98","1632.00","","","1.90","mGal","bouguer_anomaly"
"45515","-25.36839","-69.92463","-130.02","1670.00","","","1.31","mGal","bouguer_anomaly"
"45911","-25.42618","-69.92447","-125.12","1637.00","","","1.23","mGal","bouguer_anomaly"
"961765","-26.26150","-69.92330","-96.47","1091.00","","","4.41","mGal","bouguer_anomaly"
"961783","-25.96942","-69.92308","-93.10","1150.00","","","3.84","mGal","bouguer_anomaly"
"961790","-26.09272","-69.90902","-88.46","1206.00","","","3.55","mGal","bouguer_anomaly"
"961694","-25.43318","-69.90895","-132.61","1658.00","","","1.92","mGal","bouguer_anomaly"
"961784","-25.93427","-69.89850","-99.20","1247.00","","","3.66","mGal","bouguer_anomaly"
"961649","-25.79263","-69.89192","-96.82","1704.00","","","2.30","mGal","bouguer_anomaly"
"961690","-25.35470","-69.88456","-135.42","1740.00","","","2.00","mGal","bouguer_anomaly"
"45912","-25.44338","-69.87319","-132.18","1740.00","","","1.07","mGal","bouguer_anomaly"
"961785","-25.89860","-69.86990","-108.44","1403.00","","","3.12","mGal","bouguer_anomaly"
"961791","-26.09896","-69.86285","-96.39","1304.00","","","3.66","mGal","bouguer_anomaly"
"961695","-25.45057","-69.85950","-140.06","1760.00","","","1.95","mGal","bouguer_anomaly"
"961787","-25.82290","-69.85537","-128.21","1604.00","","","2.51","mGal","bouguer_anomaly"
"961786","-25.86130","-69.85519","-120.11","1532.00","","","2.72","mGal","bouguer_anomaly"
"961648","-25.78733","-69.84399","-109.61","1770.00","","","2.30","mGal","bouguer_anomaly"
"961792","-26.12050","-69.83244","-110.64","1389.00","","","4.33","mGal","bouguer_anomaly"
"45913","-25.45882","-69.82775","-145.01","1843.00","","","1.07","mGal","bouguer_anomaly"
"961671","-25.76141","-69.81689","-128.41","1752.00","","","2.64","mGal","bouguer_anomaly"
"961696","-25.46338","-69.81396","-154.95","1839.00","","","2.11","mGal","bouguer_anomaly"
"961793","-26.14020","-69.79020","-127.04","1493.00","","","4.17","mGal","bouguer_anomaly"
"961672","-25.72800","-69.78841","-141.40","1728.00","","","2.75","mGal","bouguer_anomaly"
"961697","-25.49225","-69.78565","-162.68","1830.00","","","2.16","mGal","bouguer_anomaly"
"961806","-26.31198","-69.78204","-123.94","1544.00","","","5.61","mGal","bouguer_anomaly"
"961698","-25.53420","-69.78141","-162.63","1915.00","","","2.14","mGal","bouguer_anomaly"
"45914","-25.48933","-69.78050","-160.06","1849.00","","","1.18","mGal","bouguer_anomaly"
"961660","-25.69522","-69.76213","-158.73","1810.30","","","2.78","mGal","bouguer_anomaly"
"961699","-25.57434","-69.75919","-174.40","1980.00","","","2.16","mGal","bouguer_anomaly"
"961794","-26.14777","-69.74757","-141.58","1588.00","","","5.05","mGal","bouguer_anomaly"
"961673","-25.65178","-69.74213","-173.53","1898.00","","","2.64","mGal","bouguer_anomaly"
"961674","-25.61362","-69.73352","-175.36","1930.00","","","2.80","mGal","bouguer_anomaly"
"961805","-26.31549","-69.73297","-120.43","1800.00","","","6.09","mGal","bouguer_anomaly"
"961675","-25.57153","-69.72303","-183.70","2070.00","","","2.38","mGal","bouguer_anomaly"
"45915","-25.52577","-69.71704","-187.18","1988.00","","","1.30","mGal","bouguer_anomaly"
"961676","-25.53218","-69.71667","-180.52","2008.00","","","2.70","mGal","bouguer_anomaly"
"961670","-25.63813","-69.71384","-183.12","1960.00","","","3.10","mGal","bouguer_anomaly"
"961795","-26.13047","-69.70483","-152.90","1719.00","","","4.81","mGal","bouguer_anomaly"
"45631","-25.48267","-69.70286","-193.11","1995.00","","","1.40","mGal","bouguer_anomaly"
"961677","-25.48822","-69.70157","-189.79","2009.00","","","2.32","mGal","bouguer_anomaly"
"961678","-25.44385","-69.69215","-193.25","2013.00","","","2.43","mGal","bouguer_anomaly"
"45632","-25.44191","-69.69169","-198.58","1992.00","","","1.48","mGal","bouguer_anomaly"
"961804","-26.31581","-69.68450","-159.40","1872.00","","","6.03","mGal","bouguer_anomaly"
"45633","-25.39500","-69.68317","-198.08","2030.00","","","1.41","mGal","bouguer_anomaly"
"961661","-25.67340","-69.68283","-193.95","2040.00","","","2.67","mGal","bouguer_anomaly"
"961679","-25.39668","-69.67758","-191.83","2052.00","","","2.46","mGal","bouguer_anomaly"
"961796","-26.11878","-69.65762","-254.75","1368.00","","","11.75","mGal","bouguer_anomaly"
"961803","-26.28545","-69.64751","-169.14","2067.00","","","6.33","mGal","bouguer_anomaly"
"961662","-25.69917","-69.63547","-200.99","2214.00","","","3.07","mGal","bouguer_anomaly"
"961557","-26.25047","-69.61763","-165.77","2311.40","","","3.74","mGal","bouguer_anomaly"
"961802","-26.22443","-69.60498","-179.27","2303.00","","","3.90","mGal","bouguer_anomaly"
"961797","-26.10488","-69.60299","-175.06","1982.00","","","5.66","mGal","bouguer_anomaly"
"961801","-26.19877","-69.59478","-181.55","2228.00","","","4.78","mGal","bouguer_anomaly"
"961663","-25.70575","-69.59016","-204.08","2392.00","","","2.86","mGal","bouguer_anomaly"
"961841","-26.28575","-69.58031","-189.74","2465.00","","","4.38","mGal","bouguer_anomaly"
"961664","-25.74232","-69.56077","-215.51","2410.00","","","3.36","mGal","bouguer_anomaly"
"961798","-26.11688","-69.55560","-187.49","2133.00","","","7.53","mGal","bouguer_anomaly"
"961856","-26.11738","-69.55333","-184.96","2144.00","","","7.66","mGal","bouguer_anomaly"
"961800","-26.20293","-69.54860","-215.66","2348.00","","","5.93","mGal","bouguer_anomaly"
"961799","-26.15716","-69.54327","-195.73","2329.00","","","6.06","mGal","bouguer_anomaly"
"46103","-25.35435","-69.53337","-240.20","2369.00","","","1.96","mGal","bouguer_anomaly"
"961842","-26.27524","-69.52969","-206.86","2787.00","","","3.15","mGal","bouguer_anomaly"
"961665","-25.76738","-69.52333","-212.93","2285.00","","","4.22","mGal","bouguer_anomaly"
"961857","-26.12172","-69.51579","-205.67","2308.00","","","5.66","mGal","bouguer_anomaly"
"961844","-26.32582","-69.49329","-224.59","2542.00","","","4.33","mGal","bouguer_anomaly"
"961843","-26.29177","-69.48519","-227.07","2713.00","","","3.63","mGal","bouguer_anomaly"
"961666","-25.76505","-69.47886","-223.70","2512.00","","","4.46","mGal","bouguer_anomaly"
"46104","-25.36782","-69.47708","-250.79","2505.00","","","2.21","mGal","bouguer_anomaly"
"961858","-26.10772","-69.47348","-221.52","2537.00","","","5.47","mGal","bouguer_anomaly"
"961864","-26.07440","-69.47009","-219.87","2672.00","","","5.15","mGal","bouguer_anomaly"
"961865","-26.04005","-69.44463","-233.30","2850.00","","","3.44","mGal","bouguer_anomaly"
"961667","-25.77575","-69.43372","-230.55","2632.00","","","4.22","mGal","bouguer_anomaly"
"961859","-26.10372","-69.42958","-240.10","2758.00","","","3.42","mGal","bouguer_anomaly"
"46105","-25.37971","-69.42693","-251.36","2710.00","","","2.27","mGal","bouguer_anomaly"
"961866","-25.99757","-69.41382","-241.20","2826.00","","","3.79","mGal","bouguer_anomaly"
"961860","-26.11167","-69.40575","-248.54","2875.00","","","3.28","mGal","bouguer_anomaly"
"961867","-25.97260","-69.39059","-248.09","3021.00","","","3.92","mGal","bouguer_anomaly"
"961668","-25.78155","-69.38707","-246.79","2792.00","","","5.34","mGal","bouguer_anomaly"
"961874","-25.75124","-69.38430","-244.76","2845.00","","","4.65","mGal","bouguer_anomaly"
"46106","-25.37306","-69.38019","-259.05","2971.00","","","2.30","mGal","bouguer_anomaly"
"961861","-26.11357","-69.37259","-261.09","2861.00","","","3.50","mGal","bouguer_anomaly"
"961875","-25.72301","-69.37075","-256.70","2869.00","","","3.44","mGal","bouguer_anomaly"
"961700","-25.35872","-69.36169","-270.89","3091.00","","","2.67","mGal","bouguer_anomaly"
"961876","-25.69282","-69.35800","-261.30","2957.00","","","3.39","mGal","bouguer_anomaly"
"961868","-25.94682","-69.35193","-258.70","3084.00","","","3.71","mGal","bouguer_anomaly"
"961872","-25.84092","-69.35117","-262.41","3111.00","","","3.20","mGal","bouguer_anomaly"
"46107","-25.38307","-69.34941","-265.71","3126.00","","","2.33","mGal","bouguer_anomaly"
"961877","-25.64835","-69.34901","-266.48","3074.00","","","2.96","mGal","bouguer_anomaly"
"961870","-25.91449","-69.34055","-263.83","3038.00","","","3.58","mGal","bouguer_anomaly"
"961862","-26.10738","-69.33725","-274.27","2989.00","","","2.99","mGal","bouguer_anomaly"
"961669","-25.78330","-69.33714","-270.66","3004.00","","","4.11","mGal","bouguer_anomaly"
"961871","-25.87840","-69.33667","-262.96","3134.00","","","3.50","mGal","bouguer_anomaly"
"961878","-25.60230","-69.33328","-275.55","3191.00","","","2.86","mGal","bouguer_anomaly"
"961873","-25.81952","-69.32471","-270.36","3203.00","","","3.28","mGal","bouguer_anomaly"
"961869","-25.93278","-69.31635","-266.47","3100.00","","","3.95","mGal","bouguer_anomaly"
"961863","-26.08743","-69.31181","-278.35","3214.00","","","5.39","mGal","bouguer_anomaly"
"46108","-25.39535","-69.31017","-273.48","3171.00","","","2.22","mGal","bouguer_anomaly"
"961879","-25.56272","-69.29877","-282.33","3259.00","","","3.31","mGal","bouguer_anomaly"
"961880","-25.58132","-69.27235","-288.71","3418.00","","","2.38","mGal","bouguer_anomaly"
"46109","-25.40538","-69.25999","-285.36","3342.00","","","2.23","mGal","bouguer_anomaly"
"961925","-26.24560","-69.25620","-302.60","3344.00","","","2.32","mGal","bouguer_anomaly"
"961926","-26.29240","-69.24940","-299.44","3349.00","","","2.40","mGal","bouguer_anomaly"
"961927","-26.33903","-69.24831","-295.16","3349.00","","","2.46","mGal","bouguer_anomaly"
"961840","-26.34037","-69.24760","-289.12","3375.00","","","2.43","mGal","bouguer_anomaly"
"961855","-26.20480","-69.23689","-299.25","3380.00","","","2.46","mGal","bouguer_anomaly"
"961881","-25.59218","-69.22958","-294.39","3547.00","","","2.43","mGal","bouguer_anomaly"
"46110","-25.40185","-69.21345","-301.80","3409.00","","","2.36","mGal","bouguer_anomaly"
"961839","-26.35144","-69.20883","-303.89","3375.00","","","2.86","mGal","bouguer_anomaly"
"961924","-26.16022","-69.19701","-315.52","3353.00","","","2.80","mGal","bouguer_anomaly"
"961882","-25.60488","-69.19563","-306.08","3699.00","","","2.24","mGal","bouguer_anomaly"
"961854","-26.27677","-69.18152","-322.73","3348.00","","","2.75","mGal","bouguer_anomaly"
"961852","-26.20493","-69.17506","-322.67","3351.00","","","2.88","mGal","bouguer_anomaly"
"46111","-25.40913","-69.16853","-312.66","3555.00","","","2.15","mGal","bouguer_anomaly"
"961853","-26.23757","-69.16402","-331.08","3354.00","","","2.99","mGal","bouguer_anomaly"
"961923","-26.17513","-69.15916","-328.14","3357.00","","","3.23","mGal","bouguer_anomaly"
"961883","-25.61223","-69.14935","-313.04","3945.00","","","2.35","mGal","bouguer_anomaly"
"961922","-26.14510","-69.11978","-332.92","3362.00","","","3.50","mGal","bouguer_anomaly"
"46112","-25.40421","-69.11782","-326.03","3684.00","","","2.36","mGal","bouguer_anomaly"
"961884","-25.61457","-69.11237","-321.69","4287.00","","","3.60","mGal","bouguer_anomaly"
"961921","-26.12358","-69.07785","-334.67","3394.00","","","3.84","mGal","bouguer_anomaly"
"961885","-25.60298","-69.07017","-333.12","4323.00","","","3.47","mGal","bouguer_anomaly"
"46113","-25.40650","-69.06661","-334.83","3934.00","","","2.09","mGal","bouguer_anomaly"
"961895","-25.64483","-69.06305","-330.74","4346.00","","","3.52","mGal","bouguer_anomaly"
"961919","-26.03786","-69.06257","-335.51","3753.00","","","2.67","mGal","bouguer_anomaly"
"961897","-25.72718","-69.05833","-327.64","4246.00","","","2.78","mGal","bouguer_anomaly"
"961920","-26.08453","-69.05759","-335.78","3440.00","","","4.01","mGal","bouguer_anomaly"
"961918","-25.99748","-69.05545","-332.65","3534.00","","","3.18","mGal","bouguer_anomaly"
"961896","-25.68650","-69.05472","-331.60","4287.00","","","3.02","mGal","bouguer_anomaly"
"961898","-25.76198","-69.03865","-333.49","4130.00","","","2.08","mGal","bouguer_anomaly"
"961917","-25.96340","-69.03392","-341.82","3520.00","","","3.18","mGal","bouguer_anomaly"
"961886","-25.58458","-69.03271","-348.99","4181.00","","","2.43","mGal","bouguer_anomaly"
"961899","-25.80667","-69.03263","-344.17","4075.00","","","1.92","mGal","bouguer_anomaly"
"961900","-25.83768","-69.03207","-343.62","4098.00","","","1.98","mGal","bouguer_anomaly"
"961916","-25.91752","-69.02855","-342.61","3622.00","","","2.54","mGal","bouguer_anomaly"
"46114","-25.39794","-69.02137","-347.38","4029.00","","","1.60","mGal","bouguer_anomaly"
"961887","-25.56892","-68.99557","-361.86","3857.00","","","1.44","mGal","bouguer_anomaly"
"961901","-25.86062","-68.99165","-352.63","4187.00","","","1.98","mGal","bouguer_anomaly"
"961902","-25.89875","-68.97910","-352.10","3771.00","","","1.79","mGal","bouguer_anomaly"
"961892","-25.61117","-68.96187","-364.69","3715.00","","","1.47","mGal","bouguer_anomaly"
"46115","-25.40200","-68.95924","-352.92","4070.00","","","1.62","mGal","bouguer_anomaly"
"961833","-26.35000","-68.94666","-367.52","3743.00","","","3.84","mGal","bouguer_anomaly"
"961832","-26.29333","-68.94500","-365.48","3681.00","","","4.38","mGal","bouguer_anomaly"
"961903","-25.90584","-68.94338","-361.62","4047.00","","","1.66","mGal","bouguer_anomaly"
"961888","-25.56953","-68.94335","-364.02","3792.00","","","1.39","mGal","bouguer_anomaly"
"961893","-25.63671","-68.94334","-363.32","3657.00","","","1.60","mGal","bouguer_anomaly"
"961831","-26.25666","-68.91500","-367.39","3813.00","","","3.44","mGal","bouguer_anomaly"
"46116","-25.41055","-68.91419","-360.99","4140.00","","","1.49","mGal","bouguer_anomaly"
"961889","-25.55055","-68.91402","-365.17","3925.00","","","1.42","mGal","bouguer_anomaly"
"961904","-25.90187","-68.91323","-363.92","4019.00","","","1.55","mGal","bouguer_anomaly"
"961894","-25.63734","-68.90366","-363.35","3648.00","","","1.68","mGal","bouguer_anomaly"
"46117","-25.43410","-68.88564","-365.92","3962.00","","","1.10","mGal","bouguer_anomaly"
"961890","-25.55515","-68.87525","-364.84","3714.00","","","1.98","mGal","bouguer_anomaly"
"961910","-25.92099","-68.87117","-373.43","4109.00","","","1.52","mGal","bouguer_anomaly"
"961830","-26.26500","-68.86333","-365.95","4134.00","","","2.62","mGal","bouguer_anomaly"
"961905","-25.89267","-68.86254","-371.90","4029.00","","","1.44","mGal","bouguer_anomaly"
"961891","-25.58781","-68.85215","-366.09","3560.00","","","2.14","mGal","bouguer_anomaly"
"961829","-26.30333","-68.84834","-375.83","4385.00","","","2.32","mGal","bouguer_anomaly"
"961908","-25.82368","-68.84523","-368.85","3432.00","","","3.18","mGal","bouguer_anomaly"
"46118","-25.43587","-68.84178","-366.20","3739.00","","","1.91","mGal","bouguer_anomaly"
"961909","-25.77296","-68.84000","-372.89","3360.00","","","3.58","mGal","bouguer_anomaly"
"961907","-25.86540","-68.83891","-375.85","3765.00","","","2.00","mGal","bouguer_anomaly"
"961911","-25.95620","-68.83474","-379.17","4224.00","","","1.60","mGal","bouguer_anomaly"
"961906","-25.88167","-68.82639","-376.21","3895.00","","","1.60","mGal","bouguer_anomaly"
"961828","-26.32167","-68.81167","-372.40","4175.00","","","3.04","mGal","bouguer_anomaly"
"46119","-25.46147","-68.80683","-368.21","3613.00","","","2.65","mGal","bouguer_anomaly"
"961734","-25.46150","-68.80019","-355.36","3686.00","","","3.84","mGal","bouguer_anomaly"
"961733","-25.43312","-68.79971","-354.72","3671.00","","","3.90","mGal","bouguer_anomaly"
"961912","-25.97084","-68.79089","-389.24","4201.00","","","1.50","mGal","bouguer_anomaly"
"961815","-26.35000","-68.77834","-372.79","4157.00","","","3.76","mGal","bouguer_anomaly"
"961732","-25.41795","-68.76452","-368.73","3821.00","","","1.79","mGal","bouguer_anomaly"
"46120","-25.46275","-68.75700","-378.41","3873.00","","","1.45","mGal","bouguer_anomaly"
"961735","-25.46452","-68.74862","-368.12","4020.00","","","1.92","mGal","bouguer_anomaly"
"961913","-25.98265","-68.74339","-389.22","4075.00","","","1.71","mGal","bouguer_anomaly"
"961915","-26.02545","-68.73222","-387.96","3966.00","","","2.56","mGal","bouguer_anomaly"
"961736","-25.49298","-68.73087","-375.94","4365.00","","","1.84","mGal","bouguer_anomaly"
"961731","-25.42630","-68.72482","-373.10","3925.00","","","1.92","mGal","bouguer_anomaly"
"46121","-25.50559","-68.72139","-376.32","4397.00","","","2.29","mGal","bouguer_anomaly"
"46122","-25.55977","-68.72126","-380.86","4494.00","","","2.63","mGal","bouguer_anomaly"
"961914","-25.99077","-68.71587","-388.99","3965.00","","","2.59","mGal","bouguer_anomaly"
"961737","-25.52388","-68.71413","-373.20","4307.00","","","1.52","mGal","bouguer_anomaly"
"961817","-26.34770","-68.70510","-380.26","4141.00","","","4.46","mGal","bouguer_anomaly"
"961818","-26.33000","-68.69599","-375.71","4284.00","","","3.07","mGal","bouguer_anomaly"
"961738","-25.55582","-68.68442","-370.53","4220.00","","","1.36","mGal","bouguer_anomaly"
"961730","-25.43600","-68.68050","-375.01","4017.00","","","1.44","mGal","bouguer_anomaly"
"961820","-26.27448","-68.66236","-379.19","4402.00","","","2.62","mGal","bouguer_anomaly"
"961819","-26.31667","-68.65000","-382.47","4449.00","","","2.48","mGal","bouguer_anomaly"
"961729","-25.42228","-68.64827","-388.01","3971.00","","","1.47","mGal","bouguer_anomaly"
"961739","-25.56913","-68.64429","-375.88","4276.00","","","1.20","mGal","bouguer_anomaly"
"961728","-25.38676","-68.64191","-385.55","3967.00","","","1.98","mGal","bouguer_anomaly"
"961741","-25.59448","-68.63988","-376.22","4219.00","","","1.07","mGal","bouguer_anomaly"
"961740","-25.59623","-68.62818","-376.56","4347.00","","","1.28","mGal","bouguer_anomaly"
"961821","-26.26000","-68.61667","-385.61","4244.00","","","2.86","mGal","bouguer_anomaly"
"961742","-25.66860","-68.59582","-375.37","3956.00","","","1.25","mGal","bouguer_anomaly"
"961822","-26.23833","-68.58000","-391.06","4269.00","","","2.72","mGal","bouguer_anomaly"
"961743","-25.68512","-68.55773","-384.35","3936.00","","","1.44","mGal","bouguer_anomaly"
"961744","-25.72185","-68.53725","-381.90","4151.00","","","0.91","mGal","bouguer_anomaly"
"961823","-26.22333","-68.53333","-392.21","4366.00","","","2.54","mGal","bouguer_anomaly"
"961745","-25.76025","-68.53108","-388.87","4018.00","","","1.23","mGal","bouguer_anomaly"
"961755","-26.04285","-68.50703","-397.29","4435.00","","","1.52","mGal","bouguer_anomaly"
"961824","-26.21500","-68.50500","-400.21","4462.00","","","2.24","mGal","bouguer_anomaly"
"961754","-26.02026","-68.50276","-401.78","4413.00","","","1.60","mGal","bouguer_anomaly"
"961746","-25.78688","-68.50105","-377.95","4013.00","","","1.44","mGal","bouguer_anomaly"
"961756","-26.07998","-68.49154","-393.72","4553.00","","","1.68","mGal","bouguer_anomaly"
"961749","-25.90790","-68.48634","-376.38","4131.00","","","1.23","mGal","bouguer_anomaly"
"961748","-25.86388","-68.47968","-373.57","4041.00","","","1.55","mGal","bouguer_anomaly"
"961753","-25.98255","-68.47768","-391.25","4378.00","","","1.25","mGal","bouguer_anomaly"
"961747","-25.82107","-68.47510","-372.52","4009.00","","","1.25","mGal","bouguer_anomaly"
"961825","-26.18167","-68.47334","-399.29","4591.00","","","2.11","mGal","bouguer_anomaly"
"961826","-26.14000","-68.47334","-402.19","4747.00","","","2.06","mGal","bouguer_anomaly"
"961750","-25.94296","-68.47290","-379.33","4225.00","","","1.39","mGal","bouguer_anomaly"
"961751","-25.96222","-68.46286","-377.54","4310.00","","","1.20","mGal","bouguer_anomaly"
"940856","-25.52972","-68.45940","-400.03","3868.00","","","2.43","mGal","bouguer_anomaly"
"961752","-25.97883","-68.44310","-389.41","4444.00","","","1.42","mGal","bouguer_anomaly"
"940938","-25.54722","-68.40980","-414.74","3671.00","","","3.95","mGal","bouguer_anomaly"
"940855","-25.54696","-68.37421","-401.62","3799.00","","","2.08","mGal","bouguer_anomaly"
"940937","-25.55377","-68.32404","-408.21","3781.00","","","4.25","mGal","bouguer_anomaly"
"940854","-25.52643","-68.28585","-397.98","3967.00","","","2.96","mGal","bouguer_anomaly"
"940936","-25.50607","-68.24684","-399.51","4174.00","","","1.92","mGal","bouguer_anomaly"
"940853","-25.52443","-68.21677","-368.74","4363.00","","","1.20","mGal","bouguer_anomaly"
"940935","-25.52018","-68.16087","-379.40","4220.00","","","2.03","mGal","bouguer_anomaly"
"940939","-25.57288","-68.15157","-386.30","4208.00","","","1.98","mGal","bouguer_anomaly"
"940933","-25.47812","-68.14642","-392.58","4281.00","","","1.31","mGal","bouguer_anomaly"
"940852","-25.44705","-68.14423","-385.61","4433.00","","","1.20","mGal","bouguer_anomaly"
"940851","-25.52392","-68.14164","-379.13","4167.00","","","2.43","mGal","bouguer_anomaly"
"940934","-25.42958","-68.14047","-398.42","4379.00","","","1.28","mGal","bouguer_anomaly"
"940940","-25.64417","-68.13519","-387.80","3873.00","","","3.79","mGal","bouguer_anomaly"
"940857","-25.55048","-68.13395","-374.58","4182.00","","","2.24","mGal","bouguer_anomaly"
"940858","-25.68153","-68.12672","-371.09","3888.00","","","2.86","mGal","bouguer_anomaly"
"940941","-25.72442","-68.11785","-388.88","3830.00","","","2.38","mGal","bouguer_anomaly"
"940943","-25.75442","-68.10803","-389.69","3635.00","","","3.47","mGal","bouguer_anomaly"
"940942","-25.69413","-68.09911","-388.05","4013.00","","","1.71","mGal","bouguer_anomaly"
"940932","-25.51087","-68.09451","-400.37","4302.00","","","2.94","mGal","bouguer_anomaly"
"940945","-25.85768","-68.09258","-376.96","3412.00","","","4.57","mGal","bouguer_anomaly"
"940944","-25.69570","-68.08297","-379.60","3598.00","","","5.07","mGal","bouguer_anomaly"
"940860","-25.80807","-68.07755","-364.28","3464.00","","","4.35","mGal","bouguer_anomaly"
"940859","-25.77079","-68.07580","-366.09","3517.00","","","4.35","mGal","bouguer_anomaly"
"940861","-25.88272","-68.06958","-362.25","3477.00","","","3.90","mGal","bouguer_anomaly"
"940862","-25.96727","-68.05853","-359.31","3508.00","","","3.44","mGal","bouguer_anomaly"
"940946","-25.92718","-68.05637","-370.03","3421.00","","","4.73","mGal","bouguer_anomaly"
"940947","-26.00273","-68.04742","-369.07","3452.00","","","5.50","mGal","bouguer_anomaly"
"940850","-25.51508","-68.03965","-376.14","4523.00","","","2.32","mGal","bouguer_anomaly"
"940863","-25.98227","-68.02003","-356.81","3748.00","","","1.42","mGal","bouguer_anomaly"
"940931","-25.51617","-68.01823","-381.07","4686.00","","","2.51","mGal","bouguer_anomaly"
"940948","-26.01767","-67.99077","-368.90","3556.00","","","2.59","mGal","bouguer_anomaly"
"940849","-25.51123","-67.96413","-392.26","4983.00","","","3.26","mGal","bouguer_anomaly"
"940930","-25.46773","-67.96330","-398.89","4774.00","","","2.19","mGal","bouguer_anomaly"
"940864","-26.00477","-67.95540","-351.77","3491.00","","","2.83","mGal","bouguer_anomaly"
"940848","-25.44910","-67.93906","-397.46","4565.00","","","3.15","mGal","bouguer_anomaly"
"940949","-25.99684","-67.93365","-354.36","3321.00","","","4.97","mGal","bouguer_anomaly"
"940950","-25.91330","-67.91765","-351.74","3330.00","","","4.06","mGal","bouguer_anomaly"
"940865","-25.95009","-67.91550","-341.42","3376.00","","","3.95","mGal","bouguer_anomaly"
"940866","-25.85610","-67.90750","-341.46","3408.00","","","3.95","mGal","bouguer_anomaly"
"940929","-25.42206","-67.90556","-409.70","4372.00","","","2.32","mGal","bouguer_anomaly"
"940847","-25.38095","-67.90407","-377.98","4315.00","","","1.63","mGal","bouguer_anomaly"
"940951","-25.82654","-67.88102","-351.73","3336.00","","","4.89","mGal","bouguer_anomaly"
"940867","-25.82158","-67.83500","-331.81","3380.00","","","3.60","mGal","bouguer_anomaly"
"940868","-25.78473","-67.79837","-350.25","3332.00","","","4.43","mGal","bouguer_anomaly"
"940952","-25.77732","-67.78728","-355.82","3328.00","","","4.38","mGal","bouguer_anomaly"
"940869","-25.80791","-67.75000","-360.83","3317.00","","","4.35","mGal","bouguer_anomaly"
"940953","-25.83834","-67.73259","-362.76","3333.00","","","4.57","mGal","bouguer_anomaly"
"940954","-25.89560","-67.72065","-358.39","3600.00","","","2.54","mGal","bouguer_anomaly"
"940871","-25.94185","-67.71841","-362.91","3726.00","","","1.98","mGal","bouguer_anomaly"
"940955","-25.97662","-67.71800","-359.37","3754.00","","","2.16","mGal","bouguer_anomaly"
"940870","-25.87327","-67.71783","-365.56","3554.00","","","2.70","mGal","bouguer_anomaly"
"940872","-26.02948","-67.69254","-351.73","3887.00","","","1.79","mGal","bouguer_anomaly"
"940956","-26.03168","-67.65820","-334.85","4094.00","","","1.07","mGal","bouguer_anomaly"
"940873","-26.03507","-67.63723","-355.41","3828.00","","","1.52","mGal","bouguer_anomaly"
"940822","-25.50922","-67.60744","-360.76","3383.00","","","5.69","mGal","bouguer_anomaly"
"940824","-25.43666","-67.59663","-362.06","3574.00","","","6.38","mGal","bouguer_anomaly"
"940957","-26.07842","-67.59496","-327.65","3620.00","","","3.12","mGal","bouguer_anomaly"
"940909","-25.48467","-67.57320","-363.08","3328.00","","","6.11","mGal","bouguer_anomaly"
"940908","-25.54073","-67.57111","-364.83","3334.00","","","6.03","mGal","bouguer_anomaly"
"940823","-25.46532","-67.56586","-365.03","3356.00","","","6.35","mGal","bouguer_anomaly"
"940874","-26.07297","-67.56070","-330.81","3623.00","","","1.95","mGal","bouguer_anomaly"
"940821","-25.55980","-67.55530","-370.38","3356.00","","","6.57","mGal","bouguer_anomaly"
"940907","-25.57190","-67.54150","-386.59","3834.00","","","2.46","mGal","bouguer_anomaly"
"940958","-26.04337","-67.53638","-333.05","3738.00","","","1.63","mGal","bouguer_anomaly"
"940910","-25.44812","-67.53082","-361.70","3334.00","","","7.18","mGal","bouguer_anomaly"
"940905","-25.66553","-67.52457","-375.16","4596.00","","","3.63","mGal","bouguer_anomaly"
"940825","-25.41647","-67.51718","-353.48","3380.00","","","7.72","mGal","bouguer_anomaly"
"962350","-26.33213","-68.01343","-402.39","3199.00","","","4.14","mGal","bouguer_anomaly"
"962351","-26.29302","-68.00629","-400.89","3204.00","","","3.74","mGal","bouguer_anomaly"
"962353","-26.20677","-68.00522","-388.48","3222.00","","","3.92","mGal","bouguer_anomaly"
"962352","-26.24862","-68.00283","-392.45","3216.00","","","3.31","mGal","bouguer_anomaly"
"962354","-26.16913","-67.98596","-388.87","3231.00","","","2.75","mGal","bouguer_anomaly"
"962355","-26.12939","-67.96855","-384.09","3239.00","","","3.10","mGal","bouguer_anomaly"
"962356","-26.09468","-67.94908","-377.88","3246.00","","","1.95","mGal","bouguer_anomaly"
"962357","-26.05075","-67.93121","-370.23","3256.00","","","1.76","mGal","bouguer_anomaly"
"941044","-25.43277","-67.92560","-404.41","4447.00","","","2.54","mGal","bouguer_anomaly"
"941063","-26.31507","-67.91999","-369.06","4054.00","","","1.87","mGal","bouguer_anomaly"
"962358","-25.99757","-67.91022","-364.80","3272.00","","","1.55","mGal","bouguer_anomaly"
"941043","-25.46866","-67.90804","-410.68","4626.00","","","2.72","mGal","bouguer_anomaly"
"941062","-26.29650","-67.89368","-357.89","4066.00","","","1.76","mGal","bouguer_anomaly"
"941040","-25.54483","-67.89185","-409.62","5474.00","","","7.26","mGal","bouguer_anomaly"
"941041","-25.56480","-67.88845","-419.29","6204.00","","","22.80","mGal","bouguer_anomaly"
"962359","-25.96122","-67.88737","-358.85","3272.00","","","1.87","mGal","bouguer_anomaly"
"941039","-25.50819","-67.88395","-413.95","4996.00","","","3.23","mGal","bouguer_anomaly"
"941042","-25.48042","-67.87899","-412.38","4865.00","","","2.96","mGal","bouguer_anomaly"
"962360","-25.92679","-67.87115","-353.99","3285.00","","","1.74","mGal","bouguer_anomaly"
"941061","-26.29522","-67.86662","-355.43","3969.00","","","2.43","mGal","bouguer_anomaly"
"962361","-25.91591","-67.83121","-369.62","3292.00","","","1.58","mGal","bouguer_anomaly"
"941060","-26.24999","-67.82792","-349.19","3848.00","","","3.15","mGal","bouguer_anomaly"
"962362","-25.88697","-67.78979","-367.12","3309.00","","","1.60","mGal","bouguer_anomaly"
"941059","-26.25667","-67.78053","-333.24","4053.00","","","1.34","mGal","bouguer_anomaly"
"962363","-25.84500","-67.77830","-367.19","3309.00","","","1.47","mGal","bouguer_anomaly"
"941051","-25.72743","-67.77798","-350.98","3357.00","","","5.45","mGal","bouguer_anomaly"
"962364","-25.81002","-67.77002","-364.08","3324.00","","","1.39","mGal","bouguer_anomaly"
"941058","-26.23857","-67.76827","-327.78","4304.00","","","1.47","mGal","bouguer_anomaly"
"941050","-25.70350","-67.76445","-355.20","3387.00","","","5.85","mGal","bouguer_anomaly"
"941049","-25.67365","-67.74380","-358.60","3441.00","","","5.95","mGal","bouguer_anomaly"
"941057","-26.24222","-67.73057","-319.16","3853.00","","","2.24","mGal","bouguer_anomaly"
"941037","-25.35340","-67.71726","-366.87","4190.00","","","4.03","mGal","bouguer_anomaly"
"941048","-25.65688","-67.71550","-372.07","3364.00","","","6.25","mGal","bouguer_anomaly"
"941036","-25.38783","-67.70090","-375.29","4226.00","","","4.49","mGal","bouguer_anomaly"
"941056","-26.23645","-67.68310","-315.43","3576.00","","","3.90","mGal","bouguer_anomaly"
"941047","-25.61427","-67.68005","-371.78","3353.00","","","6.89","mGal","bouguer_anomaly"
"941035","-25.40713","-67.65794","-376.49","4260.00","","","4.81","mGal","bouguer_anomaly"
"941046","-25.58040","-67.65528","-368.44","3340.00","","","5.95","mGal","bouguer_anomaly"
"941055","-26.23658","-67.65189","-313.25","3452.00","","","3.74","mGal","bouguer_anomaly"
"941034","-25.44000","-67.63350","-375.22","4081.00","","","2.67","mGal","bouguer_anomaly"
"941045","-25.54277","-67.62556","-360.05","3342.00","","","6.17","mGal","bouguer_anomaly"
"941054","-26.20385","-67.62373","-314.49","3449.00","","","3.52","mGal","bouguer_anomaly"
"941032","-25.49624","-67.62327","-370.75","3586.00","","","3.90","mGal","bouguer_anomaly"
"941053","-26.16319","-67.61808","-315.15","3477.00","","","3.55","mGal","bouguer_anomaly"
"941033","-25.46063","-67.61794","-371.33","3828.00","","","3.31","mGal","bouguer_anomaly"
"941052","-26.12525","-67.59990","-318.03","3547.00","","","3.55","mGal","bouguer_anomaly"
"940904","-25.71840","-67.51078","-362.90","4395.00","","","2.06","mGal","bouguer_anomaly"
"940902","-25.77366","-67.51064","-358.72","4066.00","","","2.11","mGal","bouguer_anomaly"
"940820","-25.60639","-67.51002","-387.49","3961.00","","","3.28","mGal","bouguer_anomaly"
"940903","-25.74483","-67.50788","-358.15","4224.00","","","2.08","mGal","bouguer_anomaly"
"940911","-25.39220","-67.50575","-373.50","3347.00","","","6.27","mGal","bouguer_anomaly"
"940906","-25.63222","-67.50317","-381.30","4218.00","","","3.20","mGal","bouguer_anomaly"
"940875","-26.05146","-67.48740","-343.54","3530.00","","","2.16","mGal","bouguer_anomaly"
"940901","-25.80734","-67.48499","-351.63","3914.00","","","3.92","mGal","bouguer_anomaly"
"940826","-25.35673","-67.48302","-373.81","3326.00","","","9.29","mGal","bouguer_anomaly"
"940900","-25.83871","-67.47192","-358.39","3779.00","","","3.10","mGal","bouguer_anomaly"
"940819","-25.59243","-67.46635","-385.70","4106.00","","","3.71","mGal","bouguer_anomaly"
"940959","-26.00695","-67.44971","-343.49","3424.00","","","3.47","mGal","bouguer_anomaly"
"940899","-25.87315","-67.43749","-370.03","3645.00","","","3.34","mGal","bouguer_anomaly"
"940809","-26.15758","-67.43539","-333.96","3298.80","","","3.07","mGal","bouguer_anomaly"
"940892","-26.17615","-67.43155","-335.45","3286.00","","","2.88","mGal","bouguer_anomaly"
"940894","-26.09748","-67.43021","-334.56","3323.30","","","3.50","mGal","bouguer_anomaly"
"940893","-26.12180","-67.41983","-338.88","3329.00","","","3.20","mGal","bouguer_anomaly"
"940818","-25.57952","-67.41828","-382.61","4381.00","","","2.38","mGal","bouguer_anomaly"
"940898","-25.84535","-67.40985","-372.62","3682.00","","","4.27","mGal","bouguer_anomaly"
"940810","-26.05099","-67.40680","-336.02","3364.90","","","4.14","mGal","bouguer_anomaly"
"940808","-26.20292","-67.40276","-337.43","3230.00","","","3.98","mGal","bouguer_anomaly"
"940807","-26.28040","-67.40023","-324.42","3163.70","","","3.58","mGal","bouguer_anomaly"
"940891","-26.24605","-67.39765","-330.99","3197.00","","","3.42","mGal","bouguer_anomaly"
"940890","-26.31467","-67.39402","-313.89","3138.00","","","3.34","mGal","bouguer_anomaly"
"940811","-26.01088","-67.38682","-334.95","3464.40","","","3.58","mGal","bouguer_anomaly"
"940897","-25.86127","-67.37941","-368.79","3798.00","","","2.56","mGal","bouguer_anomaly"
"940817","-25.57308","-67.37607","-379.41","4389.00","","","2.00","mGal","bouguer_anomaly"
"940895","-25.92935","-67.36875","-339.32","3563.40","","","4.51","mGal","bouguer_anomaly"
"940896","-25.90002","-67.36455","-353.08","3670.00","","","4.97","mGal","bouguer_anomaly"
"940812","-25.91797","-67.36425","-341.25","3587.00","","","4.86","mGal","bouguer_anomaly"
"52864","-26.02467","-67.36100","-333.69","3364.89","","","5.76","mGal","bouguer_anomaly"
"52863","-25.98783","-67.34717","-332.88","3464.38","","","4.62","mGal","bouguer_anomaly"
"52862","-25.95033","-67.33333","-333.89","3508.00","","","5.74","mGal","bouguer_anomaly"
"940816","-25.56473","-67.33060","-380.30","4174.00","","","2.59","mGal","bouguer_anomaly"
"52861","-25.91200","-67.31467","-335.97","3563.39","","","6.70","mGal","bouguer_anomaly"
"52860","-25.87467","-67.29533","-344.05","3816.32","","","4.33","mGal","bouguer_anomaly"
"940815","-25.57276","-67.29508","-375.13","3979.00","","","4.86","mGal","bouguer_anomaly"
"52859","-25.83633","-67.27533","-353.35","4063.41","","","2.70","mGal","bouguer_anomaly"
"940814","-25.59863","-67.26990","-384.44","4079.00","","","5.05","mGal","bouguer_anomaly"
"52858","-25.79717","-67.26383","-360.07","4161.00","","","2.43","mGal","bouguer_anomaly"
"52857","-25.76117","-67.24533","-376.35","4267.44","","","2.34","mGal","bouguer_anomaly"
"940813","-25.62085","-67.24442","-364.36","4408.30","","","1.60","mGal","bouguer_anomaly"
"941031","-25.52692","-67.23438","-373.54","4077.00","","","2.56","mGal","bouguer_anomaly"
"52856","-25.72567","-67.23100","-372.61","4333.00","","","2.08","mGal","bouguer_anomaly"
"52855","-25.67967","-67.21333","-373.86","4383.21","","","1.76","mGal","bouguer_anomaly"
"52848","-25.38500","-67.21333","-356.71","3962.00","","","1.78","mGal","bouguer_anomaly"
"52851","-25.50083","-67.20783","-368.43","4170.10","","","1.91","mGal","bouguer_anomaly"
"52854","-25.63867","-67.20683","-367.19","4386.00","","","1.62","mGal","bouguer_anomaly"
"52852","-25.55400","-67.20600","-367.83","4251.00","","","1.61","mGal","bouguer_anomaly"
"52850","-25.46617","-67.20367","-355.98","4114.00","","","1.52","mGal","bouguer_anomaly"
"52853","-25.59450","-67.19433","-363.91","4408.31","","","1.33","mGal","bouguer_anomaly"
"52849","-25.42567","-67.18750","-355.09","4068.58","","","1.90","mGal","bouguer_anomaly"
"941067","-26.35135","-67.12121","-322.67","4005.00","","","7.74","mGal","bouguer_anomaly"
"941021","-26.31275","-67.09695","-369.25","3947.00","","","7.66","mGal","bouguer_anomaly"
"941068","-26.26805","-67.07404","-340.37","4248.00","","","2.99","mGal","bouguer_anomaly"
"941076","-25.94697","-67.05380","-386.21","4645.00","","","2.72","mGal","bouguer_anomaly"
"941022","-26.25470","-67.05312","-378.93","4105.00","","","4.35","mGal","bouguer_anomaly"
"941028","-25.98747","-67.04037","-367.05","4783.00","","","3.18","mGal","bouguer_anomaly"
"941029","-25.91373","-67.03725","-352.39","4868.00","","","2.91","mGal","bouguer_anomaly"
"941069","-26.22327","-67.03613","-347.18","4262.00","","","3.26","mGal","bouguer_anomaly"
"941023","-26.18158","-67.02938","-391.93","4207.00","","","3.10","mGal","bouguer_anomaly"
"941075","-26.02307","-67.02409","-393.81","4657.00","","","2.88","mGal","bouguer_anomaly"
"941030","-25.84028","-67.00872","-331.18","4877.00","","","1.84","mGal","bouguer_anomaly"
"941027","-26.05267","-67.00535","-370.48","4734.00","","","2.54","mGal","bouguer_anomaly"
"941070","-26.18654","-66.99892","-369.71","4499.00","","","1.60","mGal","bouguer_anomaly"
"941077","-25.88955","-66.99535","-382.30","4737.00","","","3.31","mGal","bouguer_anomaly"
"941074","-26.08923","-66.97347","-375.10","4701.00","","","1.95","mGal","bouguer_anomaly"
"941078","-25.80937","-66.97018","-374.59","4508.00","","","2.94","mGal","bouguer_anomaly"
"941071","-26.13265","-66.95765","-382.57","4705.00","","","1.84","mGal","bouguer_anomaly"
"941025","-26.10007","-66.94415","-382.64","4687.00","","","2.54","mGal","bouguer_anomaly"
"941024","-26.16793","-66.94182","-405.27","4406.00","","","2.48","mGal","bouguer_anomaly"
"941079","-25.82617","-66.92999","-378.63","4489.00","","","2.91","mGal","bouguer_anomaly"
"941080","-25.83276","-66.92267","-375.51","4552.00","","","2.70","mGal","bouguer_anomaly"
"941072","-26.04731","-66.91760","-374.85","4754.00","","","2.19","mGal","bouguer_anomaly"
"941091","-25.45395","-66.89983","-344.30","4004.00","","","1.66","mGal","bouguer_anomaly"
"941089","-25.53083","-66.88416","-349.66","4035.00","","","1.98","mGal","bouguer_anomaly"
"941090","-25.49407","-66.88147","-344.13","4018.00","","","1.79","mGal","bouguer_anomaly"
"941026","-26.04920","-66.87396","-385.45","4726.00","","","3.02","mGal","bouguer_anomaly"
"941092","-25.42062","-66.87179","-339.39","3992.00","","","1.84","mGal","bouguer_anomaly"
"941087","-25.62067","-66.86930","-366.06","4067.00","","","2.62","mGal","bouguer_anomaly"
"941073","-26.02485","-66.86618","-376.42","4838.00","","","2.48","mGal","bouguer_anomaly"
"941081","-25.84129","-66.86110","-373.36","4620.00","","","2.43","mGal","bouguer_anomaly"
"941086","-25.65293","-66.85735","-367.88","4139.00","","","2.22","mGal","bouguer_anomaly"
"941093","-25.37367","-66.85717","-336.22","3987.00","","","2.43","mGal","bouguer_anomaly"
"941088","-25.58053","-66.85221","-354.90","4050.00","","","2.78","mGal","bouguer_anomaly"
"941084","-25.71772","-66.85048","-346.01","4699.00","","","2.24","mGal","bouguer_anomaly"
"941083","-25.76908","-66.83203","-359.17","4681.00","","","1.98","mGal","bouguer_anomaly"
"941085","-25.68967","-66.83020","-350.84","4579.00","","","1.87","mGal","bouguer_anomaly"
"941082","-25.81043","-66.82070","-359.31","4632.00","","","2.00","mGal","bouguer_anomaly"
"54120","-25.42300","-66.29000","-275.11","2026.81","","","6.23","mGal","bouguer_anomaly"
"54121","-25.42333","-66.24600","-277.80","2015.48","","","5.47","mGal","bouguer_anomaly"
"54122","-25.38533","-66.23900","-270.31","2049.96","","","5.27","mGal","bouguer_anomaly"
"54119","-25.45167","-66.23717","-271.03","1993.31","","","5.45","mGal","bouguer_anomaly"
"54118","-25.48917","-66.23017","-272.97","1970.18","","","5.53","mGal","bouguer_anomaly"
"54117","-25.53167","-66.21617","-273.52","1961.04","","","5.35","mGal","bouguer_anomaly"
"54116","-25.56600","-66.20717","-273.44","1932.13","","","5.56","mGal","bouguer_anomaly"
"54115","-25.59983","-66.19733","-271.65","1904.96","","","5.58","mGal","bouguer_anomaly"
"54114","-25.63200","-66.16550","-276.23","1895.82","","","4.82","mGal","bouguer_anomaly"
"54113","-25.66633","-66.15800","-276.39","1851.79","","","5.31","mGal","bouguer_anomaly"
"54112","-25.69850","-66.14400","-275.63","1920.69","","","6.64","mGal","bouguer_anomaly"
"54111","-25.68167","-66.11917","-274.66","1854.94","","","4.68","mGal","bouguer_anomaly"
"54110","-25.67183","-66.07450","-273.57","1811.18","","","4.69","mGal","bouguer_anomaly"
"54109","-25.69033","-66.02717","-271.07","1775.00","","","4.59","mGal","bouguer_anomaly"
"940082","-26.34581","-65.99170","-233.96","1883.00","","","10.89","mGal","bouguer_anomaly"
"54108","-25.73783","-65.98633","-264.75","1736.63","","","5.05","mGal","bouguer_anomaly"
"940075","-26.11086","-65.96900","-227.50","1641.00","","","9.75","mGal","bouguer_anomaly"
"54107","-25.76950","-65.96700","-259.63","1710.00","","","4.41","mGal","bouguer_anomaly"
"54101","-26.04200","-65.96400","-235.32","1664.06","","","7.31","mGal","bouguer_anomaly"
"54106","-25.81050","-65.96150","-261.74","1686.00","","","4.35","mGal","bouguer_anomaly"
"54102","-25.98550","-65.95550","-238.31","1651.45","","","5.78","mGal","bouguer_anomaly"
"940080","-26.32056","-65.95541","-230.98","1679.00","","","8.81","mGal","bouguer_anomaly"
"54831","-26.08300","-65.95500","-232.90","1616.95","","","8.03","mGal","bouguer_anomaly"
"940076","-26.15260","-65.95153","-224.34","1633.00","","","8.65","mGal","bouguer_anomaly"
"940079","-26.27679","-65.94883","-223.29","1675.00","","","11.08","mGal","bouguer_anomaly"
"940078","-26.23348","-65.94323","-224.78","1638.00","","","10.60","mGal","bouguer_anomaly"
"54105","-25.85533","-65.94317","-257.87","1662.54","","","4.30","mGal","bouguer_anomaly"
"940077","-26.17914","-65.93812","-226.30","1618.00","","","9.18","mGal","bouguer_anomaly"
"54103","-25.93667","-65.93167","-250.14","1593.67","","","4.90","mGal","bouguer_anomaly"
"54830","-26.07217","-65.92800","-241.71","1591.45","","","6.32","mGal","bouguer_anomaly"
"65205","-25.40817","-65.92600","-229.97","2688.00","","","9.76","mGal","bouguer_anomaly"
"65206","-25.44950","-65.92100","-226.17","2544.00","","","8.31","mGal","bouguer_anomaly"
"54104","-25.88600","-65.91783","-254.59","1621.20","","","4.39","mGal","bouguer_anomaly"
"65207","-25.48917","-65.91517","-224.35","2391.00","","","7.67","mGal","bouguer_anomaly"
"65208","-25.53067","-65.91467","-223.56","2417.00","","","5.62","mGal","bouguer_anomaly"
"65204","-25.37017","-65.91117","-240.58","2859.00","","","6.07","mGal","bouguer_anomaly"
"54829","-26.05917","-65.88700","-248.85","1560.00","","","5.25","mGal","bouguer_anomaly"
"65303","-25.39767","-65.84700","-218.27","2582.00","","","6.82","mGal","bouguer_anomaly"
"65304","-25.44317","-65.84700","-216.88","2481.00","","","5.78","mGal","bouguer_anomaly"
"54828","-26.03967","-65.84400","-246.04","1558.29","","","5.08","mGal","bouguer_anomaly"
"65302","-25.35767","-65.84300","-220.63","2690.00","","","5.20","mGal","bouguer_anomaly"
"65305","-25.47933","-65.82817","-214.95","2454.00","","","2.77","mGal","bouguer_anomaly"
"65306","-25.54017","-65.81533","-217.78","2377.00","","","2.75","mGal","bouguer_anomaly"
"54827","-26.01617","-65.80200","-215.05","1525.00","","","6.95","mGal","bouguer_anomaly"
"54826","-25.99000","-65.77150","-209.40","1505.54","","","10.20","mGal","bouguer_anomaly"
"54825","-25.97567","-65.74667","-201.63","1488.25","","","11.71","mGal","bouguer_anomaly"
"54824","-25.94883","-65.73617","-189.34","1463.83","","","15.88","mGal","bouguer_anomaly"
"54823","-25.93133","-65.70883","-178.34","1447.41","","","11.45","mGal","bouguer_anomaly"
"54822","-25.87383","-65.70300","-173.45","1451.18","","","11.97","mGal","bouguer_anomaly"
"54821","-25.82817","-65.69600","-177.65","1377.89","","","11.68","mGal","bouguer_anomaly"
"54818","-25.68350","-65.69200","-174.65","1324.59","","","12.10","mGal","bouguer_anomaly"
"54819","-25.73050","-65.68800","-172.49","1303.25","","","11.60","mGal","bouguer_anomaly"
"54820","-25.77667","-65.67600","-173.88","1351.81","","","11.13","mGal","bouguer_anomaly"
"54817","-25.65783","-65.66467","-174.34","1236.82","","","12.53","mGal","bouguer_anomaly"
"54816","-25.63200","-65.62133","-176.64","1184.24","","","10.84","mGal","bouguer_anomaly"
"54815","-25.59183","-65.58350","-178.48","1151.83","","","5.50","mGal","bouguer_anomaly"
"54814","-25.54800","-65.56467","-189.25","1130.45","","","4.07","mGal","bouguer_anomaly"
"54811","-25.44983","-65.56217","-202.05","1192.00","","","3.05","mGal","bouguer_anomaly"
"54812","-25.48383","-65.55467","-200.60","1150.23","","","3.08","mGal","bouguer_anomaly"
"54813","-25.51350","-65.54683","-194.86","1107.96","","","3.69","mGal","bouguer_anomaly"
"54810","-25.40967","-65.53967","-205.35","1152.00","","","3.26","mGal","bouguer_anomaly"
"65814","-25.97800","-65.53633","-164.44","1292.00","","","6.03","mGal","bouguer_anomaly"
"940281","-26.31161","-65.53407","-162.68","1354.00","","","4.11","mGal","bouguer_anomaly"
"54809","-25.37133","-65.52683","-200.58","1165.82","","","3.09","mGal","bouguer_anomaly"
"65815","-26.01667","-65.51833","-160.93","1195.00","","","12.77","mGal","bouguer_anomaly"
"940280","-26.27805","-65.51790","-154.73","1195.00","","","4.22","mGal","bouguer_anomaly"
"65803","-25.59150","-65.51767","-159.33","1302.00","","","3.16","mGal","bouguer_anomaly"
"65811","-25.86600","-65.51267","-168.15","1720.00","","","2.25","mGal","bouguer_anomaly"
"65802","-25.56050","-65.50750","-176.87","1181.00","","","3.37","mGal","bouguer_anomaly"
"65801","-25.52117","-65.50400","-187.83","1087.00","","","3.44","mGal","bouguer_anomaly"
"65805","-25.66467","-65.49500","-153.90","1861.00","","","1.60","mGal","bouguer_anomaly"
"65813","-25.94600","-65.49500","-165.92","1403.00","","","3.92","mGal","bouguer_anomaly"
"65806","-25.69667","-65.49450","-150.47","1880.00","","","1.46","mGal","bouguer_anomaly"
"65810","-25.82483","-65.49150","-163.59","1687.00","","","2.22","mGal","bouguer_anomaly"
"65812","-25.90250","-65.49000","-167.08","1580.00","","","2.79","mGal","bouguer_anomaly"
"940279","-26.24397","-65.48998","-154.14","1122.00","","","3.76","mGal","bouguer_anomaly"
"65804","-25.62350","-65.48750","-152.62","1497.00","","","2.13","mGal","bouguer_anomaly"
"65816","-26.07750","-65.47550","-164.40","988.00","","","3.85","mGal","bouguer_anomaly"
"65807","-25.72417","-65.47500","-148.79","1994.00","","","1.70","mGal","bouguer_anomaly"
"940278","-26.21789","-65.45730","-170.11","984.00","","","3.02","mGal","bouguer_anomaly"
"65809","-25.79733","-65.44750","-161.61","1675.00","","","2.07","mGal","bouguer_anomaly"
"65808","-25.75617","-65.44500","-163.93","1732.00","","","1.89","mGal","bouguer_anomaly"
"940277","-26.22335","-65.41500","-169.80","920.00","","","2.38","mGal","bouguer_anomaly"
"65817","-26.08833","-65.40517","-170.29","901.00","","","2.40","mGal","bouguer_anomaly"
"940276","-26.23268","-65.36662","-171.59","859.00","","","1.87","mGal","bouguer_anomaly"
"65818","-26.05850","-65.34300","-156.96","858.00","","","2.12","mGal","bouguer_anomaly"
"940275","-26.23740","-65.32385","-166.34","816.00","","","1.55","mGal","bouguer_anomaly"
"65819","-26.11533","-65.29750","-167.50","816.00","","","1.46","mGal","bouguer_anomaly"
"940018","-26.14023","-65.29290","-167.77","808.00","","","1.39","mGal","bouguer_anomaly"
"940016","-26.22976","-65.28358","-161.26","787.00","","","1.36","mGal","bouguer_anomaly"
"940017","-26.18750","-65.28140","-164.59","784.00","","","1.36","mGal","bouguer_anomaly"
"940014","-26.32405","-65.28067","-152.65","758.00","","","1.47","mGal","bouguer_anomaly"
"940015","-26.28025","-65.27955","-155.98","766.00","","","1.42","mGal","bouguer_anomaly"
"940019","-26.11066","-65.27578","-167.59","819.00","","","1.31","mGal","bouguer_anomaly"
"940020","-26.07985","-65.23766","-164.40","856.00","","","1.09","mGal","bouguer_anomaly"
"940248","-26.22513","-65.22885","-155.00","815.00","","","1.09","mGal","bouguer_anomaly"
"940247","-26.17318","-65.21104","-151.77","843.00","","","1.01","mGal","bouguer_anomaly"
"940021","-26.04932","-65.20364","-159.05","878.00","","","0.99","mGal","bouguer_anomaly"
"940246","-26.13153","-65.18522","-149.78","878.00","","","0.88","mGal","bouguer_anomaly"
"940022","-26.02481","-65.17788","-159.60","899.00","","","0.96","mGal","bouguer_anomaly"
"940245","-26.09853","-65.16168","-149.39","904.00","","","0.85","mGal","bouguer_anomaly"
"940023","-25.99016","-65.14377","-155.72","932.00","","","0.93","mGal","bouguer_anomaly"
"940244","-26.12174","-65.12083","-139.24","933.00","","","0.91","mGal","bouguer_anomaly"
"940024","-25.95810","-65.11483","-153.58","925.00","","","0.93","mGal","bouguer_anomaly"
"940025","-25.91801","-65.10011","-155.53","894.00","","","1.01","mGal","bouguer_anomaly"
"940243","-26.12580","-65.07623","-123.19","983.00","","","1.01","mGal","bouguer_anomaly"
"940026","-25.88881","-65.06509","-153.06","863.00","","","1.04","mGal","bouguer_anomaly"
"940027","-25.84913","-65.03997","-150.12","837.00","","","1.07","mGal","bouguer_anomaly"
"940242","-26.12904","-65.02783","-118.32","1053.00","","","1.28","mGal","bouguer_anomaly"
"940028","-25.81405","-65.00036","-145.49","796.00","","","0.96","mGal","bouguer_anomaly"
"940241","-26.14698","-64.99195","-108.04","1161.00","","","1.50","mGal","bouguer_anomaly"
"940238","-26.25983","-64.98239","-90.11","1321.00","","","1.76","mGal","bouguer_anomaly"
"940239","-26.21714","-64.97293","-84.70","1237.00","","","1.55","mGal","bouguer_anomaly"
"940236","-26.31525","-64.97190","-84.99","1297.00","","","1.66","mGal","bouguer_anomaly"
"940029","-25.79903","-64.97045","-134.14","791.00","","","0.88","mGal","bouguer_anomaly"
"940035","-25.53953","-64.96906","-150.43","837.00","","","1.20","mGal","bouguer_anomaly"
"54423","-25.50233","-64.96717","-151.52","857.83","","","1.17","mGal","bouguer_anomaly"
"940237","-26.28916","-64.96587","-82.26","1330.00","","","1.74","mGal","bouguer_anomaly"
"940034","-25.58398","-64.96566","-149.58","825.00","","","1.12","mGal","bouguer_anomaly"
"54422","-25.47417","-64.96467","-149.34","872.00","","","1.13","mGal","bouguer_anomaly"
"940240","-26.17393","-64.96050","-92.39","1208.00","","","2.03","mGal","bouguer_anomaly"
"940033","-25.62658","-64.95130","-147.37","797.00","","","0.91","mGal","bouguer_anomaly"
"54421","-25.44350","-64.94950","-147.87","861.00","","","1.04","mGal","bouguer_anomaly"
"940030","-25.75518","-64.94563","-122.29","768.00","","","0.80","mGal","bouguer_anomaly"
"940235","-26.34215","-64.94480","-82.16","1152.00","","","1.58","mGal","bouguer_anomaly"
"940031","-25.71305","-64.94164","-129.10","802.00","","","0.72","mGal","bouguer_anomaly"
"940032","-25.66875","-64.94154","-140.70","804.00","","","0.77","mGal","bouguer_anomaly"
"940036","-25.83213","-64.94080","-120.07","828.00","","","0.96","mGal","bouguer_anomaly"
"54420","-25.40500","-64.93183","-147.29","833.00","","","0.90","mGal","bouguer_anomaly"
"940249","-25.51602","-64.92430","-151.05","772.00","","","0.85","mGal","bouguer_anomaly"
"54419","-25.36200","-64.91917","-143.43","775.00","","","0.84","mGal","bouguer_anomaly"
"940037","-25.83190","-64.89297","-107.67","740.00","","","1.25","mGal","bouguer_anomaly"
"940250","-25.52497","-64.88365","-146.92","722.00","","","0.67","mGal","bouguer_anomaly"
"940038","-25.84619","-64.84940","-103.23","706.00","","","1.34","mGal","bouguer_anomaly"
"940251","-25.52591","-64.83179","-141.26","671.00","","","0.48","mGal","bouguer_anomaly"
"940357","-26.23780","-64.82155","-65.53","743.00","","","1.90","mGal","bouguer_anomaly"
"940039","-25.86686","-64.81112","-98.60","714.00","","","1.01","mGal","bouguer_anomaly"
"940358","-26.21942","-64.80401","-67.38","704.00","","","1.84","mGal","bouguer_anomaly"
"940356","-26.26622","-64.79977","-60.57","698.00","","","1.71","mGal","bouguer_anomaly"
"940354","-26.34467","-64.78900","-57.47","731.00","","","1.95","mGal","bouguer_anomaly"
"940252","-25.52690","-64.78495","-137.19","621.00","","","0.40","mGal","bouguer_anomaly"
"940355","-26.30657","-64.78407","-58.29","698.00","","","1.50","mGal","bouguer_anomaly"
"940040","-25.89438","-64.77760","-97.91","696.00","","","1.07","mGal","bouguer_anomaly"
"940359","-26.21893","-64.76746","-63.17","645.00","","","1.42","mGal","bouguer_anomaly"
"940041","-25.91472","-64.74850","-93.09","680.00","","","0.99","mGal","bouguer_anomaly"
"940253","-25.53286","-64.73817","-130.49","586.00","","","0.29","mGal","bouguer_anomaly"
"940042","-25.94155","-64.72603","-85.72","670.00","","","0.88","mGal","bouguer_anomaly"
"940360","-26.23377","-64.72527","-59.45","583.00","","","0.96","mGal","bouguer_anomaly"
"940369","-26.30627","-64.72242","-63.44","591.00","","","0.80","mGal","bouguer_anomaly"
"940254","-25.54031","-64.71584","-121.09","586.00","","","0.27","mGal","bouguer_anomaly"
"940262","-25.71318","-64.70940","-93.47","612.00","","","0.27","mGal","bouguer_anomaly"
"940043","-25.96336","-64.69140","-74.68","642.00","","","0.77","mGal","bouguer_anomaly"
"940261","-25.70728","-64.68983","-88.77","587.00","","","0.27","mGal","bouguer_anomaly"
"940263","-25.74818","-64.68577","-83.42","575.00","","","0.29","mGal","bouguer_anomaly"
"940361","-26.24858","-64.68324","-56.38","540.00","","","0.67","mGal","bouguer_anomaly"
"940368","-26.32568","-64.67249","-58.06","537.00","","","0.51","mGal","bouguer_anomaly"
"940044","-26.00878","-64.66945","-67.20","621.00","","","0.69","mGal","bouguer_anomaly"
"940255","-25.55123","-64.66725","-101.53","583.00","","","0.21","mGal","bouguer_anomaly"
"940367","-26.29347","-64.65902","-56.01","541.00","","","0.48","mGal","bouguer_anomaly"
"940260","-25.69161","-64.65221","-81.86","572.00","","","0.24","mGal","bouguer_anomaly"
"940274","-25.98772","-64.65108","-62.36","595.00","","","0.56","mGal","bouguer_anomaly"
"62628","-25.39633","-64.64850","-113.67","519.00","","","0.28","mGal","bouguer_anomaly"
"940362","-26.25248","-64.64828","-54.51","511.00","","","0.51","mGal","bouguer_anomaly"
"940045","-26.04465","-64.64815","-66.44","587.00","","","0.61","mGal","bouguer_anomaly"
"940363","-26.10850","-64.64494","-60.97","589.00","","","0.61","mGal","bouguer_anomaly"
"940264","-25.76317","-64.63988","-71.01","554.00","","","0.27","mGal","bouguer_anomaly"
"940364","-26.14409","-64.63840","-58.21","537.00","","","0.61","mGal","bouguer_anomaly"
"940366","-26.23212","-64.63628","-54.50","507.00","","","0.48","mGal","bouguer_anomaly"
"940259","-25.65634","-64.63261","-80.15","562.00","","","0.27","mGal","bouguer_anomaly"
"940365","-26.18657","-64.62965","-55.35","503.00","","","0.53","mGal","bouguer_anomaly"
"940273","-25.95477","-64.62550","-62.40","565.00","","","0.43","mGal","bouguer_anomaly"
"940258","-25.61611","-64.61983","-81.88","586.00","","","0.27","mGal","bouguer_anomaly"
"940272","-25.91157","-64.61934","-62.75","546.00","","","0.37","mGal","bouguer_anomaly"
"940256","-25.54611","-64.61774","-87.61","564.00","","","0.29","mGal","bouguer_anomaly"
"940257","-25.57401","-64.61696","-85.36","562.00","","","0.32","mGal","bouguer_anomaly"
"940046","-26.07433","-64.61516","-63.02","545.00","","","0.48","mGal","bouguer_anomaly"
"940047","-26.11483","-64.59314","-60.54","522.00","","","0.40","mGal","bouguer_anomaly"
"940265","-25.76945","-64.59310","-60.10","536.00","","","0.24","mGal","bouguer_anomaly"
"940271","-25.88580","-64.58503","-57.78","515.00","","","0.29","mGal","bouguer_anomaly"
"940048","-26.15347","-64.57747","-57.94","485.00","","","0.35","mGal","bouguer_anomaly"
"940270","-25.85649","-64.56125","-54.48","497.00","","","0.27","mGal","bouguer_anomaly"
"940266","-25.77703","-64.54865","-55.18","527.00","","","0.21","mGal","bouguer_anomaly"
"940049","-26.18031","-64.53954","-55.28","473.00","","","0.27","mGal","bouguer_anomaly"
"940050","-26.21980","-64.53163","-52.67","434.00","","","0.24","mGal","bouguer_anomaly"
"940269","-25.82781","-64.52711","-49.11","506.00","","","0.21","mGal","bouguer_anomaly"
"940267","-25.79290","-64.50328","-45.80","490.00","","","0.21","mGal","bouguer_anomaly"
"940053","-26.33091","-64.50034","-56.69","414.00","","","0.16","mGal","bouguer_anomaly"
"940052","-26.28879","-64.49853","-57.99","408.00","","","0.19","mGal","bouguer_anomaly"
"940051","-26.24875","-64.49718","-53.97","422.00","","","0.19","mGal","bouguer_anomaly"
"940268","-25.78865","-64.45935","-36.81","478.00","","","0.21","mGal","bouguer_anomaly"
"52141","-25.38833","-63.94083","-25.60","319.00","","","-0.01","mGal","bouguer_anomaly"
"52142","-25.41083","-63.86200","-23.81","311.00","","","-0.01","mGal","bouguer_anomaly"
"45308","-25.08070","-70.49095","16.99","11.00","","","7.60","mGal","bouguer_anomaly"
"45309","-25.04188","-70.47165","12.24","51.00","","","11.40","mGal","bouguer_anomaly"
"45307","-25.12765","-70.46305","12.64","12.00","","","9.68","mGal","bouguer_anomaly"
"45310","-25.00559","-70.46230","12.82","23.00","","","15.49","mGal","bouguer_anomaly"
"45306","-25.16312","-70.44681","8.01","12.00","","","10.80","mGal","bouguer_anomaly"
"45302","-25.31877","-70.44667","-3.82","34.00","","","8.91","mGal","bouguer_anomaly"
"45303","-25.28221","-70.44633","0.73","26.00","","","7.51","mGal","bouguer_anomaly"
"45305","-25.20602","-70.43600","3.92","16.00","","","10.44","mGal","bouguer_anomaly"
"45304","-25.24219","-70.43018","-2.66","36.00","","","11.98","mGal","bouguer_anomaly"
"45101","-25.00918","-70.41805","2.97","747.00","","","11.75","mGal","bouguer_anomaly"
"45110","-24.91455","-70.39915","10.57","1472.00","","","6.31","mGal","bouguer_anomaly"
"45111","-24.87126","-70.39322","10.15","1671.00","","","6.14","mGal","bouguer_anomaly"
"45112","-24.82753","-70.38728","12.28","1926.00","","","6.22","mGal","bouguer_anomaly"
"45113","-24.78382","-70.37790","13.29","1975.00","","","5.55","mGal","bouguer_anomaly"
"45102","-25.01642","-70.37781","1.08","1135.00","","","9.62","mGal","bouguer_anomaly"
"45106","-24.95544","-70.37138","3.35","1296.00","","","5.62","mGal","bouguer_anomaly"
"45114","-24.74281","-70.37003","11.31","2031.00","","","5.21","mGal","bouguer_anomaly"
"45105","-25.06237","-70.35929","-3.88","1604.00","","","6.36","mGal","bouguer_anomaly"
"45107","-24.92408","-70.34480","2.69","1509.00","","","4.64","mGal","bouguer_anomaly"
"45103","-25.01160","-70.33217","-7.59","1437.00","","","6.89","mGal","bouguer_anomaly"
"22323","-24.49683","-70.31900","2.68","1973.73","","","4.07","mGal","bouguer_anomaly"
"45108","-24.89862","-70.31433","-3.38","1707.00","","","4.65","mGal","bouguer_anomaly"
"22322","-24.45817","-70.31200","-0.55","1868.00","","","4.00","mGal","bouguer_anomaly"
"22321","-24.40700","-70.30483","-3.59","2036.89","","","4.28","mGal","bouguer_anomaly"
"22320","-24.38567","-70.30217","-3.81","2151.60","","","4.75","mGal","bouguer_anomaly"
"22319","-24.36633","-70.29700","-5.43","2035.02","","","4.27","mGal","bouguer_anomaly"
"45104","-25.02343","-70.29058","-21.56","1684.00","","","4.17","mGal","bouguer_anomaly"
"45109","-24.88275","-70.27011","-14.32","1882.00","","","3.35","mGal","bouguer_anomaly"
"22506","-24.35950","-69.94633","-91.36","1308.00","","","1.69","mGal","bouguer_anomaly"
"22604","-24.36133","-69.88783","-106.73","1319.00","","","1.06","mGal","bouguer_anomaly"
"22603","-24.38533","-69.87950","-113.77","1345.00","","","1.12","mGal","bouguer_anomaly"
"22507","-24.46333","-69.86300","-119.74","1462.00","","","1.19","mGal","bouguer_anomaly"
"22602","-24.42517","-69.85533","-119.09","1392.00","","","1.08","mGal","bouguer_anomaly"
"42508","-24.51497","-69.82767","-135.45","1520.00","","","1.21","mGal","bouguer_anomaly"
"22601","-24.46633","-69.81817","-133.40","1447.00","","","0.99","mGal","bouguer_anomaly"
"42509","-24.54960","-69.80222","-148.29","1570.00","","","1.24","mGal","bouguer_anomaly"
"42510","-24.59125","-69.78175","-145.69","1663.00","","","1.12","mGal","bouguer_anomaly"
"42511","-24.63103","-69.77311","-154.23","1712.00","","","1.07","mGal","bouguer_anomaly"
"42512","-24.67800","-69.77092","-156.21","1806.17","","","1.05","mGal","bouguer_anomaly"
"45001","-24.72163","-69.71484","-180.58","1855.00","","","0.95","mGal","bouguer_anomaly"
"45002","-24.75022","-69.68435","-193.37","1956.00","","","1.06","mGal","bouguer_anomaly"
"45003","-24.77970","-69.65434","-201.64","2091.00","","","1.26","mGal","bouguer_anomaly"
"45004","-24.80472","-69.61143","-217.54","2294.00","","","1.33","mGal","bouguer_anomaly"
"45005","-24.82790","-69.57197","-227.39","2403.00","","","1.33","mGal","bouguer_anomaly"
"45006","-24.86099","-69.53945","-235.26","2458.00","","","1.34","mGal","bouguer_anomaly"
"45115","-24.70003","-70.35770","7.00","1953.00","","","4.80","mGal","bouguer_anomaly"
"45116","-24.65586","-70.34981","5.04","2046.00","","","4.71","mGal","bouguer_anomaly"
"45117","-24.61171","-70.33847","5.19","2000.00","","","4.44","mGal","bouguer_anomaly"
"45402","-24.57432","-70.32968","2.81","1925.64","","","4.41","mGal","bouguer_anomaly"
"45401","-24.52963","-70.32822","5.45","1988.67","","","4.21","mGal","bouguer_anomaly"
"45403","-24.60565","-70.30878","-8.05","2076.57","","","4.04","mGal","bouguer_anomaly"
"45404","-24.63564","-70.28686","-16.78","2260.30","","","4.15","mGal","bouguer_anomaly"
"45405","-24.66153","-70.26885","-20.50","2433.30","","","4.81","mGal","bouguer_anomaly"
"45211","-24.87539","-70.23193","-11.59","2019.00","","","2.94","mGal","bouguer_anomaly"
"45406","-24.67539","-70.23045","-22.18","2427.37","","","4.06","mGal","bouguer_anomaly"
"45407","-24.71984","-70.20518","-24.92","2185.41","","","2.69","mGal","bouguer_anomaly"
"45422","-25.33580","-70.18787","-66.45","1527.06","","","2.03","mGal","bouguer_anomaly"
"45408","-24.76922","-70.18539","-23.83","2155.89","","","2.50","mGal","bouguer_anomaly"
"45210","-24.86767","-70.18236","-18.93","2085.00","","","2.49","mGal","bouguer_anomaly"
"45421","-25.29479","-70.17922","-62.42","1512.21","","","1.74","mGal","bouguer_anomaly"
"45409","-24.81407","-70.16553","-29.42","2319.02","","","2.75","mGal","bouguer_anomaly"
"45420","-25.25708","-70.15185","-61.98","1454.34","","","1.68","mGal","bouguer_anomaly"
"45410","-24.86026","-70.14815","-32.47","2128.66","","","2.20","mGal","bouguer_anomaly"
"45411","-24.90286","-70.12726","-32.11","2338.75","","","2.78","mGal","bouguer_anomaly"
"45413","-24.97062","-70.12243","-36.27","2244.29","","","2.50","mGal","bouguer_anomaly"
"45419","-25.21914","-70.11924","-66.24","1518.07","","","1.70","mGal","bouguer_anomaly"
"45209","-24.79456","-70.11836","-41.22","2363.39","","","2.62","mGal","bouguer_anomaly"
"45414","-25.01129","-70.11685","-39.32","2108.39","","","2.19","mGal","bouguer_anomaly"
"45412","-24.92777","-70.11659","-35.08","2270.30","","","2.40","mGal","bouguer_anomaly"
"45415","-25.05916","-70.11629","-51.82","1964.94","","","2.02","mGal","bouguer_anomaly"
"45212","-24.85925","-70.10261","-38.88","2129.00","","","1.86","mGal","bouguer_anomaly"
"45418","-25.18569","-70.10008","-68.70","1628.38","","","1.54","mGal","bouguer_anomaly"
"45417","-25.13405","-70.09892","-64.48","1811.53","","","1.74","mGal","bouguer_anomaly"
"45416","-25.08957","-70.09426","-61.29","1846.89","","","1.75","mGal","bouguer_anomaly"
"45208","-24.80026","-70.08033","-52.54","2361.99","","","2.37","mGal","bouguer_anomaly"
"45222","-25.22276","-70.06865","-81.25","1586.31","","","1.35","mGal","bouguer_anomaly"
"45213","-24.85279","-70.05852","-54.35","2134.00","","","1.59","mGal","bouguer_anomaly"
"45207","-24.76976","-70.05188","-61.46","2201.70","","","1.57","mGal","bouguer_anomaly"
"45223","-25.22099","-70.02545","-89.41","1625.39","","","1.37","mGal","bouguer_anomaly"
"45214","-24.84723","-70.01443","-67.83","2118.00","","","1.35","mGal","bouguer_anomaly"
"45206","-24.75110","-70.00871","-75.92","2115.15","","","1.33","mGal","bouguer_anomaly"
"45224","-25.19773","-69.99449","-90.53","1654.79","","","1.33","mGal","bouguer_anomaly"
"45215","-24.85387","-69.96599","-73.60","2104.00","","","1.15","mGal","bouguer_anomaly"
"45205","-24.74329","-69.96019","-91.95","2093.81","","","1.23","mGal","bouguer_anomaly"
"45225","-25.17198","-69.95459","-100.17","1745.52","","","1.15","mGal","bouguer_anomaly"
"45216","-24.86321","-69.91658","-95.40","2122.00","","","0.98","mGal","bouguer_anomaly"
"45204","-24.73953","-69.91122","-109.80","2058.05","","","1.00","mGal","bouguer_anomaly"
"45506","-24.89848","-69.90892","-97.91","2145.00","","","1.03","mGal","bouguer_anomaly"
"45217","-24.86779","-69.90671","-100.71","2126.00","","","0.99","mGal","bouguer_anomaly"
"45505","-24.94500","-69.90579","-102.75","2059.00","","","1.18","mGal","bouguer_anomaly"
"45221","-25.15145","-69.90284","-117.06","1774.62","","","1.32","mGal","bouguer_anomaly"
"45504","-24.99114","-69.89275","-105.26","2001.00","","","1.17","mGal","bouguer_anomaly"
"45514","-25.33565","-69.88980","-138.23","1850.00","","","1.19","mGal","bouguer_anomaly"
"45503","-25.03587","-69.88663","-114.59","1965.00","","","1.23","mGal","bouguer_anomaly"
"45502","-25.07611","-69.87750","-124.01","1961.00","","","1.27","mGal","bouguer_anomaly"
"45507","-24.82916","-69.87328","-123.34","2102.00","","","0.94","mGal","bouguer_anomaly"
"45512","-25.24274","-69.87324","-139.02","1865.00","","","1.13","mGal","bouguer_anomaly"
"45501","-25.11859","-69.87136","-127.66","1871.00","","","1.40","mGal","bouguer_anomaly"
"45511","-25.20257","-69.87047","-130.52","1819.00","","","1.22","mGal","bouguer_anomaly"
"45203","-24.72580","-69.86663","-125.81","2013.46","","","0.96","mGal","bouguer_anomaly"
"45513","-25.30017","-69.85805","-140.24","1909.00","","","1.14","mGal","bouguer_anomaly"
"45701","-25.16277","-69.85084","-134.21","1858.00","","","1.32","mGal","bouguer_anomaly"
"961689","-25.32288","-69.83781","-144.81","1855.00","","","1.92","mGal","bouguer_anomaly"
"45508","-24.79234","-69.83692","-137.31","2048.00","","","0.88","mGal","bouguer_anomaly"
"45702","-25.18728","-69.82868","-145.80","1955.00","","","1.26","mGal","bouguer_anomaly"
"45202","-24.69892","-69.82789","-138.39","1953.26","","","1.00","mGal","bouguer_anomaly"
"961686","-25.26040","-69.80177","-152.33","2001.00","","","1.95","mGal","bouguer_anomaly"
"45509","-24.76002","-69.80159","-151.47","1961.00","","","0.94","mGal","bouguer_anomaly"
"961687","-25.29338","-69.79759","-151.10","1953.00","","","2.14","mGal","bouguer_anomaly"
"45201","-24.68016","-69.78972","-148.18","1872.22","","","0.93","mGal","bouguer_anomaly"
"45703","-25.19794","-69.77744","-168.12","2160.33","","","1.25","mGal","bouguer_anomaly"
"45704","-25.23134","-69.76296","-173.63","2083.32","","","1.19","mGal","bouguer_anomaly"
"45611","-24.77108","-69.75874","-161.44","1956.00","","","0.89","mGal","bouguer_anomaly"
"45610","-24.81093","-69.75522","-166.34","2054.00","","","0.97","mGal","bouguer_anomaly"
"45612","-24.72814","-69.75067","-160.99","1870.00","","","0.91","mGal","bouguer_anomaly"
"961688","-25.32783","-69.75047","-168.92","1984.00","","","2.11","mGal","bouguer_anomaly"
"961685","-25.23637","-69.74688","-174.93","2120.00","","","2.00","mGal","bouguer_anomaly"
"45609","-24.85344","-69.74034","-177.76","2140.00","","","1.09","mGal","bouguer_anomaly"
"45605","-25.00302","-69.73350","-189.90","2401.00","","","1.23","mGal","bouguer_anomaly"
"45604","-25.04819","-69.73060","-189.60","2390.00","","","1.28","mGal","bouguer_anomaly"
"45603","-25.09246","-69.72689","-197.24","2308.00","","","1.23","mGal","bouguer_anomaly"
"45601","-25.18304","-69.72545","-195.78","2230.00","","","1.22","mGal","bouguer_anomaly"
"45602","-25.13717","-69.72438","-191.27","2269.00","","","1.23","mGal","bouguer_anomaly"
"45705","-25.22301","-69.71377","-202.08","2179.44","","","1.20","mGal","bouguer_anomaly"
"961683","-25.23485","-69.71085","-197.38","2200.00","","","2.19","mGal","bouguer_anomaly"
"45606","-24.96234","-69.70582","-197.45","2400.00","","","1.28","mGal","bouguer_anomaly"
"45608","-24.88018","-69.70080","-195.74","2272.00","","","1.19","mGal","bouguer_anomaly"
"45621","-25.26617","-69.69585","-200.95","2152.00","","","1.27","mGal","bouguer_anomaly"
"961682","-25.27067","-69.69358","-194.19","2165.00","","","2.14","mGal","bouguer_anomaly"
"45607","-24.91662","-69.69219","-204.88","2374.00","","","1.41","mGal","bouguer_anomaly"
"961684","-25.20130","-69.68494","-205.20","2260.00","","","2.08","mGal","bouguer_anomaly"
"46005","-25.24855","-69.67887","-217.13","2228.00","","","1.27","mGal","bouguer_anomaly"
"45634","-25.34916","-69.67446","-194.07","2071.00","","","1.37","mGal","bouguer_anomaly"
"961680","-25.35114","-69.67358","-191.39","2076.00","","","2.46","mGal","bouguer_anomaly"
"961681","-25.30622","-69.67352","-188.41","2122.00","","","2.40","mGal","bouguer_anomaly"
"45622","-25.31062","-69.67147","-194.53","2105.00","","","1.35","mGal","bouguer_anomaly"
"45706","-25.18893","-69.66236","-215.27","2276.00","","","1.34","mGal","bouguer_anomaly"
"46012","-25.30980","-69.63103","-217.05","2172.00","","","1.50","mGal","bouguer_anomaly"
"46101","-25.34908","-69.61186","-220.64","2170.00","","","1.62","mGal","bouguer_anomaly"
"45708","-25.13795","-69.61011","-215.39","2513.00","","","1.44","mGal","bouguer_anomaly"
"46004","-25.26140","-69.60973","-229.87","2323.00","","","1.54","mGal","bouguer_anomaly"
"45707","-25.15724","-69.59671","-219.07","2438.00","","","1.49","mGal","bouguer_anomaly"
"46011","-25.29747","-69.57763","-229.31","2305.00","","","1.67","mGal","bouguer_anomaly"
"46102","-25.34931","-69.57708","-228.69","2253.00","","","1.72","mGal","bouguer_anomaly"
"45709","-25.14148","-69.56330","-226.45","2540.11","","","1.63","mGal","bouguer_anomaly"
"46003","-25.26416","-69.55135","-248.07","2441.00","","","1.69","mGal","bouguer_anomaly"
"45710","-25.10569","-69.54846","-230.82","2667.00","","","1.53","mGal","bouguer_anomaly"
"46013","-25.28440","-69.52244","-243.06","2464.00","","","2.06","mGal","bouguer_anomaly"
"44910","-24.35897","-69.50773","-223.92","1752.00","","","1.24","mGal","bouguer_anomaly"
"45711","-25.09393","-69.50229","-243.50","2750.00","","","1.55","mGal","bouguer_anomaly"
"45007","-24.83991","-69.49730","-236.92","2297.00","","","1.37","mGal","bouguer_anomaly"
"46014","-25.26349","-69.48362","-248.62","2612.00","","","2.12","mGal","bouguer_anomaly"
"45712","-25.08431","-69.46239","-253.56","2804.06","","","1.72","mGal","bouguer_anomaly"
"44911","-24.36229","-69.45697","-229.28","1947.00","","","1.48","mGal","bouguer_anomaly"
"45008","-24.85946","-69.45630","-246.07","2344.00","","","1.55","mGal","bouguer_anomaly"
"46015","-25.26361","-69.44589","-250.60","2780.00","","","2.31","mGal","bouguer_anomaly"
"45713","-25.07310","-69.43429","-264.52","2873.42","","","1.85","mGal","bouguer_anomaly"
"46002","-25.29801","-69.41919","-261.30","2884.00","","","2.36","mGal","bouguer_anomaly"
"45009","-24.86861","-69.41328","-259.43","2457.00","","","1.73","mGal","bouguer_anomaly"
"44912","-24.36106","-69.41260","-240.90","2143.00","","","1.54","mGal","bouguer_anomaly"
"45714","-25.04130","-69.40741","-274.90","2871.05","","","2.02","mGal","bouguer_anomaly"
"46016","-25.23534","-69.38373","-263.44","3119.00","","","2.85","mGal","bouguer_anomaly"
"45715","-25.01003","-69.38303","-281.01","2808.49","","","2.18","mGal","bouguer_anomaly"
"46017","-25.28321","-69.37892","-264.94","3086.00","","","2.70","mGal","bouguer_anomaly"
"44913","-24.38238","-69.37668","-248.88","2394.00","","","2.16","mGal","bouguer_anomaly"
"45716","-25.04212","-69.36846","-291.12","2987.00","","","2.43","mGal","bouguer_anomaly"
"46001","-25.33517","-69.36666","-269.60","3108.00","","","2.53","mGal","bouguer_anomaly"
"45010","-24.86558","-69.36378","-264.06","2542.00","","","2.13","mGal","bouguer_anomaly"
"45720","-24.98890","-69.34531","-288.56","2872.21","","","2.32","mGal","bouguer_anomaly"
"45717","-25.02504","-69.33838","-294.69","2998.00","","","2.62","mGal","bouguer_anomaly"
"46018","-25.28423","-69.33075","-277.12","3241.00","","","3.76","mGal","bouguer_anomaly"
"45718","-25.04249","-69.33010","-295.50","3111.00","","","2.89","mGal","bouguer_anomaly"
"45011","-24.84128","-69.32956","-271.15","2642.00","","","2.09","mGal","bouguer_anomaly"
"44914","-24.39243","-69.32444","-265.21","2457.00","","","2.07","mGal","bouguer_anomaly"
"46019","-25.22465","-69.32264","-283.58","3433.00","","","4.64","mGal","bouguer_anomaly"
"45721","-24.97992","-69.32002","-296.85","2904.49","","","2.57","mGal","bouguer_anomaly"
"45012","-24.78895","-69.30568","-278.11","2741.00","","","2.31","mGal","bouguer_anomaly"
"45722","-24.95197","-69.30162","-298.56","2917.64","","","2.47","mGal","bouguer_anomaly"
"45723","-24.92129","-69.28917","-296.04","2816.48","","","2.63","mGal","bouguer_anomaly"
"45719","-25.07500","-69.28656","-297.86","3437.00","","","4.00","mGal","bouguer_anomaly"
"45013","-24.74067","-69.28579","-281.01","2870.00","","","2.54","mGal","bouguer_anomaly"
"46020","-25.25318","-69.28399","-293.71","3524.00","","","5.68","mGal","bouguer_anomaly"
"44915","-24.41060","-69.27419","-280.36","2304.00","","","2.52","mGal","bouguer_anomaly"
"45724","-24.89829","-69.26931","-298.04","2912.58","","","2.56","mGal","bouguer_anomaly"
"45014","-24.70282","-69.24319","-287.79","3049.00","","","2.96","mGal","bouguer_anomaly"
"45725","-24.88841","-69.23811","-297.41","3010.64","","","3.44","mGal","bouguer_anomaly"
"44916","-24.42556","-69.23772","-292.58","2509.00","","","3.39","mGal","bouguer_anomaly"
"44917","-24.40802","-69.19035","-296.91","2796.00","","","2.16","mGal","bouguer_anomaly"
"45726","-24.88217","-69.18513","-300.04","3322.00","","","4.28","mGal","bouguer_anomaly"
"45727","-24.87856","-69.17819","-301.85","3397.32","","","3.98","mGal","bouguer_anomaly"
"44918","-24.43606","-69.14945","-298.42","2962.00","","","2.06","mGal","bouguer_anomaly"
"45728","-24.89846","-69.14753","-308.63","3616.45","","","4.44","mGal","bouguer_anomaly"
"45729","-24.93008","-69.13865","-310.32","3840.41","","","4.70","mGal","bouguer_anomaly"
"45730","-24.95132","-69.12431","-310.69","3905.35","","","3.83","mGal","bouguer_anomaly"
"44919","-24.46906","-69.11298","-298.10","2985.00","","","1.89","mGal","bouguer_anomaly"
"45731","-24.95089","-69.08816","-315.72","3744.35","","","2.37","mGal","bouguer_anomaly"
"44920","-24.49933","-69.08537","-301.97","3100.00","","","1.52","mGal","bouguer_anomaly"
"45732","-24.92743","-69.05397","-315.03","3625.11","","","1.95","mGal","bouguer_anomaly"
"44921","-24.52599","-69.04837","-295.66","3050.00","","","1.36","mGal","bouguer_anomaly"
"44926","-24.63708","-69.04545","-302.88","2955.00","","","1.68","mGal","bouguer_anomaly"
"44925","-24.59463","-69.04050","-300.55","2956.00","","","1.39","mGal","bouguer_anomaly"
"44927","-24.67637","-69.03311","-307.53","2955.00","","","1.80","mGal","bouguer_anomaly"
"961701","-25.21387","-69.02053","-351.86","3892.00","","","1.90","mGal","bouguer_anomaly"
"44924","-24.55264","-69.01481","-300.25","2949.00","","","1.29","mGal","bouguer_anomaly"
"45733","-24.91028","-69.01337","-315.25","3475.29","","","1.67","mGal","bouguer_anomaly"
"44928","-24.71611","-69.01335","-313.95","2957.00","","","1.96","mGal","bouguer_anomaly"
"44922","-24.51335","-69.00740","-298.86","3004.00","","","1.25","mGal","bouguer_anomaly"
"45747","-24.76072","-69.00544","-315.33","3048.63","","","1.89","mGal","bouguer_anomaly"
"45746","-24.77797","-69.00376","-314.25","3100.67","","","1.84","mGal","bouguer_anomaly"
"45745","-24.83288","-68.99931","-315.00","3213.48","","","1.81","mGal","bouguer_anomaly"
"45744","-24.87677","-68.99376","-316.63","3317.61","","","1.73","mGal","bouguer_anomaly"
"961702","-25.18845","-68.98983","-350.32","3830.00","","","1.71","mGal","bouguer_anomaly"
"45748","-24.72965","-68.98092","-327.31","2975.92","","","1.71","mGal","bouguer_anomaly"
"45749","-24.69289","-68.97035","-327.35","2966.32","","","1.54","mGal","bouguer_anomaly"
"45734","-24.93059","-68.95712","-329.85","3474.00","","","1.48","mGal","bouguer_anomaly"
"961703","-25.16242","-68.95600","-352.99","3722.00","","","1.76","mGal","bouguer_anomaly"
"44934","-24.35647","-68.95140","-307.55","3183.00","","","1.60","mGal","bouguer_anomaly"
"44923","-24.48562","-68.95016","-306.15","2958.00","","","1.31","mGal","bouguer_anomaly"
"45735","-24.96689","-68.94670","-336.25","3630.00","","","1.36","mGal","bouguer_anomaly"
"45750","-24.65739","-68.94367","-326.91","2961.73","","","1.54","mGal","bouguer_anomaly"
"45736","-24.94837","-68.92214","-337.62","3769.00","","","2.43","mGal","bouguer_anomaly"
"45751","-24.61566","-68.92146","-327.71","2962.00","","","1.53","mGal","bouguer_anomaly"
"44933","-24.38210","-68.92042","-307.96","3058.00","","","1.37","mGal","bouguer_anomaly"
"45753","-24.63435","-68.91473","-330.96","2986.38","","","1.63","mGal","bouguer_anomaly"
"45752","-24.57185","-68.91349","-318.59","2962.00","","","1.46","mGal","bouguer_anomaly"
"961704","-25.16412","-68.90875","-340.56","3630.00","","","2.35","mGal","bouguer_anomaly"
"44931","-24.45579","-68.90726","-305.71","2963.00","","","1.35","mGal","bouguer_anomaly"
"44932","-24.41785","-68.89673","-306.57","2977.00","","","1.35","mGal","bouguer_anomaly"
"45756","-24.60615","-68.88393","-332.61","3052.56","","","1.77","mGal","bouguer_anomaly"
"45737","-24.95357","-68.87321","-344.72","3788.00","","","1.80","mGal","bouguer_anomaly"
"45759","-24.51149","-68.86477","-317.54","3027.67","","","1.66","mGal","bouguer_anomaly"
"961705","-25.16315","-68.86135","-347.71","3517.00","","","2.91","mGal","bouguer_anomaly"
"45754","-24.62618","-68.85467","-317.77","3195.00","","","1.98","mGal","bouguer_anomaly"
"45757","-24.57858","-68.85127","-333.10","3097.68","","","2.01","mGal","bouguer_anomaly"
"45758","-24.54462","-68.85091","-330.61","3088.73","","","1.86","mGal","bouguer_anomaly"
"45760","-24.48076","-68.84408","-324.48","3102.70","","","1.56","mGal","bouguer_anomaly"
"45762","-24.42024","-68.83330","-321.54","3058.27","","","1.45","mGal","bouguer_anomaly"
"45738","-24.95678","-68.83239","-348.15","3745.00","","","1.71","mGal","bouguer_anomaly"
"45761","-24.44913","-68.82340","-330.26","3113.56","","","1.58","mGal","bouguer_anomaly"
"45763","-24.38139","-68.82152","-315.93","3074.76","","","1.41","mGal","bouguer_anomaly"
"961706","-25.14992","-68.81596","-347.89","3537.00","","","4.14","mGal","bouguer_anomaly"
"45755","-24.64419","-68.81443","-334.09","3349.00","","","2.46","mGal","bouguer_anomaly"
"45739","-24.95891","-68.79910","-349.27","3751.00","","","1.83","mGal","bouguer_anomaly"
"930677","-24.46903","-68.79657","-325.43","3270.00","","","0.69","mGal","bouguer_anomaly"
"930678","-24.39580","-68.78384","-323.12","3180.00","","","0.60","mGal","bouguer_anomaly"
"961707","-25.13613","-68.76842","-358.57","3527.00","","","3.98","mGal","bouguer_anomaly"
"45740","-24.95550","-68.75176","-353.55","3825.00","","","2.19","mGal","bouguer_anomaly"
"930676","-24.50398","-68.75024","-323.47","3431.00","","","0.94","mGal","bouguer_anomaly"
"961708","-25.12996","-68.72752","-360.90","3605.00","","","4.70","mGal","bouguer_anomaly"
"45743","-24.96014","-68.71965","-359.69","3787.00","","","2.90","mGal","bouguer_anomaly"
"930680","-24.37632","-68.71357","-316.26","3429.00","","","0.75","mGal","bouguer_anomaly"
"930675","-24.53822","-68.71336","-326.18","3670.00","","","1.04","mGal","bouguer_anomaly"
"961709","-25.11072","-68.71318","-369.34","3787.00","","","4.46","mGal","bouguer_anomaly"
"45742","-24.96367","-68.68299","-368.69","3740.00","","","3.65","mGal","bouguer_anomaly"
"961710","-25.09565","-68.68198","-379.22","3931.00","","","2.64","mGal","bouguer_anomaly"
"930681","-24.39112","-68.66811","-316.32","3599.00","","","0.84","mGal","bouguer_anomaly"
"930674","-24.55633","-68.66178","-328.39","3907.00","","","1.11","mGal","bouguer_anomaly"
"961711","-25.05448","-68.65873","-376.35","3863.00","","","3.31","mGal","bouguer_anomaly"
"961712","-25.01312","-68.65327","-373.65","3710.00","","","4.19","mGal","bouguer_anomaly"
"45741","-24.96812","-68.65029","-375.52","3684.00","","","4.79","mGal","bouguer_anomaly"
"961713","-24.97930","-68.64806","-368.46","3696.00","","","4.65","mGal","bouguer_anomaly"
"961726","-25.28688","-68.63973","-395.31","4117.00","","","1.87","mGal","bouguer_anomaly"
"930682","-24.39726","-68.63786","-320.76","3638.00","","","0.85","mGal","bouguer_anomaly"
"961727","-25.35032","-68.63717","-391.08","3943.00","","","1.87","mGal","bouguer_anomaly"
"930683","-24.42925","-68.62981","-331.55","3772.00","","","0.97","mGal","bouguer_anomaly"
"961723","-25.18738","-68.62767","-391.60","4232.00","","","1.90","mGal","bouguer_anomaly"
"961724","-25.22780","-68.62600","-400.81","4295.00","","","1.68","mGal","bouguer_anomaly"
"961722","-25.15317","-68.62068","-392.14","4149.00","","","2.30","mGal","bouguer_anomaly"
"930673","-24.57317","-68.61992","-342.85","4075.00","","","1.09","mGal","bouguer_anomaly"
"961725","-25.26233","-68.61508","-396.52","4285.00","","","1.98","mGal","bouguer_anomaly"
"930684","-24.44580","-68.61229","-334.88","4032.00","","","1.01","mGal","bouguer_anomaly"
"961714","-24.98763","-68.60605","-376.50","3676.00","","","4.14","mGal","bouguer_anomaly"
"930672","-24.60850","-68.58318","-366.04","4171.00","","","1.26","mGal","bouguer_anomaly"
"961721","-25.12960","-68.58289","-388.86","4275.00","","","1.92","mGal","bouguer_anomaly"
"961715","-25.01560","-68.58014","-380.61","3823.00","","","3.07","mGal","bouguer_anomaly"
"961716","-25.04260","-68.56455","-381.67","4148.00","","","2.30","mGal","bouguer_anomaly"
"930671","-24.55605","-68.55471","-360.51","4241.00","","","1.12","mGal","bouguer_anomaly"
"961720","-25.12713","-68.55147","-398.24","4313.00","","","1.92","mGal","bouguer_anomaly"
"961717","-25.08582","-68.53403","-383.04","4227.00","","","1.76","mGal","bouguer_anomaly"
"961718","-25.08662","-68.50370","-382.28","4317.00","","","1.44","mGal","bouguer_anomaly"
"930670","-24.55762","-68.49757","-370.69","4402.00","","","0.98","mGal","bouguer_anomaly"
"930669","-24.51607","-68.46138","-368.74","4314.00","","","0.97","mGal","bouguer_anomaly"
"930668","-24.47447","-68.45558","-362.09","4053.00","","","1.32","mGal","bouguer_anomaly"
"930666","-24.38678","-68.45482","-339.27","3648.00","","","1.38","mGal","bouguer_anomaly"
"930667","-24.43666","-68.45343","-364.44","3815.00","","","1.62","mGal","bouguer_anomaly"
"961719","-25.11658","-68.44955","-394.91","4424.00","","","1.55","mGal","bouguer_anomaly"
"930658","-24.39306","-68.36571","-361.99","3619.00","","","2.25","mGal","bouguer_anomaly"
"930657","-24.36908","-68.36240","-358.51","3502.00","","","2.30","mGal","bouguer_anomaly"
"22753","-24.43333","-68.32167","-368.78","3845.00","","","6.25","mGal","bouguer_anomaly"
"22754","-24.44500","-68.30167","-367.94","3908.00","","","5.59","mGal","bouguer_anomaly"
"53841","-24.45950","-68.28433","-375.22","3880.00","","","4.44","mGal","bouguer_anomaly"
"54612","-25.03150","-68.27200","-392.21","4015.00","","","2.55","mGal","bouguer_anomaly"
"54611","-24.99767","-68.26233","-388.21","3959.00","","","3.16","mGal","bouguer_anomaly"
"53840","-24.47967","-68.24017","-372.21","3622.00","","","6.44","mGal","bouguer_anomaly"
"54610","-24.96850","-68.23533","-393.33","3978.00","","","1.98","mGal","bouguer_anomaly"
"53836","-24.62167","-68.22067","-367.19","3685.00","","","4.12","mGal","bouguer_anomaly"
"53839","-24.51133","-68.21083","-370.00","3563.00","","","6.17","mGal","bouguer_anomaly"
"54609","-24.94817","-68.20583","-379.09","4088.00","","","1.93","mGal","bouguer_anomaly"
"53837","-24.59017","-68.20583","-371.74","3740.00","","","3.58","mGal","bouguer_anomaly"
"53835","-24.64867","-68.19600","-362.71","3946.00","","","3.56","mGal","bouguer_anomaly"
"53838","-24.54500","-68.19600","-371.50","3584.00","","","5.30","mGal","bouguer_anomaly"
"54608","-24.92333","-68.17400","-369.47","4195.00","","","1.00","mGal","bouguer_anomaly"
"53834","-24.66667","-68.15683","-360.28","4203.00","","","1.45","mGal","bouguer_anomaly"
"54607","-24.90083","-68.15433","-372.62","4205.00","","","1.51","mGal","bouguer_anomaly"
"54606","-24.87167","-68.13233","-370.58","4052.00","","","1.25","mGal","bouguer_anomaly"
"53833","-24.69817","-68.13233","-361.17","4187.00","","","1.65","mGal","bouguer_anomaly"
"54605","-24.85583","-68.10300","-374.16","3913.00","","","1.64","mGal","bouguer_anomaly"
"53832","-24.72750","-68.10300","-360.15","4326.00","","","1.80","mGal","bouguer_anomaly"
"54604","-24.83783","-68.07350","-379.05","3755.00","","","2.77","mGal","bouguer_anomaly"
"53831","-24.75617","-68.07333","-365.14","4249.00","","","2.02","mGal","bouguer_anomaly"
"54603","-24.81083","-68.04417","-371.02","3614.00","","","4.60","mGal","bouguer_anomaly"
"53830","-24.77200","-68.03133","-377.49","4125.00","","","2.97","mGal","bouguer_anomaly"
"54602","-24.70050","-68.01967","-358.86","3549.00","","","6.21","mGal","bouguer_anomaly"
"53829","-24.73583","-68.01400","-374.29","3943.00","","","2.03","mGal","bouguer_anomaly"
"53828","-24.70433","-68.01400","-370.99","3925.00","","","2.39","mGal","bouguer_anomaly"
"54601","-24.75450","-68.00500","-371.08","3660.00","","","3.03","mGal","bouguer_anomaly"
"53827","-24.71783","-67.97933","-363.33","3576.00","","","3.62","mGal","bouguer_anomaly"
"53901","-24.67117","-67.97550","-366.83","3656.00","","","3.39","mGal","bouguer_anomaly"
"940928","-25.29675","-67.96384","-405.38","3982.00","","","2.38","mGal","bouguer_anomaly"
"940846","-25.33320","-67.95730","-393.89","4063.00","","","2.19","mGal","bouguer_anomaly"
"53826","-24.70267","-67.93633","-354.61","3459.00","","","3.31","mGal","bouguer_anomaly"
"940845","-25.33733","-67.93388","-395.98","4059.00","","","2.24","mGal","bouguer_anomaly"
"53902","-24.51133","-67.93383","-363.73","3510.00","","","4.11","mGal","bouguer_anomaly"
"940927","-25.32796","-67.91605","-407.13","3979.00","","","2.75","mGal","bouguer_anomaly"
"53825","-24.68917","-67.89217","-350.43","3460.00","","","1.88","mGal","bouguer_anomaly"
"940844","-25.34387","-67.88855","-387.10","4067.00","","","2.24","mGal","bouguer_anomaly"
"53903","-24.50450","-67.88733","-364.92","3509.00","","","2.96","mGal","bouguer_anomaly"
"53824","-24.66667","-67.85533","-347.02","3464.00","","","1.75","mGal","bouguer_anomaly"
"940926","-25.32587","-67.85330","-380.94","4095.00","","","2.35","mGal","bouguer_anomaly"
"53904","-24.48200","-67.85300","-362.00","3561.00","","","2.38","mGal","bouguer_anomaly"
"940843","-25.30153","-67.81910","-366.91","4323.00","","","1.25","mGal","bouguer_anomaly"
"53823","-24.63967","-67.81367","-341.69","3465.00","","","1.11","mGal","bouguer_anomaly"
"53905","-24.46400","-67.78917","-360.59","3627.00","","","1.15","mGal","bouguer_anomaly"
"940925","-25.29727","-67.78568","-375.22","4217.00","","","1.58","mGal","bouguer_anomaly"
"53822","-24.61283","-67.77700","-340.05","3465.00","","","1.84","mGal","bouguer_anomaly"
"940921","-25.00840","-67.76553","-355.45","3453.00","","","2.40","mGal","bouguer_anomaly"
"53906","-24.44950","-67.76467","-360.21","3505.00","","","1.89","mGal","bouguer_anomaly"
"940920","-25.03797","-67.76027","-358.33","3459.00","","","3.04","mGal","bouguer_anomaly"
"940842","-25.29677","-67.75603","-363.53","4115.00","","","2.22","mGal","bouguer_anomaly"
"54714","-24.97833","-67.75200","-345.73","3494.00","","","1.50","mGal","bouguer_anomaly"
"940838","-25.00847","-67.73959","-353.81","3470.00","","","2.11","mGal","bouguer_anomaly"
"54711","-25.02350","-67.73900","-349.13","3491.00","","","2.24","mGal","bouguer_anomaly"
"53907","-24.47750","-67.73533","-349.20","3494.00","","","1.56","mGal","bouguer_anomaly"
"53820","-24.58750","-67.73317","-342.68","3467.00","","","1.39","mGal","bouguer_anomaly"
"940924","-25.23764","-67.72624","-370.69","3934.00","","","2.75","mGal","bouguer_anomaly"
"941038","-25.31867","-67.71896","-361.01","4120.00","","","3.63","mGal","bouguer_anomaly"
"940841","-25.29695","-67.71610","-359.00","4091.00","","","3.63","mGal","bouguer_anomaly"
"53821","-24.51917","-67.70833","-340.89","3480.00","","","1.39","mGal","bouguer_anomaly"
"940840","-25.22170","-67.70700","-348.32","3803.00","","","3.39","mGal","bouguer_anomaly"
"54710","-24.98917","-67.70600","-355.85","3485.00","","","1.29","mGal","bouguer_anomaly"
"940837","-25.05254","-67.70238","-356.20","3475.00","","","1.98","mGal","bouguer_anomaly"
"940923","-25.16955","-67.68636","-356.16","3623.00","","","3.50","mGal","bouguer_anomaly"
"54712","-25.04517","-67.68400","-355.45","3490.00","","","1.97","mGal","bouguer_anomaly"
"54709","-24.95850","-67.67400","-362.06","3481.00","","","0.93","mGal","bouguer_anomaly"
"53819","-24.58600","-67.67067","-345.96","3467.00","","","0.77","mGal","bouguer_anomaly"
"940839","-25.14622","-67.67022","-346.24","3581.00","","","3.34","mGal","bouguer_anomaly"
"940919","-25.07023","-67.66941","-351.30","3472.00","","","2.22","mGal","bouguer_anomaly"
"940922","-25.10438","-67.65107","-358.53","3434.00","","","3.55","mGal","bouguer_anomaly"
"54713","-25.06867","-67.65100","-346.05","3504.00","","","2.07","mGal","bouguer_anomaly"
"54708","-24.92517","-67.64400","-364.76","3479.00","","","0.78","mGal","bouguer_anomaly"
"940836","-25.09568","-67.64132","-341.56","3495.00","","","2.91","mGal","bouguer_anomaly"
"54707","-24.88000","-67.63600","-364.99","3478.00","","","0.65","mGal","bouguer_anomaly"
"53818","-24.58417","-67.62500","-351.31","3465.00","","","0.68","mGal","bouguer_anomaly"
"940918","-25.11766","-67.61942","-350.96","3569.00","","","2.64","mGal","bouguer_anomaly"
"54706","-24.83717","-67.61200","-366.57","3475.00","","","0.68","mGal","bouguer_anomaly"
"940835","-25.15362","-67.60291","-358.20","3772.00","","","2.83","mGal","bouguer_anomaly"
"54705","-24.80050","-67.59600","-365.91","3477.00","","","0.72","mGal","bouguer_anomaly"
"940917","-25.17522","-67.58730","-371.53","3971.00","","","1.12","mGal","bouguer_anomaly"
"53817","-24.58250","-67.57833","-349.43","3465.00","","","0.64","mGal","bouguer_anomaly"
"940916","-25.23087","-67.57178","-374.34","4014.00","","","2.46","mGal","bouguer_anomaly"
"940834","-25.20630","-67.57101","-370.79","4031.00","","","1.74","mGal","bouguer_anomaly"
"54704","-24.76267","-67.57100","-365.56","3476.00","","","0.73","mGal","bouguer_anomaly"
"940832","-25.26140","-67.57025","-377.64","4241.00","","","2.22","mGal","bouguer_anomaly"
"940833","-25.23530","-67.56532","-371.96","4063.00","","","2.51","mGal","bouguer_anomaly"
"54703","-24.73000","-67.53800","-360.08","3477.00","","","0.77","mGal","bouguer_anomaly"
"53816","-24.57967","-67.53267","-340.16","3468.00","","","0.69","mGal","bouguer_anomaly"
"54702","-24.69033","-67.52200","-351.11","3474.00","","","0.89","mGal","bouguer_anomaly"
"940828","-25.23977","-67.51900","-368.87","3485.00","","","5.53","mGal","bouguer_anomaly"
"54701","-24.64633","-67.50600","-346.87","3478.00","","","1.07","mGal","bouguer_anomaly"
"940827","-25.27685","-67.49278","-365.06","3362.00","","","8.62","mGal","bouguer_anomaly"
"940912","-25.30355","-67.48724","-372.67","3438.00","","","7.69","mGal","bouguer_anomaly"
"53815","-24.57700","-67.48517","-338.85","3470.00","","","0.88","mGal","bouguer_anomaly"
"940913","-25.22128","-67.47475","-356.17","3325.00","","","6.68","mGal","bouguer_anomaly"
"940829","-25.18930","-67.45948","-351.30","3383.00","","","5.61","mGal","bouguer_anomaly"
"53814","-24.57967","-67.44433","-353.43","3480.00","","","1.17","mGal","bouguer_anomaly"
"940914","-25.15571","-67.44224","-353.25","3340.00","","","6.17","mGal","bouguer_anomaly"
"940830","-25.14292","-67.43276","-354.59","3375.00","","","5.90","mGal","bouguer_anomaly"
"53114","-24.38033","-67.42617","-346.99","3484.00","","","1.83","mGal","bouguer_anomaly"
"53813","-24.59150","-67.40267","-361.58","3526.00","","","2.03","mGal","bouguer_anomaly"
"53812","-24.64750","-67.38400","-363.64","3515.00","","","4.08","mGal","bouguer_anomaly"
"53811","-24.69417","-67.37800","-364.68","3598.00","","","2.99","mGal","bouguer_anomaly"
"53101","-24.55867","-67.37150","-359.06","3732.00","","","1.78","mGal","bouguer_anomaly"
"53103","-24.44250","-67.36717","-349.06","3570.00","","","2.21","mGal","bouguer_anomaly"
"53113","-24.37100","-67.36217","-340.95","3484.00","","","2.50","mGal","bouguer_anomaly"
"53102","-24.51467","-67.35467","-352.88","3760.00","","","4.06","mGal","bouguer_anomaly"
"53104","-24.40833","-67.34750","-344.74","3483.00","","","2.59","mGal","bouguer_anomaly"
"53121","-24.45317","-67.33467","-352.03","3894.00","","","1.64","mGal","bouguer_anomaly"
"53810","-24.70150","-67.32250","-360.02","3886.00","","","2.67","mGal","bouguer_anomaly"
"53105","-24.36783","-67.32183","-351.28","3488.00","","","3.38","mGal","bouguer_anomaly"
"53809","-24.66033","-67.31550","-355.88","4057.00","","","1.30","mGal","bouguer_anomaly"
"53808","-24.64933","-67.31250","-353.35","3959.00","","","1.35","mGal","bouguer_anomaly"
"53122","-24.42533","-67.29383","-354.31","4038.00","","","1.35","mGal","bouguer_anomaly"
"53807","-24.63633","-67.26783","-354.76","3786.00","","","1.92","mGal","bouguer_anomaly"
"53123","-24.40100","-67.24900","-354.62","4234.00","","","1.76","mGal","bouguer_anomaly"
"53806","-24.60533","-67.22417","-358.45","3781.00","","","1.32","mGal","bouguer_anomaly"
"52847","-25.34133","-67.19533","-370.25","3963.91","","","1.82","mGal","bouguer_anomaly"
"52846","-25.29717","-67.19200","-361.44","3963.00","","","1.10","mGal","bouguer_anomaly"
"53805","-24.58783","-67.18950","-363.86","3785.00","","","0.98","mGal","bouguer_anomaly"
"52845","-25.25400","-67.16750","-350.67","4028.76","","","0.66","mGal","bouguer_anomaly"
"52844","-25.21750","-67.15033","-342.37","4125.00","","","0.57","mGal","bouguer_anomaly"
"53804","-24.58333","-67.13200","-374.18","3741.00","","","0.76","mGal","bouguer_anomaly"
"52843","-25.18000","-67.12300","-342.84","4147.42","","","0.55","mGal","bouguer_anomaly"
"53210","-24.43700","-67.10750","-376.20","3792.00","","","1.11","mGal","bouguer_anomaly"
"53209","-24.37500","-67.10750","-375.94","3721.00","","","1.70","mGal","bouguer_anomaly"
"52842","-25.14367","-67.10733","-344.24","3975.97","","","0.80","mGal","bouguer_anomaly"
"52841","-25.10667","-67.09717","-344.15","3919.00","","","0.80","mGal","bouguer_anomaly"
"54018","-25.25667","-67.09717","-368.45","4003.00","","","0.92","mGal","bouguer_anomaly"
"940915","-25.09608","-67.40842","-363.53","3411.00","","","4.67","mGal","bouguer_anomaly"
"940831","-25.08767","-67.37597","-369.03","3455.00","","","4.43","mGal","bouguer_anomaly"
"53211","-24.45950","-67.09367","-376.01","3805.00","","","0.96","mGal","bouguer_anomaly"
"53803","-24.57967","-67.08533","-384.98","3736.00","","","0.77","mGal","bouguer_anomaly"
"52840","-25.07200","-67.07400","-346.50","3962.66","","","0.92","mGal","bouguer_anomaly"
"53212","-24.48967","-67.07200","-375.12","3695.00","","","1.32","mGal","bouguer_anomaly"
"54019","-25.18917","-67.05550","-357.75","3981.00","","","1.07","mGal","bouguer_anomaly"
"52839","-25.03600","-67.05317","-345.49","3926.00","","","1.39","mGal","bouguer_anomaly"
"52838","-25.00000","-67.04167","-351.53","3969.23","","","1.19","mGal","bouguer_anomaly"
"53802","-24.56417","-67.04067","-381.27","3686.00","","","1.31","mGal","bouguer_anomaly"
"941100","-25.13343","-67.00925","-339.64","4153.00","","","1.74","mGal","bouguer_anomaly"
"941099","-25.21262","-67.00640","-364.57","3973.00","","","1.36","mGal","bouguer_anomaly"
"53801","-24.53750","-67.00000","-371.64","3657.00","","","2.25","mGal","bouguer_anomaly"
"52822","-24.37583","-66.99150","-383.22","3664.31","","","2.50","mGal","bouguer_anomaly"
"52837","-24.96967","-66.98117","-353.78","4017.00","","","1.97","mGal","bouguer_anomaly"
"54020","-25.20717","-66.97217","-353.98","3968.00","","","1.92","mGal","bouguer_anomaly"
"52823","-24.41750","-66.97100","-379.29","3683.96","","","2.94","mGal","bouguer_anomaly"
"52836","-24.93383","-66.96533","-353.13","3943.84","","","2.99","mGal","bouguer_anomaly"
"52826","-24.52450","-66.96333","-368.61","3719.00","","","4.05","mGal","bouguer_anomaly"
"52827","-24.56200","-66.96233","-370.75","3674.62","","","4.42","mGal","bouguer_anomaly"
"52824","-24.45383","-66.96217","-376.27","3672.00","","","4.01","mGal","bouguer_anomaly"
"52825","-24.49117","-66.96117","-373.07","3670.02","","","4.61","mGal","bouguer_anomaly"
"941098","-25.21255","-66.95338","-351.91","3975.00","","","2.35","mGal","bouguer_anomaly"
"52828","-24.58150","-66.95183","-363.65","3701.00","","","5.11","mGal","bouguer_anomaly"
"52835","-24.89400","-66.94833","-357.45","3880.00","","","2.39","mGal","bouguer_anomaly"
"53301","-24.41833","-66.94817","-364.05","3813.00","","","1.95","mGal","bouguer_anomaly"
"941097","-25.25666","-66.94444","-359.30","3987.00","","","1.34","mGal","bouguer_anomaly"
"52832","-24.77533","-66.94350","-357.22","3697.88","","","1.48","mGal","bouguer_anomaly"
"52833","-24.81333","-66.94250","-356.71","3761.00","","","1.39","mGal","bouguer_anomaly"
"52829","-24.63683","-66.93950","-361.43","3667.45","","","2.20","mGal","bouguer_anomaly"
"52834","-24.85333","-66.93550","-360.31","3827.56","","","1.67","mGal","bouguer_anomaly"
"52830","-24.67667","-66.92767","-359.02","3669.00","","","2.09","mGal","bouguer_anomaly"
"54021","-25.18917","-66.92583","-354.41","4018.00","","","1.96","mGal","bouguer_anomaly"
"52831","-24.71467","-66.92567","-359.45","3683.64","","","1.54","mGal","bouguer_anomaly"
"941096","-25.27964","-66.92374","-358.00","3980.00","","","1.34","mGal","bouguer_anomaly"
"53302","-24.42750","-66.90217","-356.79","4041.00","","","4.07","mGal","bouguer_anomaly"
"54022","-25.15317","-66.89800","-357.36","4014.00","","","3.07","mGal","bouguer_anomaly"
"941095","-25.30172","-66.89119","-342.49","3981.00","","","2.99","mGal","bouguer_anomaly"
"54017","-25.11033","-66.87033","-353.44","3894.00","","","3.42","mGal","bouguer_anomaly"
"53303","-24.43383","-66.86467","-362.94","4190.00","","","3.50","mGal","bouguer_anomaly"
"54016","-25.07650","-66.85183","-354.82","3848.00","","","2.90","mGal","bouguer_anomaly"
"54005","-24.70117","-66.84233","-351.02","3769.00","","","2.58","mGal","bouguer_anomaly"
"941094","-25.32897","-66.84123","-336.18","3981.00","","","2.19","mGal","bouguer_anomaly"
"54015","-25.04500","-66.82400","-364.39","3840.00","","","3.52","mGal","bouguer_anomaly"
"54004","-24.67750","-66.82333","-353.01","3760.00","","","1.56","mGal","bouguer_anomaly"
"53304","-24.45650","-66.82233","-358.45","4140.00","","","4.25","mGal","bouguer_anomaly"
"54023","-25.08100","-66.81950","-357.79","3825.00","","","3.37","mGal","bouguer_anomaly"
"54024","-25.13517","-66.80550","-352.96","4057.00","","","2.17","mGal","bouguer_anomaly"
"53305","-24.49667","-66.80433","-359.36","3939.00","","","4.00","mGal","bouguer_anomaly"
"54003","-24.64133","-66.79667","-349.75","3807.00","","","3.02","mGal","bouguer_anomaly"
"54001","-24.54083","-66.79667","-357.01","3976.00","","","2.28","mGal","bouguer_anomaly"
"54002","-24.59150","-66.79067","-354.96","3933.00","","","2.19","mGal","bouguer_anomaly"
"54014","-25.00450","-66.78700","-363.53","3836.00","","","3.28","mGal","bouguer_anomaly"
"54025","-25.18467","-66.78233","-341.63","4093.00","","","2.22","mGal","bouguer_anomaly"
"54011","-24.88217","-66.76133","-361.04","3836.00","","","2.13","mGal","bouguer_anomaly"
"54026","-25.21617","-66.75917","-337.74","4039.00","","","3.76","mGal","bouguer_anomaly"
"54013","-24.97200","-66.75800","-365.99","3876.00","","","2.63","mGal","bouguer_anomaly"
"53306","-24.51533","-66.75800","-368.93","3894.00","","","2.11","mGal","bouguer_anomaly"
"54012","-24.93200","-66.75500","-361.78","3828.00","","","2.78","mGal","bouguer_anomaly"
"54006","-24.66483","-66.75400","-352.71","3772.00","","","1.50","mGal","bouguer_anomaly"
"54007","-24.70833","-66.74300","-363.06","3825.00","","","1.07","mGal","bouguer_anomaly"
"54009","-24.78350","-66.74100","-356.47","3991.00","","","0.87","mGal","bouguer_anomaly"
"54010","-24.82833","-66.73533","-359.23","3816.00","","","1.91","mGal","bouguer_anomaly"
"54008","-24.73367","-66.72367","-364.95","3897.00","","","0.91","mGal","bouguer_anomaly"
"53307","-24.53083","-66.71967","-365.35","3795.00","","","2.12","mGal","bouguer_anomaly"
"54027","-24.80883","-66.68950","-361.59","3814.00","","","1.97","mGal","bouguer_anomaly"
"53308","-24.50633","-66.67767","-371.75","3837.00","","","2.31","mGal","bouguer_anomaly"
"53309","-24.46883","-66.66767","-373.33","3918.00","","","2.86","mGal","bouguer_anomaly"
"54032","-24.61783","-66.66367","-380.15","3775.00","","","1.48","mGal","bouguer_anomaly"
"54028","-24.76183","-66.65667","-367.93","3822.00","","","1.75","mGal","bouguer_anomaly"
"54033","-24.56200","-66.65383","-381.47","3769.00","","","2.07","mGal","bouguer_anomaly"
"54031","-24.65033","-66.63783","-371.38","3815.00","","","1.41","mGal","bouguer_anomaly"
"53310","-24.45567","-66.62867","-381.17","3951.00","","","3.00","mGal","bouguer_anomaly"
"54029","-24.72917","-66.62500","-358.44","3854.00","","","1.68","mGal","bouguer_anomaly"
"54030","-24.68750","-66.61317","-367.02","3847.00","","","1.68","mGal","bouguer_anomaly"
"53311","-24.42933","-66.59183","-382.87","4033.00","","","3.05","mGal","bouguer_anomaly"
"53312","-24.39950","-66.55483","-381.15","4105.00","","","3.92","mGal","bouguer_anomaly"
"53313","-24.36317","-66.52700","-383.51","4204.00","","","6.77","mGal","bouguer_anomaly"
"53403","-24.36450","-66.24550","-347.69","4123.34","","","3.22","mGal","bouguer_anomaly"
"54123","-25.34483","-66.24500","-276.51","2099.51","","","5.49","mGal","bouguer_anomaly"
"53405","-24.43333","-66.24317","-352.61","4856.64","","","9.96","mGal","bouguer_anomaly"
"53404","-24.39833","-66.24217","-353.79","4628.75","","","6.06","mGal","bouguer_anomaly"
"54124","-25.30050","-66.23467","-277.23","2129.00","","","6.55","mGal","bouguer_anomaly"
"53406","-24.47150","-66.22533","-357.65","4225.75","","","4.94","mGal","bouguer_anomaly"
"54142","-24.66433","-66.21350","-325.52","3109.71","","","13.64","mGal","bouguer_anomaly"
"54125","-25.26267","-66.20833","-281.20","2175.00","","","6.22","mGal","bouguer_anomaly"
"54144","-24.60383","-66.20800","-331.60","3295.71","","","17.33","mGal","bouguer_anomaly"
"54141","-24.69500","-66.20367","-319.78","3072.00","","","12.87","mGal","bouguer_anomaly"
"54140","-24.73683","-66.19967","-312.10","3055.78","","","12.95","mGal","bouguer_anomaly"
"54143","-24.64083","-66.19967","-324.87","3198.00","","","16.13","mGal","bouguer_anomaly"
"53408","-24.55150","-66.19767","-333.41","3482.00","","","20.78","mGal","bouguer_anomaly"
"54139","-24.77533","-66.19567","-310.03","2934.00","","","13.50","mGal","bouguer_anomaly"
"54126","-25.22883","-66.19333","-276.38","2212.00","","","8.13","mGal","bouguer_anomaly"
"53407","-24.50917","-66.19233","-338.86","3767.34","","","17.07","mGal","bouguer_anomaly"
"54127","-25.17833","-66.18833","-271.78","2241.80","","","8.28","mGal","bouguer_anomaly"
"54138","-24.80950","-66.18483","-309.79","2757.56","","","15.75","mGal","bouguer_anomaly"
"54145","-25.24917","-66.18250","-281.27","2258.88","","","5.20","mGal","bouguer_anomaly"
"54137","-24.83667","-66.16717","-302.02","2698.00","","","13.48","mGal","bouguer_anomaly"
"54128","-25.14083","-66.16450","-270.53","2307.00","","","7.13","mGal","bouguer_anomaly"
"54136","-24.86467","-66.15433","-291.26","2653.43","","","11.04","mGal","bouguer_anomaly"
"54135","-24.90067","-66.14933","-284.95","2614.00","","","9.95","mGal","bouguer_anomaly"
"54129","-25.11183","-66.14667","-272.47","2352.00","","","6.16","mGal","bouguer_anomaly"
"54146","-25.24917","-66.13733","-276.59","2429.03","","","3.82","mGal","bouguer_anomaly"
"54134","-24.93950","-66.13650","-279.94","2598.51","","","7.06","mGal","bouguer_anomaly"
"54130","-25.08217","-66.12183","-271.84","2422.34","","","5.49","mGal","bouguer_anomaly"
"54133","-24.97750","-66.12017","-281.73","2540.00","","","6.12","mGal","bouguer_anomaly"
"54131","-25.04967","-66.09300","-272.26","2466.00","","","5.32","mGal","bouguer_anomaly"
"54147","-25.25450","-66.09150","-270.60","2660.04","","","2.71","mGal","bouguer_anomaly"
"54132","-25.01083","-66.08750","-276.34","2484.33","","","5.51","mGal","bouguer_anomaly"
"54148","-25.24817","-66.04733","-259.58","2719.65","","","3.52","mGal","bouguer_anomaly"
"54154","-25.07450","-66.04333","-260.49","2646.00","","","4.12","mGal","bouguer_anomaly"
"53518","-24.35667","-66.01433","-304.93","3302.00","","","6.43","mGal","bouguer_anomaly"
"54149","-25.23833","-66.00717","-246.10","2811.07","","","3.62","mGal","bouguer_anomaly"
"54153","-25.09250","-66.00167","-249.72","2855.00","","","5.63","mGal","bouguer_anomaly"
"53517","-24.41117","-65.98867","-304.38","3173.00","","","7.84","mGal","bouguer_anomaly"
"54152","-25.13267","-65.98733","-244.02","2953.00","","","3.31","mGal","bouguer_anomaly"
"54151","-25.17817","-65.97383","-243.41","2888.00","","","3.44","mGal","bouguer_anomaly"
"54150","-25.22300","-65.96050","-241.81","2932.55","","","3.30","mGal","bouguer_anomaly"
"53516","-24.45233","-65.94717","-297.39","3087.00","","","6.54","mGal","bouguer_anomaly"
"54155","-25.23467","-65.90933","-226.69","3139.33","","","3.05","mGal","bouguer_anomaly"
"53515","-24.47750","-65.90533","-301.89","2800.00","","","10.06","mGal","bouguer_anomaly"
"65203","-25.33200","-65.90050","-243.80","3042.00","","","3.01","mGal","bouguer_anomaly"
"65202","-25.29717","-65.89500","-234.38","3216.00","","","3.49","mGal","bouguer_anomaly"
"65201","-25.26667","-65.88767","-232.50","3199.00","","","3.52","mGal","bouguer_anomaly"
"54156","-25.21217","-65.86300","-217.26","3256.80","","","5.46","mGal","bouguer_anomaly"
"65301","-25.31717","-65.86133","-226.08","2908.00","","","4.08","mGal","bouguer_anomaly"
"53511","-24.53867","-65.85717","-296.73","2647.00","","","11.56","mGal","bouguer_anomaly"
"53512","-24.52250","-65.85517","-297.80","2676.00","","","10.23","mGal","bouguer_anomaly"
"53513","-24.47983","-65.85400","-300.29","2765.00","","","8.19","mGal","bouguer_anomaly"
"54157","-25.17517","-65.84917","-220.92","3347.78","","","8.28","mGal","bouguer_anomaly"
"53514","-24.42583","-65.82933","-297.00","2911.00","","","8.58","mGal","bouguer_anomaly"
"53510","-24.58567","-65.82933","-288.75","2556.00","","","13.66","mGal","bouguer_anomaly"
"65501","-24.35500","-65.80633","-288.25","3048.00","","","8.92","mGal","bouguer_anomaly"
"53509","-24.64417","-65.79867","-273.02","2452.00","","","16.28","mGal","bouguer_anomaly"
"53508","-24.68383","-65.76883","-256.88","2359.00","","","20.83","mGal","bouguer_anomaly"
"54158","-25.17717","-65.76617","-205.39","2179.00","","","16.86","mGal","bouguer_anomaly"
"53507","-24.71900","-65.75600","-242.74","2254.00","","","23.72","mGal","bouguer_anomaly"
"53506","-24.76217","-65.73717","-239.92","2111.00","","","24.26","mGal","bouguer_anomaly"
"54159","-25.17683","-65.72750","-207.34","1916.00","","","14.48","mGal","bouguer_anomaly"
"53505","-24.81083","-65.72317","-235.51","1899.00","","","22.70","mGal","bouguer_anomaly"
"53504","-24.84233","-65.71983","-223.56","1807.00","","","20.93","mGal","bouguer_anomaly"
"53503","-24.88733","-65.69550","-221.16","1679.00","","","18.32","mGal","bouguer_anomaly"
"54160","-25.15250","-65.69117","-199.93","1760.00","","","15.46","mGal","bouguer_anomaly"
"54161","-25.15517","-65.65100","-200.06","1666.00","","","10.87","mGal","bouguer_anomaly"
"53502","-24.90717","-65.65083","-221.74","1520.00","","","10.01","mGal","bouguer_anomaly"
"53501","-24.94150","-65.61900","-231.31","1410.00","","","6.63","mGal","bouguer_anomaly"
"54162","-25.15800","-65.59783","-192.24","1537.00","","","9.43","mGal","bouguer_anomaly"
"54202","-25.11800","-65.59000","-200.20","1388.62","","","8.51","mGal","bouguer_anomaly"
"54169","-24.88133","-65.58983","-228.52","1393.00","","","6.63","mGal","bouguer_anomaly"
"54206","-24.98550","-65.58967","-223.11","1319.07","","","5.53","mGal","bouguer_anomaly"
"54207","-25.00717","-65.57183","-223.27","1302.29","","","4.70","mGal","bouguer_anomaly"
"54208","-24.95933","-65.57133","-224.85","1329.45","","","4.67","mGal","bouguer_anomaly"
"54201","-25.10083","-65.56583","-207.78","1329.94","","","4.36","mGal","bouguer_anomaly"
"54209","-24.93417","-65.55850","-224.01","1337.57","","","4.29","mGal","bouguer_anomaly"
"54203","-25.07217","-65.55633","-210.90","1288.25","","","4.26","mGal","bouguer_anomaly"
"54204","-25.04683","-65.55183","-213.28","1268.05","","","4.14","mGal","bouguer_anomaly"
"54205","-25.02617","-65.54683","-213.42","1262.00","","","4.22","mGal","bouguer_anomaly"
"54210","-24.92050","-65.53667","-219.03","1308.00","","","4.06","mGal","bouguer_anomaly"
"54801","-25.08533","-65.52883","-202.58","1242.00","","","3.82","mGal","bouguer_anomaly"
"54168","-24.84567","-65.51967","-222.17","1306.00","","","4.42","mGal","bouguer_anomaly"
"54802","-25.10567","-65.50950","-197.03","1211.14","","","3.16","mGal","bouguer_anomaly"
"54808","-25.33850","-65.50500","-197.97","1106.00","","","3.02","mGal","bouguer_anomaly"
"54804","-25.17050","-65.49150","-199.07","1208.00","","","3.71","mGal","bouguer_anomaly"
"53618","-24.91067","-65.48917","-207.64","1268.49","","","3.13","mGal","bouguer_anomaly"
"54164","-25.04133","-65.48467","-193.15","1187.00","","","2.86","mGal","bouguer_anomaly"
"54807","-25.30067","-65.48317","-192.66","1094.00","","","3.40","mGal","bouguer_anomaly"
"54165","-25.00083","-65.48117","-190.27","1221.00","","","2.67","mGal","bouguer_anomaly"
"54803","-25.12233","-65.48067","-191.06","1143.86","","","3.23","mGal","bouguer_anomaly"
"54163","-25.08050","-65.48067","-191.21","1162.00","","","2.92","mGal","bouguer_anomaly"
"54805","-25.21333","-65.47617","-191.52","1131.60","","","3.26","mGal","bouguer_anomaly"
"54166","-24.95400","-65.47533","-193.74","1249.00","","","2.65","mGal","bouguer_anomaly"
"54167","-24.83983","-65.47083","-217.58","1237.00","","","3.48","mGal","bouguer_anomaly"
"53701","-24.70283","-65.46833","-219.93","1398.00","","","5.78","mGal","bouguer_anomaly"
"54806","-25.25467","-65.46233","-193.17","1084.00","","","2.90","mGal","bouguer_anomaly"
"53617","-24.88850","-65.45950","-201.80","1225.00","","","2.79","mGal","bouguer_anomaly"
"53719","-24.76450","-65.44867","-207.24","1264.00","","","3.97","mGal","bouguer_anomaly"
"53616","-24.85600","-65.43283","-208.02","1198.51","","","2.75","mGal","bouguer_anomaly"
"65401","-25.28517","-65.42300","-180.06","1057.00","","","2.41","mGal","bouguer_anomaly"
"53615","-24.83433","-65.42150","-201.95","1182.16","","","2.86","mGal","bouguer_anomaly"
"53614","-24.73650","-65.40150","-187.66","1224.00","","","3.33","mGal","bouguer_anomaly"
"53702","-24.71783","-65.39883","-186.12","1226.00","","","3.68","mGal","bouguer_anomaly"
"53703","-24.79167","-65.39783","-186.22","1169.00","","","2.84","mGal","bouguer_anomaly"
"54315","-24.92417","-65.37850","-179.04","1149.00","","","2.12","mGal","bouguer_anomaly"
"53613","-24.67150","-65.37650","-177.78","1264.81","","","3.65","mGal","bouguer_anomaly"
"53612","-24.61733","-65.36950","-179.84","1340.33","","","3.63","mGal","bouguer_anomaly"
"53704","-24.81867","-65.36783","-171.23","1163.00","","","2.27","mGal","bouguer_anomaly"
"53610","-24.55183","-65.36767","-188.14","1474.00","","","4.43","mGal","bouguer_anomaly"
"65402","-25.27117","-65.36567","-168.72","1057.00","","","2.22","mGal","bouguer_anomaly"
"54314","-24.86650","-65.35617","-167.32","1167.00","","","2.21","mGal","bouguer_anomaly"
"53611","-24.57450","-65.35300","-178.34","1422.17","","","4.05","mGal","bouguer_anomaly"
"53609","-24.52433","-65.34283","-179.89","1536.38","","","3.81","mGal","bouguer_anomaly"
"65403","-25.28567","-65.34183","-163.06","1056.00","","","2.04","mGal","bouguer_anomaly"
"65404","-25.26667","-65.33050","-163.41","1051.00","","","2.18","mGal","bouguer_anomaly"
"52901","-24.37367","-65.32217","-188.37","1303.00","","","5.01","mGal","bouguer_anomaly"
"53608","-24.50633","-65.31867","-175.68","1463.73","","","6.02","mGal","bouguer_anomaly"
"53705","-24.77800","-65.31683","-169.41","1280.00","","","1.76","mGal","bouguer_anomaly"
"54313","-24.88267","-65.31233","-162.07","1419.00","","","1.48","mGal","bouguer_anomaly"
"53607","-24.50000","-65.30433","-177.02","1307.39","","","3.97","mGal","bouguer_anomaly"
"53605","-24.43683","-65.29350","-187.91","1243.78","","","4.09","mGal","bouguer_anomaly"
"53706","-24.74600","-65.29300","-182.88","1185.00","","","1.98","mGal","bouguer_anomaly"
"53606","-24.46933","-65.29067","-182.20","1251.83","","","4.54","mGal","bouguer_anomaly"
"53707","-24.79800","-65.27133","-183.11","1219.00","","","1.63","mGal","bouguer_anomaly"
"53604","-24.39850","-65.27000","-183.67","1186.60","","","3.56","mGal","bouguer_anomaly"
"54311","-24.92517","-65.26883","-172.27","1306.00","","","1.35","mGal","bouguer_anomaly"
"54312","-24.89083","-65.26633","-180.01","1342.00","","","1.35","mGal","bouguer_anomaly"
"54310","-24.95300","-65.24217","-176.54","1159.00","","","1.92","mGal","bouguer_anomaly"
"53603","-24.39800","-65.23467","-175.56","1124.00","","","2.95","mGal","bouguer_anomaly"
"53708","-24.80767","-65.21967","-184.38","1117.00","","","1.38","mGal","bouguer_anomaly"
"54309","-24.95583","-65.20250","-178.54","1081.00","","","1.31","mGal","bouguer_anomaly"
"53602","-24.39717","-65.19233","-174.02","1054.24","","","2.43","mGal","bouguer_anomaly"
"54308","-24.98333","-65.18867","-178.20","1028.00","","","1.58","mGal","bouguer_anomaly"
"53709","-24.79883","-65.17767","-178.37","1019.00","","","1.25","mGal","bouguer_anomaly"
"54305","-25.06250","-65.16917","-164.45","980.00","","","1.60","mGal","bouguer_anomaly"
"54307","-25.00633","-65.16717","-176.05","1016.00","","","1.24","mGal","bouguer_anomaly"
"54306","-25.03867","-65.15717","-172.18","947.00","","","1.32","mGal","bouguer_anomaly"
"53601","-24.38717","-65.14417","-166.89","978.13","","","2.00","mGal","bouguer_anomaly"
"53710","-24.78067","-65.13833","-170.68","930.00","","","1.07","mGal","bouguer_anomaly"
"54304","-25.08550","-65.13050","-168.51","973.00","","","1.05","mGal","bouguer_anomaly"
"54303","-25.11833","-65.10017","-170.08","769.00","","","1.60","mGal","bouguer_anomaly"
"53711","-24.74650","-65.09600","-163.38","832.00","","","1.01","mGal","bouguer_anomaly"
"53714","-24.66267","-65.09233","-160.60","797.60","","","1.14","mGal","bouguer_anomaly"
"51801","-24.38583","-65.09117","-155.43","920.89","","","1.62","mGal","bouguer_anomaly"
"53713","-24.68983","-65.08850","-161.63","807.00","","","1.05","mGal","bouguer_anomaly"
"53715","-24.62700","-65.08250","-156.94","751.00","","","1.23","mGal","bouguer_anomaly"
"54302","-25.14183","-65.07750","-162.55","791.00","","","1.66","mGal","bouguer_anomaly"
"53718","-24.47917","-65.07600","-153.87","807.23","","","1.36","mGal","bouguer_anomaly"
"53712","-24.73400","-65.07517","-158.82","778.70","","","1.00","mGal","bouguer_anomaly"
"53717","-24.54600","-65.07250","-154.83","753.31","","","1.25","mGal","bouguer_anomaly"
"53716","-24.58200","-65.07167","-153.47","716.00","","","1.27","mGal","bouguer_anomaly"
"52001","-24.42867","-65.06350","-151.47","846.00","","","1.33","mGal","bouguer_anomaly"
"54301","-25.12967","-65.04083","-154.45","790.00","","","1.16","mGal","bouguer_anomaly"
"52501","-24.67333","-65.03467","-156.66","734.00","","","0.94","mGal","bouguer_anomaly"
"54402","-24.76533","-65.02567","-159.18","737.00","","","0.92","mGal","bouguer_anomaly"
"54401","-24.72017","-65.02217","-156.99","722.00","","","0.93","mGal","bouguer_anomaly"
"54403","-24.80500","-65.00933","-153.25","768.00","","","0.83","mGal","bouguer_anomaly"
"54413","-25.11983","-65.00750","-156.50","722.00","","","1.23","mGal","bouguer_anomaly"
"52002","-24.43317","-65.00750","-139.33","767.81","","","1.11","mGal","bouguer_anomaly"
"54412","-25.07917","-65.00000","-154.53","787.00","","","0.87","mGal","bouguer_anomaly"
"54404","-24.84650","-64.99800","-146.79","804.00","","","0.74","mGal","bouguer_anomaly"
"54411","-25.03617","-64.99500","-151.82","857.00","","","0.65","mGal","bouguer_anomaly"
"52502","-24.65800","-64.98817","-152.83","665.00","","","1.01","mGal","bouguer_anomaly"
"54410","-24.99417","-64.98717","-150.04","942.00","","","0.53","mGal","bouguer_anomaly"
"54414","-25.16283","-64.98483","-151.33","773.00","","","1.12","mGal","bouguer_anomaly"
"54409","-24.94950","-64.98217","-151.12","949.00","","","0.50","mGal","bouguer_anomaly"
"52003","-24.38450","-64.98000","-123.43","829.00","","","1.19","mGal","bouguer_anomaly"
"54405","-24.90167","-64.96350","-149.06","874.00","","","0.56","mGal","bouguer_anomaly"
"54415","-25.19233","-64.95000","-140.81","767.00","","","1.01","mGal","bouguer_anomaly"
"52503","-24.65250","-64.93867","-149.98","621.00","","","1.02","mGal","bouguer_anomaly"
"53006","-24.40700","-64.93283","-116.50","729.00","","","0.97","mGal","bouguer_anomaly"
"54406","-24.91783","-64.92683","-143.33","890.00","","","0.63","mGal","bouguer_anomaly"
"54416","-25.23300","-64.92417","-133.59","681.00","","","1.42","mGal","bouguer_anomaly"
"54417","-25.27383","-64.91667","-136.95","717.00","","","1.24","mGal","bouguer_anomaly"
"54418","-25.31217","-64.90650","-133.54","723.39","","","0.98","mGal","bouguer_anomaly"
"54536","-25.19450","-64.89900","-128.30","698.00","","","1.32","mGal","bouguer_anomaly"
"53005","-24.42333","-64.89750","-119.21","651.00","","","0.87","mGal","bouguer_anomaly"
"52504","-24.64167","-64.88933","-139.01","606.00","","","1.36","mGal","bouguer_anomaly"
"54407","-24.93900","-64.87950","-132.35","944.00","","","0.80","mGal","bouguer_anomaly"
"54535","-25.16750","-64.86867","-128.86","765.00","","","1.20","mGal","bouguer_anomaly"
"53002","-24.35833","-64.86017","-136.10","590.00","","","1.00","mGal","bouguer_anomaly"
"53004","-24.44583","-64.85033","-130.39","544.00","","","0.83","mGal","bouguer_anomaly"
"53003","-24.40067","-64.84433","-133.53","547.00","","","0.89","mGal","bouguer_anomaly"
"52505","-24.63667","-64.84133","-125.54","687.00","","","1.29","mGal","bouguer_anomaly"
"54534","-25.14033","-64.83333","-128.05","852.00","","","0.92","mGal","bouguer_anomaly"
"54408","-24.96300","-64.82417","-119.89","1040.00","","","1.66","mGal","bouguer_anomaly"
"52506","-24.61667","-64.79933","-125.45","697.00","","","1.31","mGal","bouguer_anomaly"
"54533","-25.12667","-64.79300","-119.01","812.00","","","1.03","mGal","bouguer_anomaly"
"52507","-24.59567","-64.76633","-123.01","716.00","","","1.41","mGal","bouguer_anomaly"
"54532","-25.11983","-64.75000","-113.31","729.00","","","1.10","mGal","bouguer_anomaly"
"52508","-24.55683","-64.73917","-120.69","672.00","","","1.09","mGal","bouguer_anomaly"
"52509","-24.51900","-64.71350","-122.13","654.00","","","1.18","mGal","bouguer_anomaly"
"54531","-25.09733","-64.71117","-111.28","737.00","","","0.73","mGal","bouguer_anomaly"
"52510","-24.47650","-64.69300","-120.96","654.00","","","1.23","mGal","bouguer_anomaly"
"52511","-24.43500","-64.68517","-120.82","631.00","","","1.32","mGal","bouguer_anomaly"
"54530","-25.07467","-64.68433","-109.70","735.00","","","0.91","mGal","bouguer_anomaly"
"52513","-24.36467","-64.67400","-125.76","560.00","","","1.46","mGal","bouguer_anomaly"
"54529","-25.05200","-64.65917","-113.53","771.00","","","0.85","mGal","bouguer_anomaly"
"52512","-24.40450","-64.65483","-120.18","619.00","","","1.88","mGal","bouguer_anomaly"
"54522","-24.95700","-64.64800","-111.90","797.00","","","2.62","mGal","bouguer_anomaly"
"54523","-24.91400","-64.63633","-108.66","875.00","","","1.62","mGal","bouguer_anomaly"
"54521","-24.99767","-64.63383","-114.36","801.00","","","1.01","mGal","bouguer_anomaly"
"54512","-25.04067","-64.62883","-107.42","702.00","","","0.79","mGal","bouguer_anomaly"
"54524","-24.87550","-64.61967","-106.05","954.00","","","1.05","mGal","bouguer_anomaly"
"54525","-24.83033","-64.61367","-107.26","1021.00","","","1.02","mGal","bouguer_anomaly"
"54526","-24.78733","-64.60867","-107.88","958.00","","","0.93","mGal","bouguer_anomaly"
"54527","-24.74883","-64.59350","-108.37","894.00","","","0.82","mGal","bouguer_anomaly"
"54528","-24.70583","-64.58083","-109.39","911.00","","","0.88","mGal","bouguer_anomaly"
"54513","-25.04067","-64.57583","-95.76","651.00","","","0.54","mGal","bouguer_anomaly"
"54514","-25.00000","-64.53533","-91.79","645.00","","","0.52","mGal","bouguer_anomaly"
"54515","-24.97283","-64.47000","-87.91","671.00","","","0.34","mGal","bouguer_anomaly"
"54511","-24.91200","-64.44583","-84.32","645.00","","","0.41","mGal","bouguer_anomaly"
"54516","-24.88267","-64.40633","-86.07","591.00","","","0.31","mGal","bouguer_anomaly"
"54510","-24.93233","-64.40400","-84.11","583.00","","","0.26","mGal","bouguer_anomaly"
"54504","-25.18967","-64.38183","-68.54","429.00","","","0.17","mGal","bouguer_anomaly"
"54517","-24.84883","-64.38183","-88.65","575.00","","","0.34","mGal","bouguer_anomaly"
"54509","-24.96383","-64.36950","-83.82","535.00","","","0.22","mGal","bouguer_anomaly"
"54505","-25.13550","-64.35217","-66.08","413.20","","","0.18","mGal","bouguer_anomaly"
"54507","-25.01583","-64.34733","-76.52","486.00","","","0.18","mGal","bouguer_anomaly"
"54506","-25.05417","-64.34733","-71.44","452.00","","","0.19","mGal","bouguer_anomaly"
"54518","-24.81033","-64.34733","-86.53","578.00","","","0.32","mGal","bouguer_anomaly"
"54508","-24.98417","-64.32767","-78.95","498.00","","","0.16","mGal","bouguer_anomaly"
"54503","-25.24833","-64.32517","-59.91","488.00","","","0.08","mGal","bouguer_anomaly"
"54519","-24.76517","-64.32267","-81.74","516.00","","","0.35","mGal","bouguer_anomaly"
"54520","-24.72233","-64.28817","-82.12","492.00","","","0.37","mGal","bouguer_anomaly"
"52134","-25.01583","-64.26350","-57.85","413.00","","","0.14","mGal","bouguer_anomaly"
"52132","-24.91867","-64.25617","-67.91","432.00","","","0.18","mGal","bouguer_anomaly"
"52133","-24.96833","-64.25367","-64.68","426.00","","","0.15","mGal","bouguer_anomaly"
"52131","-24.86900","-64.24883","-68.99","431.00","","","0.26","mGal","bouguer_anomaly"
"52127","-24.68617","-64.24383","-76.74","469.00","","","0.41","mGal","bouguer_anomaly"
"52130","-24.81933","-64.24383","-70.53","435.00","","","0.29","mGal","bouguer_anomaly"
"52126","-24.64567","-64.24133","-76.00","461.00","","","0.49","mGal","bouguer_anomaly"
"52128","-24.73133","-64.23883","-75.28","461.00","","","0.31","mGal","bouguer_anomaly"
"54502","-25.25283","-64.23883","-46.37","423.00","","","0.06","mGal","bouguer_anomaly"
"52125","-24.61083","-64.23633","-76.83","462.00","","","0.60","mGal","bouguer_anomaly"
"52129","-24.77433","-64.23150","-72.28","451.00","","","0.25","mGal","bouguer_anomaly"
"52135","-25.05650","-64.22667","-55.16","385.00","","","0.11","mGal","bouguer_anomaly"
"52124","-24.57117","-64.21767","-73.77","444.00","","","0.66","mGal","bouguer_anomaly"
"52123","-24.53867","-64.17733","-70.59","424.00","","","0.60","mGal","bouguer_anomaly"
"52136","-25.07450","-64.17483","-48.99","377.30","","","0.07","mGal","bouguer_anomaly"
"54501","-25.26183","-64.14783","-43.08","356.00","","","0.05","mGal","bouguer_anomaly"
"52137","-25.10150","-64.14283","-46.23","371.00","","","0.05","mGal","bouguer_anomaly"
"52138","-25.16033","-64.09850","-39.03","360.00","","","0.02","mGal","bouguer_anomaly"
"52122","-24.49217","-64.09367","-67.14","383.00","","","0.38","mGal","bouguer_anomaly"
"52139","-25.24283","-64.06400","-26.94","345.00","","","0.01","mGal","bouguer_anomaly"
"52140","-25.33450","-64.04433","-27.57","336.00","","","0.01","mGal","bouguer_anomaly"
"52121","-24.44700","-64.03867","-65.13","363.00","","","0.27","mGal","bouguer_anomaly"
"21625","-23.47183","-70.60633","106.72","1.20","","","2.06","mGal","bouguer_anomaly"
"21627","-23.36167","-70.60333","101.30","1.20","","","0.47","mGal","bouguer_anomaly"
"21624","-23.43667","-70.59183","105.15","3.90","","","1.92","mGal","bouguer_anomaly"
"21623","-23.41117","-70.59017","102.10","1.00","","","1.02","mGal","bouguer_anomaly"
"21626","-23.38917","-70.54283","96.12","205.00","","","0.57","mGal","bouguer_anomaly"
"21622","-23.50783","-70.53150","90.63","0.50","","","1.93","mGal","bouguer_anomaly"
"44807","-24.24058","-70.53004","94.42","31.00","","","8.95","mGal","bouguer_anomaly"
"44806","-24.29223","-70.51243","77.81","621.00","","","9.90","mGal","bouguer_anomaly"
"21621","-23.46317","-70.51100","78.28","1.00","","","1.74","mGal","bouguer_anomaly"
"21644","-23.75983","-70.47117","75.75","6.00","","","1.90","mGal","bouguer_anomaly"
"44805","-24.32614","-70.46110","68.93","859.00","","","10.81","mGal","bouguer_anomaly"
"44804","-24.28753","-70.43849","70.99","1228.00","","","9.38","mGal","bouguer_anomaly"
"21643","-23.73067","-70.43833","53.59","4.00","","","2.36","mGal","bouguer_anomaly"
"22805","-23.43583","-70.43717","52.96","117.40","","","0.99","mGal","bouguer_anomaly"
"21608","-23.40683","-70.43567","56.66","201.00","","","0.83","mGal","bouguer_anomaly"
"22806","-23.37567","-70.42950","56.99","219.00","","","0.78","mGal","bouguer_anomaly"
"21642","-23.69150","-70.41967","41.85","10.00","","","1.82","mGal","bouguer_anomaly"
"21607","-23.46933","-70.41817","42.48","143.80","","","1.33","mGal","bouguer_anomaly"
"21606","-23.47717","-70.41400","39.46","122.00","","","1.54","mGal","bouguer_anomaly"
"21641","-23.65983","-70.40300","37.56","4.00","","","2.58","mGal","bouguer_anomaly"
"21605","-23.50400","-70.40283","34.90","90.00","","","2.31","mGal","bouguer_anomaly"
"21603","-23.54517","-70.39917","33.25","2.00","","","3.43","mGal","bouguer_anomaly"
"21601","-23.63000","-70.39467","34.48","1.50","","","2.11","mGal","bouguer_anomaly"
"21602","-23.59350","-70.39433","32.43","1.00","","","2.09","mGal","bouguer_anomaly"
"21604","-23.52483","-70.39217","27.53","75.00","","","2.04","mGal","bouguer_anomaly"
"21631","-23.71083","-70.37817","39.20","209.89","","","2.06","mGal","bouguer_anomaly"
"21632","-23.74700","-70.35017","39.25","344.42","","","1.30","mGal","bouguer_anomaly"
"21103","-23.62050","-70.34833","28.47","376.04","","","2.74","mGal","bouguer_anomaly"
"21102","-23.62167","-70.32133","22.00","525.46","","","2.56","mGal","bouguer_anomaly"
"22310","-24.15167","-70.31933","31.31","1284.80","","","2.63","mGal","bouguer_anomaly"
"22301","-23.80917","-70.31183","18.14","476.00","","","1.26","mGal","bouguer_anomaly"
"22311","-24.16267","-70.31083","22.45","1338.76","","","2.79","mGal","bouguer_anomaly"
"22309","-24.12667","-70.30833","22.71","1159.77","","","2.49","mGal","bouguer_anomaly"
"22302","-23.85933","-70.30783","23.45","533.30","","","1.42","mGal","bouguer_anomaly"
"21101","-23.61733","-70.29883","13.78","557.90","","","1.83","mGal","bouguer_anomaly"
"21633","-23.72883","-70.29700","9.64","514.53","","","0.85","mGal","bouguer_anomaly"
"22303","-23.91850","-70.29467","19.00","617.00","","","1.59","mGal","bouguer_anomaly"
"22318","-24.34883","-70.29267","-1.52","1974.00","","","4.27","mGal","bouguer_anomaly"
"22313","-24.23600","-70.29233","13.39","1628.86","","","3.37","mGal","bouguer_anomaly"
"22315","-24.27550","-70.29117","6.15","1732.12","","","3.63","mGal","bouguer_anomaly"
"22314","-24.26133","-70.29050","8.43","1690.00","","","3.71","mGal","bouguer_anomaly"
"22317","-24.32817","-70.28967","-4.16","1900.59","","","4.01","mGal","bouguer_anomaly"
"22312","-24.19633","-70.28917","14.23","1493.62","","","2.97","mGal","bouguer_anomaly"
"22316","-24.30633","-70.28867","-1.21","1819.00","","","4.14","mGal","bouguer_anomaly"
"22308","-24.10233","-70.28633","18.93","1081.00","","","2.34","mGal","bouguer_anomaly"
"22307","-24.10183","-70.28583","26.97","1070.98","","","2.36","mGal","bouguer_anomaly"
"21104","-23.60950","-70.27867","0.69","538.03","","","0.99","mGal","bouguer_anomaly"
"44803","-24.24496","-70.40354","68.19","1680.00","","","7.29","mGal","bouguer_anomaly"
"930112","-23.35905","-70.40260","48.13","252.00","","","0.39","mGal","bouguer_anomaly"
"22801","-23.65017","-70.40100","37.23","5.00","","","3.19","mGal","bouguer_anomaly"
"22815","-23.64250","-70.39583","37.14","7.00","","","3.72","mGal","bouguer_anomaly"
"22804","-23.56833","-70.38933","33.01","40.00","","","3.32","mGal","bouguer_anomaly"
"44802","-24.22009","-70.35749","34.77","1502.00","","","3.95","mGal","bouguer_anomaly"
"44801","-24.18601","-70.33104","30.55","1389.00","","","3.19","mGal","bouguer_anomaly"
"22812","-23.69850","-70.33033","36.73","886.00","","","2.91","mGal","bouguer_anomaly"
"22802","-23.77433","-70.31500","20.41","424.58","","","1.24","mGal","bouguer_anomaly"
"930135","-23.43713","-70.31075","18.31","783.00","","","0.64","mGal","bouguer_anomaly"
"930136","-23.39388","-70.31005","24.26","604.00","","","0.58","mGal","bouguer_anomaly"
"930134","-23.47686","-70.29192","9.74","914.00","","","0.68","mGal","bouguer_anomaly"
"22811","-23.69517","-70.28917","6.01","578.00","","","0.81","mGal","bouguer_anomaly"
"22304","-24.01650","-70.27467","15.82","820.13","","","2.05","mGal","bouguer_anomaly"
"22306","-24.06200","-70.27467","13.74","945.45","","","2.16","mGal","bouguer_anomaly"
"22813","-23.65667","-70.27317","2.83","547.00","","","0.82","mGal","bouguer_anomaly"
"22305","-24.05417","-70.27233","14.57","914.00","","","2.10","mGal","bouguer_anomaly"
"930133","-23.51081","-70.26678","2.44","777.00","","","0.45","mGal","bouguer_anomaly"
"22803","-23.59033","-70.25750","-8.29","533.00","","","1.14","mGal","bouguer_anomaly"
"22401","-23.65283","-70.25183","-2.94","552.23","","","0.86","mGal","bouguer_anomaly"
"22814","-23.55467","-70.23600","-7.29","587.00","","","1.01","mGal","bouguer_anomaly"
"22402","-23.67917","-70.23483","-5.77","586.24","","","0.80","mGal","bouguer_anomaly"
"21105","-23.53383","-70.22950","-6.32","610.08","","","1.04","mGal","bouguer_anomaly"
"22701","-24.05767","-70.22650","1.46","928.90","","","1.92","mGal","bouguer_anomaly"
"930131","-23.35509","-70.22363","7.03","1181.00","","","1.01","mGal","bouguer_anomaly"
"22403","-23.71317","-70.20917","-6.23","620.25","","","0.83","mGal","bouguer_anomaly"
"930132","-23.38177","-70.20365","-1.62","1125.00","","","0.67","mGal","bouguer_anomaly"
"21106","-23.49933","-70.20217","-7.34","654.53","","","1.09","mGal","bouguer_anomaly"
"930093","-23.42512","-70.18000","-7.06","866.00","","","0.45","mGal","bouguer_anomaly"
"22702","-24.09500","-70.17267","-14.36","1036.00","","","1.67","mGal","bouguer_anomaly"
"930094","-23.38798","-70.17145","-6.78","957.00","","","0.42","mGal","bouguer_anomaly"
"21107","-23.46367","-70.16750","-8.38","706.83","","","1.16","mGal","bouguer_anomaly"
"22501","-24.13000","-70.16433","-19.86","1075.00","","","2.09","mGal","bouguer_anomaly"
"22404","-23.72250","-70.16250","-18.83","628.00","","","0.84","mGal","bouguer_anomaly"
"22502","-24.18550","-70.13183","-28.51","1195.00","","","2.17","mGal","bouguer_anomaly"
"21108","-23.44983","-70.12267","-14.21","750.00","","","1.77","mGal","bouguer_anomaly"
"22405","-23.73267","-70.11467","-26.89","636.00","","","1.04","mGal","bouguer_anomaly"
"22503","-24.22517","-70.10300","-34.66","1235.00","","","1.98","mGal","bouguer_anomaly"
"21109","-23.44633","-70.07317","-26.66","800.58","","","1.00","mGal","bouguer_anomaly"
"22406","-23.74983","-70.06950","-34.32","637.00","","","1.08","mGal","bouguer_anomaly"
"22703","-24.09500","-70.05867","-47.90","1032.50","","","1.31","mGal","bouguer_anomaly"
"22504","-24.24933","-70.04417","-50.25","1202.00","","","1.93","mGal","bouguer_anomaly"
"22407","-23.75850","-70.03217","-48.64","637.00","","","1.16","mGal","bouguer_anomaly"
"21110","-23.43833","-70.02783","-39.11","835.14","","","0.97","mGal","bouguer_anomaly"
"22408","-23.77500","-69.98850","-62.85","653.00","","","0.93","mGal","bouguer_anomaly"
"21111","-23.41350","-69.98750","-46.34","872.80","","","0.79","mGal","bouguer_anomaly"
"22704","-24.08700","-69.98350","-68.57","1008.00","","","1.06","mGal","bouguer_anomaly"
"22505","-24.30933","-69.97100","-77.60","1279.00","","","1.53","mGal","bouguer_anomaly"
"21112","-23.38833","-69.94717","-54.82","918.63","","","0.68","mGal","bouguer_anomaly"
"22409","-23.78517","-69.94083","-80.62","671.00","","","0.79","mGal","bouguer_anomaly"
"22705","-24.07433","-69.93683","-81.82","959.00","","","1.30","mGal","bouguer_anomaly"
"930170","-23.40277","-69.91547","-62.98","968.00","","","0.21","mGal","bouguer_anomaly"
"21113","-23.37033","-69.90700","-69.20","950.00","","","0.68","mGal","bouguer_anomaly"
"44901","-24.09975","-69.90221","-93.03","973.00","","","0.95","mGal","bouguer_anomaly"
"22605","-24.31833","-69.89467","-110.02","1264.00","","","0.96","mGal","bouguer_anomaly"
"22410","-23.78483","-69.89217","-89.49","686.50","","","0.69","mGal","bouguer_anomaly"
"22606","-24.28667","-69.88900","-103.24","1225.00","","","0.86","mGal","bouguer_anomaly"
"22607","-24.24350","-69.87900","-102.11","1175.00","","","0.76","mGal","bouguer_anomaly"
"930171","-23.41499","-69.87323","-81.90","1000.00","","","0.18","mGal","bouguer_anomaly"
"44902","-24.14056","-69.87287","-100.44","1034.00","","","0.72","mGal","bouguer_anomaly"
"22706","-24.05900","-69.85967","-99.01","966.78","","","0.70","mGal","bouguer_anomaly"
"42623","-23.46012","-69.85522","-101.87","942.80","","","0.76","mGal","bouguer_anomaly"
"42624","-23.41858","-69.85299","-102.72","969.50","","","0.65","mGal","bouguer_anomaly"
"22608","-24.21900","-69.85083","-116.72","1125.00","","","0.74","mGal","bouguer_anomaly"
"22609","-24.17500","-69.84867","-107.40","1077.00","","","0.68","mGal","bouguer_anomaly"
"22411","-23.79933","-69.84550","-100.70","707.00","","","0.75","mGal","bouguer_anomaly"
"42622","-23.50537","-69.83837","-109.42","912.20","","","0.81","mGal","bouguer_anomaly"
"42625","-23.37940","-69.83268","-116.29","996.10","","","0.81","mGal","bouguer_anomaly"
"930172","-23.42968","-69.83131","-98.84","1089.00","","","0.19","mGal","bouguer_anomaly"
"22610","-24.14900","-69.82083","-112.82","1052.00","","","0.65","mGal","bouguer_anomaly"
"42621","-23.53348","-69.81749","-106.28","889.60","","","0.98","mGal","bouguer_anomaly"
"22611","-24.10750","-69.80483","-115.90","1028.00","","","0.66","mGal","bouguer_anomaly"
"22412","-23.82233","-69.80400","-111.31","749.00","","","0.82","mGal","bouguer_anomaly"
"22707","-24.05183","-69.80350","-119.40","957.00","","","0.81","mGal","bouguer_anomaly"
"44903","-24.22043","-69.79966","-122.68","1141.00","","","0.70","mGal","bouguer_anomaly"
"930173","-23.45071","-69.79242","-116.45","1192.00","","","0.28","mGal","bouguer_anomaly"
"42620","-23.56346","-69.78485","-123.09","863.00","","","1.29","mGal","bouguer_anomaly"
"22612","-24.07883","-69.78250","-127.47","1008.00","","","0.68","mGal","bouguer_anomaly"
"42618","-23.64840","-69.77604","-130.52","831.80","","","0.90","mGal","bouguer_anomaly"
"42619","-23.60597","-69.77285","-133.06","836.30","","","1.19","mGal","bouguer_anomaly"
"42617","-23.68952","-69.77138","-130.30","832.70","","","0.90","mGal","bouguer_anomaly"
"22419","-23.98217","-69.77033","-134.08","935.00","","","0.69","mGal","bouguer_anomaly"
"22420","-24.00833","-69.76983","-137.93","958.00","","","0.70","mGal","bouguer_anomaly"
"22418","-23.93733","-69.76883","-124.69","897.00","","","0.71","mGal","bouguer_anomaly"
"22708","-24.04283","-69.76717","-133.45","986.00","","","0.70","mGal","bouguer_anomaly"
"22413","-23.85067","-69.76600","-128.43","791.00","","","0.96","mGal","bouguer_anomaly"
"44904","-24.24365","-69.76237","-143.56","1137.00","","","0.80","mGal","bouguer_anomaly"
"42615","-23.77063","-69.75174","-132.61","834.70","","","1.08","mGal","bouguer_anomaly"
"42616","-23.72620","-69.75149","-131.35","833.70","","","1.04","mGal","bouguer_anomaly"
"930174","-23.46235","-69.74841","-133.91","1280.00","","","0.29","mGal","bouguer_anomaly"
"22417","-23.89833","-69.74533","-137.94","860.00","","","0.86","mGal","bouguer_anomaly"
"42614","-23.81162","-69.73676","-137.22","853.60","","","1.32","mGal","bouguer_anomaly"
"22414","-23.87883","-69.72867","-145.83","854.00","","","1.05","mGal","bouguer_anomaly"
"22613","-23.85583","-69.72850","-137.05","837.00","","","1.25","mGal","bouguer_anomaly"
"22709","-24.03233","-69.71800","-149.43","1039.00","","","0.78","mGal","bouguer_anomaly"
"44905","-24.26756","-69.71277","-163.34","1199.00","","","0.95","mGal","bouguer_anomaly"
"930175","-23.47229","-69.70940","-141.80","1375.00","","","0.39","mGal","bouguer_anomaly"
"22415","-23.90783","-69.69067","-160.71","919.62","","","1.20","mGal","bouguer_anomaly"
"21706","-23.35467","-69.68633","-135.44","1365.86","","","0.68","mGal","bouguer_anomaly"
"44906","-24.28470","-69.67641","-174.59","1265.00","","","1.14","mGal","bouguer_anomaly"
"930176","-23.48351","-69.66458","-149.41","1515.00","","","0.36","mGal","bouguer_anomaly"
"22710","-24.02883","-69.65850","-159.32","1118.00","","","0.94","mGal","bouguer_anomaly"
"22416","-23.94767","-69.64917","-166.73","994.00","","","1.19","mGal","bouguer_anomaly"
"21707","-23.36033","-69.64233","-147.88","1357.72","","","0.82","mGal","bouguer_anomaly"
"44907","-24.30791","-69.63475","-185.79","1400.00","","","1.21","mGal","bouguer_anomaly"
"930177","-23.49375","-69.62123","-164.63","1550.00","","","0.38","mGal","bouguer_anomaly"
"21708","-23.36150","-69.61233","-154.21","1386.99","","","1.05","mGal","bouguer_anomaly"
"44645","-23.91336","-69.60225","-181.02","1088.00","","","1.26","mGal","bouguer_anomaly"
"21709","-23.40500","-69.60217","-159.65","1630.00","","","0.95","mGal","bouguer_anomaly"
"44908","-24.34059","-69.59341","-194.51","1527.00","","","1.07","mGal","bouguer_anomaly"
"22711","-24.04233","-69.59100","-171.80","1197.00","","","1.33","mGal","bouguer_anomaly"
"44644","-23.88722","-69.58838","-190.45","1151.00","","","1.22","mGal","bouguer_anomaly"
"21712","-23.36600","-69.58383","-163.56","1414.90","","","1.16","mGal","bouguer_anomaly"
"930178","-23.50283","-69.57619","-188.53","1554.00","","","0.36","mGal","bouguer_anomaly"
"21710","-23.47200","-69.57583","-180.50","1784.00","","","1.27","mGal","bouguer_anomaly"
"22712","-24.05450","-69.56883","-187.50","1274.00","","","1.33","mGal","bouguer_anomaly"
"21713","-23.37883","-69.55600","-176.70","1440.99","","","1.25","mGal","bouguer_anomaly"
"44643","-23.86386","-69.55488","-202.10","1223.00","","","1.32","mGal","bouguer_anomaly"
"44909","-24.34980","-69.54712","-213.63","1640.00","","","1.12","mGal","bouguer_anomaly"
"930179","-23.52279","-69.54305","-200.05","1648.00","","","0.33","mGal","bouguer_anomaly"
"21711","-23.51283","-69.54250","-192.64","1678.00","","","0.90","mGal","bouguer_anomaly"
"21714","-23.38850","-69.53150","-185.82","1463.56","","","1.52","mGal","bouguer_anomaly"
"22713","-24.06283","-69.52017","-205.72","1364.00","","","1.32","mGal","bouguer_anomaly"
"44642","-23.84322","-69.51846","-212.16","1297.00","","","1.31","mGal","bouguer_anomaly"
"21716","-23.42383","-69.51383","-201.74","1634.06","","","0.97","mGal","bouguer_anomaly"
"21715","-23.40333","-69.50883","-198.75","1497.04","","","1.51","mGal","bouguer_anomaly"
"22714","-24.07550","-69.48383","-216.92","1442.00","","","1.50","mGal","bouguer_anomaly"
"21801","-23.48317","-69.48067","-212.26","1569.00","","","0.93","mGal","bouguer_anomaly"
"44641","-23.82438","-69.47912","-228.22","1388.00","","","1.36","mGal","bouguer_anomaly"
"21802","-23.45950","-69.44333","-217.87","1622.50","","","0.83","mGal","bouguer_anomaly"
"44640","-23.80733","-69.44077","-237.29","1484.00","","","1.52","mGal","bouguer_anomaly"
"22715","-24.10733","-69.43483","-233.01","1602.00","","","1.47","mGal","bouguer_anomaly"
"22716","-24.10733","-69.41033","-240.09","1677.00","","","1.56","mGal","bouguer_anomaly"
"21803","-23.51400","-69.40967","-228.81","1660.50","","","0.90","mGal","bouguer_anomaly"
"44639","-23.79662","-69.39460","-242.94","1581.00","","","1.51","mGal","bouguer_anomaly"
"21804","-23.55650","-69.38400","-237.50","1698.50","","","0.91","mGal","bouguer_anomaly"
"22717","-24.10817","-69.36133","-246.45","1817.00","","","2.26","mGal","bouguer_anomaly"
"44629","-23.77595","-69.34841","-261.85","1729.00","","","1.38","mGal","bouguer_anomaly"
"44616","-23.77235","-69.34448","-273.98","2311.00","","","3.90","mGal","bouguer_anomaly"
"21805","-23.57500","-69.33117","-255.60","1772.50","","","0.94","mGal","bouguer_anomaly"
"44630","-23.73808","-69.31790","-267.95","1816.00","","","1.32","mGal","bouguer_anomaly"
"22718","-24.12550","-69.31767","-254.41","1936.00","","","1.83","mGal","bouguer_anomaly"
"44628","-23.80764","-69.31414","-271.95","1831.00","","","1.94","mGal","bouguer_anomaly"
"44631","-23.70290","-69.29427","-270.56","1880.00","","","1.14","mGal","bouguer_anomaly"
"44627","-23.84924","-69.28674","-273.51","2064.00","","","2.17","mGal","bouguer_anomaly"
"22719","-24.13633","-69.28250","-271.06","2071.00","","","2.09","mGal","bouguer_anomaly"
"21806","-23.57833","-69.28233","-270.62","1836.00","","","0.97","mGal","bouguer_anomaly"
"44632","-23.66501","-69.26967","-272.68","1910.00","","","1.04","mGal","bouguer_anomaly"
"44626","-23.87368","-69.25831","-267.20","2333.00","","","3.03","mGal","bouguer_anomaly"
"22720","-24.13383","-69.25383","-273.73","2156.00","","","2.14","mGal","bouguer_anomaly"
"44633","-23.62982","-69.24705","-278.29","1906.00","","","1.09","mGal","bouguer_anomaly"
"21807","-23.57650","-69.22933","-288.83","1917.00","","","1.02","mGal","bouguer_anomaly"
"44625","-23.90154","-69.22841","-272.40","2678.00","","","3.55","mGal","bouguer_anomaly"
"44623","-23.99387","-69.21726","-269.09","2183.00","","","1.48","mGal","bouguer_anomaly"
"44624","-23.94962","-69.21178","-274.99","2361.00","","","1.44","mGal","bouguer_anomaly"
"22721","-24.12400","-69.20983","-279.92","2295.00","","","2.03","mGal","bouguer_anomaly"
"44634","-23.65246","-69.20591","-287.65","2054.00","","","1.30","mGal","bouguer_anomaly"
"44521","-23.55808","-69.19773","-269.77","2082.00","","","0.88","mGal","bouguer_anomaly"
"44622","-23.97043","-69.18675","-278.40","2263.00","","","1.37","mGal","bouguer_anomaly"
"44635","-23.68231","-69.17653","-281.89","2326.00","","","1.51","mGal","bouguer_anomaly"
"22722","-24.12750","-69.17433","-287.36","2429.00","","","2.00","mGal","bouguer_anomaly"
"44520","-23.50610","-69.16415","-288.71","2113.00","","","0.97","mGal","bouguer_anomaly"
"22723","-24.15283","-69.15400","-294.07","2562.84","","","2.21","mGal","bouguer_anomaly"
"21808","-23.54683","-69.15383","-291.77","2030.00","","","1.14","mGal","bouguer_anomaly"
"44636","-23.69996","-69.13948","-281.33","2580.00","","","1.97","mGal","bouguer_anomaly"
"44519","-23.47008","-69.13708","-283.78","2262.00","","","1.08","mGal","bouguer_anomaly"
"22724","-24.18800","-69.12683","-290.67","2840.00","","","2.29","mGal","bouguer_anomaly"
"44621","-23.95423","-69.12383","-282.60","2395.00","","","1.18","mGal","bouguer_anomaly"
"44518","-23.43035","-69.11942","-276.16","2327.00","","","1.34","mGal","bouguer_anomaly"
"21809","-23.55517","-69.10950","-284.41","2069.00","","","1.65","mGal","bouguer_anomaly"
"22725","-24.20383","-69.10283","-295.46","3007.00","","","2.36","mGal","bouguer_anomaly"
"44517","-23.39017","-69.10079","-270.27","2452.00","","","1.35","mGal","bouguer_anomaly"
"44637","-23.72212","-69.09909","-283.01","2389.00","","","1.10","mGal","bouguer_anomaly"
"44620","-23.92535","-69.09826","-285.08","2531.00","","","1.12","mGal","bouguer_anomaly"
"44619","-23.88922","-69.08841","-277.10","2624.00","","","1.26","mGal","bouguer_anomaly"
"44618","-23.84406","-69.08641","-287.43","2417.00","","","1.35","mGal","bouguer_anomaly"
"44638","-23.75103","-69.08046","-283.25","2293.00","","","1.18","mGal","bouguer_anomaly"
"22726","-24.22617","-69.07483","-316.90","3092.00","","","1.99","mGal","bouguer_anomaly"
"44617","-23.80343","-69.06577","-282.51","2297.00","","","1.58","mGal","bouguer_anomaly"
"44937","-24.27265","-69.05320","-305.49","3017.00","","","1.75","mGal","bouguer_anomaly"
"21810","-23.53500","-69.03900","-276.95","2374.00","","","0.95","mGal","bouguer_anomaly"
"22727","-24.22450","-69.02767","-300.97","3115.00","","","1.78","mGal","bouguer_anomaly"
"44936","-24.30246","-69.02217","-299.56","3146.00","","","2.09","mGal","bouguer_anomaly"
"44615","-23.76641","-69.00196","-270.86","2265.00","","","1.27","mGal","bouguer_anomaly"
"21811","-23.53917","-68.98933","-271.95","2418.00","","","0.76","mGal","bouguer_anomaly"
"44935","-24.33118","-68.98650","-296.64","3349.00","","","1.94","mGal","bouguer_anomaly"
"22728","-24.22333","-68.97983","-288.52","3164.00","","","1.77","mGal","bouguer_anomaly"
"44407","-23.53427","-68.97541","-268.72","2405.00","","","0.79","mGal","bouguer_anomaly"
"44614","-23.78357","-68.95976","-269.29","2243.00","","","1.75","mGal","bouguer_anomaly"
"44613","-23.82872","-68.93569","-274.13","2323.00","","","1.86","mGal","bouguer_anomaly"
"22729","-24.21950","-68.93300","-296.89","3220.00","","","1.82","mGal","bouguer_anomaly"
"44612","-23.86828","-68.92850","-266.24","2439.00","","","1.49","mGal","bouguer_anomaly"
"44408","-23.49632","-68.92312","-264.39","2394.00","","","0.81","mGal","bouguer_anomaly"
"44406","-23.53787","-68.92241","-263.20","2413.00","","","0.62","mGal","bouguer_anomaly"
"44611","-23.89826","-68.91159","-278.35","2404.00","","","1.99","mGal","bouguer_anomaly"
"21812","-23.53283","-68.89800","-268.20","2383.00","","","0.72","mGal","bouguer_anomaly"
"44610","-23.94340","-68.89190","-290.37","2497.00","","","1.80","mGal","bouguer_anomaly"
"44409","-23.46540","-68.88701","-264.53","2436.00","","","0.82","mGal","bouguer_anomaly"
"22730","-24.22650","-68.88450","-295.60","3270.00","","","1.82","mGal","bouguer_anomaly"
"42728","-24.22609","-68.86606","-303.81","3185.00","","","1.62","mGal","bouguer_anomaly"
"44410","-23.43006","-68.85699","-263.40","2540.00","","","0.86","mGal","bouguer_anomaly"
"44405","-23.53746","-68.85658","-262.97","2444.00","","","0.69","mGal","bouguer_anomaly"
"44609","-23.94924","-68.84669","-294.64","2662.00","","","1.63","mGal","bouguer_anomaly"
"22731","-24.23483","-68.84500","-294.56","3187.00","","","1.56","mGal","bouguer_anomaly"
"45767","-24.24079","-68.84319","-304.47","3120.30","","","1.61","mGal","bouguer_anomaly"
"45765","-24.30554","-68.84232","-312.80","3079.33","","","1.47","mGal","bouguer_anomaly"
"45766","-24.27121","-68.83350","-312.63","3051.06","","","1.62","mGal","bouguer_anomaly"
"44411","-23.39427","-68.83246","-257.44","2640.00","","","0.85","mGal","bouguer_anomaly"
"45764","-24.34166","-68.83144","-316.68","3057.04","","","1.34","mGal","bouguer_anomaly"
"44404","-23.56263","-68.82539","-265.66","2458.00","","","0.85","mGal","bouguer_anomaly"
"22732","-24.22900","-68.82300","-308.39","3071.73","","","1.40","mGal","bouguer_anomaly"
"44412","-23.36092","-68.81480","-255.32","2732.00","","","0.89","mGal","bouguer_anomaly"
"22733","-24.23733","-68.80833","-303.49","3122.00","","","1.32","mGal","bouguer_anomaly"
"44608","-23.95371","-68.80620","-294.38","2828.00","","","1.29","mGal","bouguer_anomaly"
"44403","-23.60144","-68.80250","-269.42","2519.00","","","0.85","mGal","bouguer_anomaly"
"21813","-23.52633","-68.78483","-263.74","2452.00","","","1.19","mGal","bouguer_anomaly"
"22734","-24.20033","-68.78450","-304.62","3023.00","","","1.38","mGal","bouguer_anomaly"
"44402","-23.63619","-68.78186","-268.80","2545.00","","","1.17","mGal","bouguer_anomaly"
"930685","-24.28818","-68.78185","-317.73","3097.00","","","0.51","mGal","bouguer_anomaly"
"44601","-24.17314","-68.77377","-305.09","2978.00","","","1.42","mGal","bouguer_anomaly"
"930679","-24.33300","-68.75782","-316.56","3228.00","","","0.58","mGal","bouguer_anomaly"
"44607","-23.96402","-68.75428","-292.44","3051.00","","","1.13","mGal","bouguer_anomaly"
"22735","-24.19350","-68.74250","-317.98","2989.28","","","1.47","mGal","bouguer_anomaly"
"44604","-24.05468","-68.74034","-302.45","2975.00","","","1.16","mGal","bouguer_anomaly"
"44606","-23.99560","-68.73653","-301.24","2991.00","","","1.13","mGal","bouguer_anomaly"
"44605","-24.03082","-68.73449","-300.89","2995.00","","","1.17","mGal","bouguer_anomaly"
"44602","-24.12383","-68.72052","-312.84","2983.00","","","1.17","mGal","bouguer_anomaly"
"22736","-24.20583","-68.71967","-313.78","3068.46","","","1.46","mGal","bouguer_anomaly"
"44603","-24.08950","-68.71765","-310.46","3001.00","","","1.03","mGal","bouguer_anomaly"
"22737","-24.16217","-68.71100","-311.69","3050.00","","","1.28","mGal","bouguer_anomaly"
"44401","-23.66937","-68.69335","-282.15","2733.00","","","1.11","mGal","bouguer_anomaly"
"22738","-24.12067","-68.69017","-317.01","3057.00","","","1.18","mGal","bouguer_anomaly"
"21814","-23.53383","-68.67900","-267.18","2695.00","","","0.90","mGal","bouguer_anomaly"
"22739","-24.21817","-68.67650","-310.52","3252.51","","","1.84","mGal","bouguer_anomaly"
"21815","-23.66100","-68.64967","-289.04","2830.00","","","2.41","mGal","bouguer_anomaly"
"22740","-24.11583","-68.64500","-311.70","3078.00","","","1.31","mGal","bouguer_anomaly"
"22741","-24.21233","-68.63850","-320.78","3381.80","","","2.28","mGal","bouguer_anomaly"
"22742","-24.18817","-68.61983","-321.08","3293.39","","","2.21","mGal","bouguer_anomaly"
"22743","-24.14717","-68.61333","-309.81","3124.00","","","1.87","mGal","bouguer_anomaly"
"21816","-23.65500","-68.60800","-295.04","2500.00","","","1.02","mGal","bouguer_anomaly"
"21924","-23.91050","-68.60600","-293.93","2508.00","","","2.08","mGal","bouguer_anomaly"
"21926","-23.99167","-68.60350","-305.98","2722.00","","","1.85","mGal","bouguer_anomaly"
"21923","-23.84417","-68.60333","-290.06","2430.00","","","2.86","mGal","bouguer_anomaly"
"21915","-23.45583","-68.60267","-302.24","2382.00","","","1.04","mGal","bouguer_anomaly"
"21914","-23.41167","-68.60267","-296.50","2387.00","","","1.10","mGal","bouguer_anomaly"
"21913","-23.37050","-68.60150","-289.90","2417.00","","","1.18","mGal","bouguer_anomaly"
"21925","-23.93867","-68.60100","-294.65","2559.00","","","2.24","mGal","bouguer_anomaly"
"21927","-24.04800","-68.59950","-312.92","2769.00","","","2.02","mGal","bouguer_anomaly"
"21928","-24.09533","-68.59517","-318.42","2848.00","","","2.17","mGal","bouguer_anomaly"
"21916","-23.49583","-68.59183","-301.29","2342.00","","","0.94","mGal","bouguer_anomaly"
"21917","-23.53533","-68.58267","-300.16","2347.00","","","0.80","mGal","bouguer_anomaly"
"22744","-24.13700","-68.58200","-319.07","2974.18","","","2.78","mGal","bouguer_anomaly"
"21918","-23.57900","-68.57883","-300.79","2342.00","","","0.87","mGal","bouguer_anomaly"
"21922","-23.79233","-68.57867","-293.53","2492.00","","","1.31","mGal","bouguer_anomaly"
"21919","-23.62400","-68.57783","-299.16","2346.00","","","1.00","mGal","bouguer_anomaly"
"22021","-23.66200","-68.57733","-295.02","2343.00","","","1.24","mGal","bouguer_anomaly"
"21921","-23.75067","-68.57617","-293.25","2436.00","","","1.34","mGal","bouguer_anomaly"
"21920","-23.70683","-68.56867","-292.48","2408.00","","","1.11","mGal","bouguer_anomaly"
"22745","-24.14383","-68.55717","-321.81","3064.80","","","2.83","mGal","bouguer_anomaly"
"22020","-23.65733","-68.54250","-290.85","2335.00","","","0.78","mGal","bouguer_anomaly"
"22746","-24.17217","-68.52683","-318.97","3311.00","","","2.23","mGal","bouguer_anomaly"
"22747","-24.17867","-68.52333","-322.56","3363.84","","","2.25","mGal","bouguer_anomaly"
"22019","-23.65317","-68.52267","-287.02","2300.00","","","0.76","mGal","bouguer_anomaly"
"22748","-24.20867","-68.51350","-326.13","3612.85","","","2.43","mGal","bouguer_anomaly"
"22749","-24.24600","-68.50017","-305.52","3907.01","","","3.11","mGal","bouguer_anomaly"
"930655","-24.27674","-68.49855","-325.55","3794.00","","","0.83","mGal","bouguer_anomaly"
"22018","-23.64950","-68.49850","-279.71","2300.00","","","0.71","mGal","bouguer_anomaly"
"22017","-23.64567","-68.47433","-272.05","2300.00","","","0.70","mGal","bouguer_anomaly"
"44702","-24.13329","-68.47152","-313.05","3548.92","","","1.94","mGal","bouguer_anomaly"
"44701","-24.16245","-68.46834","-321.06","3465.99","","","1.61","mGal","bouguer_anomaly"
"22750","-24.30000","-68.46333","-313.55","3477.00","","","3.07","mGal","bouguer_anomaly"
"22016","-23.64183","-68.45017","-267.16","2300.00","","","0.74","mGal","bouguer_anomaly"
"44703","-24.12144","-68.44303","-305.11","3432.75","","","1.50","mGal","bouguer_anomaly"
"22751","-24.34167","-68.43833","-328.87","3471.00","","","3.80","mGal","bouguer_anomaly"
"22015","-23.63800","-68.42600","-263.08","2300.00","","","0.81","mGal","bouguer_anomaly"
"44704","-24.09697","-68.42070","-298.48","3337.23","","","1.35","mGal","bouguer_anomaly"
"44705","-24.06421","-68.40295","-297.26","3343.51","","","1.35","mGal","bouguer_anomaly"
"22014","-23.63383","-68.40150","-261.44","2300.00","","","0.86","mGal","bouguer_anomaly"
"22013","-23.63267","-68.37700","-261.98","2300.00","","","0.99","mGal","bouguer_anomaly"
"44706","-24.04691","-68.36861","-294.78","3296.93","","","1.33","mGal","bouguer_anomaly"
"22012","-23.62483","-68.35550","-268.71","2300.00","","","0.92","mGal","bouguer_anomaly"
"22024","-23.65533","-68.33783","-278.06","2302.00","","","1.36","mGal","bouguer_anomaly"
"22011","-23.63550","-68.33367","-284.46","2300.00","","","1.03","mGal","bouguer_anomaly"
"44707","-24.03547","-68.33169","-294.60","3277.66","","","1.43","mGal","bouguer_anomaly"
"22023","-23.67317","-68.32783","-281.74","2300.00","","","1.80","mGal","bouguer_anomaly"
"22119","-23.35283","-68.31750","-315.03","2300.20","","","0.56","mGal","bouguer_anomaly"
"22010","-23.65250","-68.31167","-296.88","2300.00","","","1.19","mGal","bouguer_anomaly"
"22022","-23.68817","-68.31150","-292.08","2300.00","","","1.75","mGal","bouguer_anomaly"
"22009","-23.67383","-68.30133","-300.08","2300.00","","","1.32","mGal","bouguer_anomaly"
"22006","-23.71667","-68.29817","-293.07","2304.00","","","1.80","mGal","bouguer_anomaly"
"22008","-23.69167","-68.29567","-300.80","2300.00","","","1.49","mGal","bouguer_anomaly"
"22025","-23.73283","-68.29433","-289.54","2305.00","","","2.08","mGal","bouguer_anomaly"
"22118","-23.35417","-68.29283","-316.53","2299.60","","","0.63","mGal","bouguer_anomaly"
"44708","-24.03448","-68.29275","-299.78","3215.70","","","1.86","mGal","bouguer_anomaly"
"22101","-23.65450","-68.28850","-306.78","2300.00","","","1.09","mGal","bouguer_anomaly"
"22007","-23.71317","-68.28850","-300.30","2300.00","","","1.67","mGal","bouguer_anomaly"
"22026","-23.74717","-68.28433","-290.67","2304.00","","","2.19","mGal","bouguer_anomaly"
"22102","-23.63517","-68.27517","-310.19","2300.00","","","1.01","mGal","bouguer_anomaly"
"22117","-23.35550","-68.26833","-318.16","2298.70","","","0.71","mGal","bouguer_anomaly"
"22103","-23.61650","-68.26233","-313.95","2300.00","","","0.97","mGal","bouguer_anomaly"
"44709","-24.03342","-68.25982","-313.73","3228.21","","","1.85","mGal","bouguer_anomaly"
"22005","-23.76817","-68.25117","-300.74","2319.00","","","2.11","mGal","bouguer_anomaly"
"22104","-23.59733","-68.24883","-317.09","2300.00","","","0.97","mGal","bouguer_anomaly"
"22116","-23.35900","-68.24300","-319.02","2300.50","","","0.81","mGal","bouguer_anomaly"
"22115","-23.38267","-68.23767","-320.67","2300.50","","","0.83","mGal","bouguer_anomaly"
"22105","-23.57883","-68.23517","-318.78","2300.00","","","1.00","mGal","bouguer_anomaly"
"22004","-23.79967","-68.23333","-307.71","2317.00","","","2.77","mGal","bouguer_anomaly"
"22114","-23.40400","-68.23283","-322.09","2300.00","","","0.85","mGal","bouguer_anomaly"
"22113","-23.42650","-68.22767","-322.82","2300.70","","","0.88","mGal","bouguer_anomaly"
"44710","-24.03442","-68.22441","-327.76","2861.30","","","4.45","mGal","bouguer_anomaly"
"22112","-23.44817","-68.22283","-322.99","2301.00","","","0.90","mGal","bouguer_anomaly"
"22106","-23.55983","-68.22217","-319.20","2300.00","","","1.03","mGal","bouguer_anomaly"
"22111","-23.46983","-68.21817","-322.60","2301.40","","","0.94","mGal","bouguer_anomaly"
"22110","-23.49067","-68.21317","-321.75","2302.10","","","0.99","mGal","bouguer_anomaly"
"22107","-23.54050","-68.20950","-319.53","2300.00","","","1.08","mGal","bouguer_anomaly"
"22109","-23.51233","-68.20833","-320.77","2302.00","","","1.03","mGal","bouguer_anomaly"
"44711","-23.99505","-68.20803","-328.32","2810.07","","","4.09","mGal","bouguer_anomaly"
"22003","-23.79600","-68.20500","-314.23","2346.00","","","2.42","mGal","bouguer_anomaly"
"22108","-23.53333","-68.20333","-319.63","2300.36","","","1.10","mGal","bouguer_anomaly"
"44712","-23.95872","-68.18673","-327.94","2745.33","","","4.41","mGal","bouguer_anomaly"
"22124","-23.54567","-68.18217","-318.04","2300.00","","","1.27","mGal","bouguer_anomaly"
"44713","-23.91926","-68.17097","-328.90","2715.78","","","3.12","mGal","bouguer_anomaly"
"22002","-23.79400","-68.16567","-317.99","2428.00","","","2.44","mGal","bouguer_anomaly"
"44714","-23.90522","-68.16447","-328.15","2703.22","","","2.94","mGal","bouguer_anomaly"
"22125","-23.55783","-68.16133","-317.87","2300.00","","","1.48","mGal","bouguer_anomaly"
"44716","-23.85490","-68.14418","-324.76","2453.22","","","3.49","mGal","bouguer_anomaly"
"44715","-23.88641","-68.14318","-328.24","2648.93","","","3.13","mGal","bouguer_anomaly"
"22126","-23.56967","-68.14050","-316.91","2300.00","","","1.72","mGal","bouguer_anomaly"
"44717","-23.82317","-68.13997","-319.37","2394.30","","","3.36","mGal","bouguer_anomaly"
"22001","-23.76767","-68.13633","-304.09","2380.00","","","2.68","mGal","bouguer_anomaly"
"44718","-23.79736","-68.12689","-315.50","2371.23","","","3.37","mGal","bouguer_anomaly"
"22127","-23.58167","-68.11983","-313.70","2300.00","","","2.03","mGal","bouguer_anomaly"
"44719","-23.78969","-68.11251","-310.88","2359.78","","","3.83","mGal","bouguer_anomaly"
"22218","-23.76167","-68.10633","-307.88","2345.45","","","3.76","mGal","bouguer_anomaly"
"22215","-23.74617","-68.10267","-304.88","2325.00","","","3.88","mGal","bouguer_anomaly"
"22217","-23.72850","-68.09933","-303.69","2318.23","","","3.82","mGal","bouguer_anomaly"
"22128","-23.59400","-68.09917","-307.63","2300.00","","","2.44","mGal","bouguer_anomaly"
"22216","-23.70133","-68.09283","-301.41","2313.76","","","3.65","mGal","bouguer_anomaly"
"22214","-23.70050","-68.09217","-301.35","2315.00","","","3.41","mGal","bouguer_anomaly"
"22129","-23.60700","-68.07567","-302.37","2300.00","","","3.18","mGal","bouguer_anomaly"
"22210","-23.53817","-68.07467","-308.87","2315.00","","","2.69","mGal","bouguer_anomaly"
"22206","-23.38133","-68.07467","-313.72","2319.00","","","2.45","mGal","bouguer_anomaly"
"22213","-23.67617","-68.07217","-296.83","2347.70","","","3.98","mGal","bouguer_anomaly"
"22207","-23.42383","-68.07150","-314.00","2307.00","","","2.58","mGal","bouguer_anomaly"
"22212","-23.63150","-68.06433","-298.85","2332.70","","","3.78","mGal","bouguer_anomaly"
"22130","-23.61517","-68.06183","-302.25","2301.38","","","3.60","mGal","bouguer_anomaly"
"22208","-23.47117","-68.05833","-307.47","2314.60","","","2.90","mGal","bouguer_anomaly"
"42212","-23.68099","-68.05803","-295.46","2447.80","","","3.70","mGal","bouguer_anomaly"
"22211","-23.58683","-68.05767","-302.10","2314.40","","","3.48","mGal","bouguer_anomaly"
"22209","-23.47467","-68.02500","-308.27","2394.00","","","3.65","mGal","bouguer_anomaly"
"930247","-23.45520","-67.99142","-311.07","2512.00","","","1.74","mGal","bouguer_anomaly"
"930248","-23.49908","-67.97806","-312.60","2630.00","","","1.76","mGal","bouguer_anomaly"
"930283","-23.39394","-67.96339","-321.95","2695.00","","","1.74","mGal","bouguer_anomaly"
"930249","-23.54113","-67.94719","-324.02","2861.00","","","1.88","mGal","bouguer_anomaly"
"21506","-23.37350","-67.81850","-363.59","3781.50","","","6.70","mGal","bouguer_anomaly"
"21507","-23.41567","-67.78050","-376.37","4124.10","","","7.25","mGal","bouguer_anomaly"
"21508","-23.45083","-67.76500","-387.31","4342.00","","","4.85","mGal","bouguer_anomaly"
"21509","-23.47333","-67.74000","-383.59","4308.79","","","3.88","mGal","bouguer_anomaly"
"21510","-23.50417","-67.67000","-395.82","4411.00","","","2.85","mGal","bouguer_anomaly"
"21511","-23.52600","-67.62600","-398.64","4334.71","","","2.46","mGal","bouguer_anomaly"
"21512","-23.54967","-67.59033","-403.00","4243.82","","","2.35","mGal","bouguer_anomaly"
"21513","-23.59117","-67.55750","-402.40","4315.61","","","2.36","mGal","bouguer_anomaly"
"53120","-24.17533","-67.54033","-375.73","3491.00","","","2.92","mGal","bouguer_anomaly"
"53118","-24.24900","-67.53733","-368.16","3500.00","","","2.45","mGal","bouguer_anomaly"
"21514","-23.62683","-67.53367","-404.76","4405.93","","","2.04","mGal","bouguer_anomaly"
"53119","-24.21083","-67.52467","-369.94","3495.00","","","3.14","mGal","bouguer_anomaly"
"53117","-24.28850","-67.51700","-361.77","3666.00","","","3.43","mGal","bouguer_anomaly"
"53116","-24.33450","-67.50700","-354.83","3600.00","","","3.40","mGal","bouguer_anomaly"
"21515","-23.64183","-67.49350","-408.76","4424.31","","","1.78","mGal","bouguer_anomaly"
"53115","-24.35117","-67.46267","-353.69","3523.00","","","3.31","mGal","bouguer_anomaly"
"21516","-23.65633","-67.45650","-411.36","4408.90","","","1.40","mGal","bouguer_anomaly"
"21517","-23.66900","-67.43000","-413.89","4418.38","","","1.20","mGal","bouguer_anomaly"
"930656","-24.34843","-68.40027","-344.76","3411.00","","","2.01","mGal","bouguer_anomaly"
"930665","-24.09668","-68.36265","-291.69","3249.00","","","0.56","mGal","bouguer_anomaly"
"930659","-24.32280","-68.34528","-348.89","3393.00","","","1.90","mGal","bouguer_anomaly"
"930663","-24.14573","-68.31728","-320.21","3154.00","","","0.90","mGal","bouguer_anomaly"
"930661","-24.24599","-68.31211","-331.04","3193.00","","","1.87","mGal","bouguer_anomaly"
"930662","-24.18583","-68.31023","-327.32","3134.00","","","1.23","mGal","bouguer_anomaly"
"930660","-24.29170","-68.30967","-344.83","3273.00","","","2.52","mGal","bouguer_anomaly"
"930664","-24.11323","-68.30390","-311.26","3105.00","","","0.96","mGal","bouguer_anomaly"
"930250","-23.56676","-67.91519","-342.18","3066.00","","","1.98","mGal","bouguer_anomaly"
"930251","-23.59571","-67.88488","-357.83","3300.00","","","1.98","mGal","bouguer_anomaly"
"930258","-23.82375","-67.86614","-367.59","3819.00","","","1.26","mGal","bouguer_anomaly"
"930252","-23.60987","-67.86065","-361.14","3535.00","","","2.07","mGal","bouguer_anomaly"
"930257","-23.78637","-67.85336","-367.65","3803.00","","","1.33","mGal","bouguer_anomaly"
"930256","-23.74450","-67.83966","-368.88","3870.00","","","1.37","mGal","bouguer_anomaly"
"930259","-23.85187","-67.83727","-374.78","3982.00","","","1.24","mGal","bouguer_anomaly"
"930253","-23.62357","-67.83242","-365.49","3721.00","","","2.06","mGal","bouguer_anomaly"
"930255","-23.69917","-67.82651","-368.26","3864.00","","","1.46","mGal","bouguer_anomaly"
"930260","-23.88558","-67.81818","-374.04","4045.00","","","0.99","mGal","bouguer_anomaly"
"930254","-23.65957","-67.81613","-367.90","3871.00","","","1.86","mGal","bouguer_anomaly"
"930281","-23.71622","-67.80725","-373.44","3960.00","","","1.38","mGal","bouguer_anomaly"
"930282","-23.74286","-67.78698","-379.03","4134.00","","","1.50","mGal","bouguer_anomaly"
"930261","-23.87914","-67.77747","-373.41","4098.00","","","1.07","mGal","bouguer_anomaly"
"930262","-23.87917","-67.73092","-377.43","4128.00","","","1.08","mGal","bouguer_anomaly"
"930263","-23.90976","-67.70475","-377.44","3966.00","","","0.98","mGal","bouguer_anomaly"
"930264","-23.91587","-67.66065","-380.63","3966.00","","","1.12","mGal","bouguer_anomaly"
"930265","-23.94011","-67.61858","-387.74","4059.00","","","0.94","mGal","bouguer_anomaly"
"930276","-23.98205","-67.59505","-382.69","4091.00","","","0.71","mGal","bouguer_anomaly"
"930277","-24.01717","-67.59257","-387.65","4092.00","","","0.78","mGal","bouguer_anomaly"
"930266","-23.95473","-67.58762","-389.04","4045.00","","","0.83","mGal","bouguer_anomaly"
"930278","-24.04996","-67.57806","-387.94","3938.00","","","1.13","mGal","bouguer_anomaly"
"930279","-24.07211","-67.57777","-381.38","3677.00","","","1.74","mGal","bouguer_anomaly"
"930280","-24.08972","-67.56935","-380.46","3600.00","","","1.72","mGal","bouguer_anomaly"
"930267","-23.92608","-67.55845","-396.59","4093.00","","","0.97","mGal","bouguer_anomaly"
"930268","-23.88748","-67.53902","-399.59","4214.00","","","0.90","mGal","bouguer_anomaly"
"930269","-23.86789","-67.51669","-402.86","4384.00","","","0.71","mGal","bouguer_anomaly"
"930270","-23.85320","-67.48598","-407.09","4438.00","","","0.54","mGal","bouguer_anomaly"
"930273","-23.73998","-67.47013","-422.46","4735.00","","","0.79","mGal","bouguer_anomaly"
"65705","-23.83717","-67.46700","-409.55","4577.00","","","1.64","mGal","bouguer_anomaly"
"930274","-23.71268","-67.45788","-418.45","4585.00","","","0.62","mGal","bouguer_anomaly"
"930346","-23.46073","-67.44985","-416.26","4318.00","","","0.38","mGal","bouguer_anomaly"
"930275","-23.68915","-67.44780","-415.22","4359.00","","","0.63","mGal","bouguer_anomaly"
"930272","-23.76726","-67.44687","-420.04","4512.00","","","0.61","mGal","bouguer_anomaly"
"65706","-23.77883","-67.43933","-413.88","4431.00","","","1.92","mGal","bouguer_anomaly"
"65704","-23.81700","-67.43867","-411.03","4329.00","","","2.03","mGal","bouguer_anomaly"
"930271","-23.80149","-67.43172","-417.91","4307.00","","","0.75","mGal","bouguer_anomaly"
"930345","-23.42371","-67.43163","-419.36","4292.00","","","0.54","mGal","bouguer_anomaly"
"65703","-23.80817","-67.40633","-413.63","4263.00","","","1.79","mGal","bouguer_anomaly"
"21518","-23.66633","-67.40217","-420.40","4614.72","","","1.08","mGal","bouguer_anomaly"
"930344","-23.39832","-67.39592","-418.44","4264.00","","","0.47","mGal","bouguer_anomaly"
"930347","-23.35548","-67.38955","-413.42","4262.00","","","0.54","mGal","bouguer_anomaly"
"21519","-23.69400","-67.37100","-425.52","4524.00","","","0.96","mGal","bouguer_anomaly"
"53111","-24.09883","-67.36517","-378.68","4345.00","","","1.41","mGal","bouguer_anomaly"
"53112","-24.06033","-67.36517","-380.19","4272.00","","","1.87","mGal","bouguer_anomaly"
"65702","-23.80350","-67.35417","-413.98","4463.00","","","1.15","mGal","bouguer_anomaly"
"930343","-23.38162","-67.35395","-405.28","4267.00","","","0.40","mGal","bouguer_anomaly"
"53110","-24.14833","-67.34800","-370.25","4374.00","","","2.28","mGal","bouguer_anomaly"
"21520","-23.69683","-67.34550","-422.37","4394.09","","","0.89","mGal","bouguer_anomaly"
"53109","-24.19517","-67.32417","-369.15","4107.00","","","4.13","mGal","bouguer_anomaly"
"53106","-24.31733","-67.32383","-357.01","3534.00","","","3.58","mGal","bouguer_anomaly"
"53108","-24.23467","-67.31700","-366.09","3869.00","","","3.42","mGal","bouguer_anomaly"
"53107","-24.26700","-67.31100","-359.41","3691.00","","","3.47","mGal","bouguer_anomaly"
"65701","-23.82467","-67.30767","-409.27","4199.00","","","0.76","mGal","bouguer_anomaly"
"21521","-23.71200","-67.30450","-411.49","4322.17","","","1.10","mGal","bouguer_anomaly"
"21522","-23.72617","-67.26617","-409.17","4288.35","","","0.67","mGal","bouguer_anomaly"
"52719","-23.84150","-67.26267","-412.26","4140.00","","","0.63","mGal","bouguer_anomaly"
"21523","-23.72850","-67.22333","-407.77","4270.00","","","0.39","mGal","bouguer_anomaly"
"52718","-23.85767","-67.21867","-404.65","4049.00","","","0.70","mGal","bouguer_anomaly"
"52713","-23.76850","-67.19017","-401.21","4177.00","","","1.32","mGal","bouguer_anomaly"
"52717","-23.87200","-67.18033","-389.14","3916.00","","","1.07","mGal","bouguer_anomaly"
"52712","-23.80367","-67.16867","-385.91","4189.00","","","0.31","mGal","bouguer_anomaly"
"53206","-24.15283","-67.16767","-378.46","3734.00","","","4.44","mGal","bouguer_anomaly"
"53205","-24.21333","-67.16767","-380.13","4003.00","","","3.15","mGal","bouguer_anomaly"
"53204","-24.24367","-67.14800","-376.77","3786.00","","","4.70","mGal","bouguer_anomaly"
"52716","-23.87750","-67.13633","-373.57","3820.00","","","1.49","mGal","bouguer_anomaly"
"52711","-23.82067","-67.12750","-379.83","4012.00","","","0.60","mGal","bouguer_anomaly"
"53203","-24.25633","-67.11633","-371.73","3671.00","","","6.41","mGal","bouguer_anomaly"
"53207","-24.29400","-67.10850","-378.73","3674.00","","","3.81","mGal","bouguer_anomaly"
"52210","-23.36450","-67.10183","-385.22","4104.00","","","0.48","mGal","bouguer_anomaly"
"53208","-24.34350","-67.09567","-379.08","3685.00","","","2.54","mGal","bouguer_anomaly"
"52715","-23.88017","-67.09017","-380.48","3875.00","","","1.10","mGal","bouguer_anomaly"
"52710","-23.82967","-67.07783","-378.13","4016.00","","","0.60","mGal","bouguer_anomaly"
"52209","-23.36667","-67.07333","-381.13","4092.00","","","0.35","mGal","bouguer_anomaly"
"53202","-24.28333","-67.05517","-375.62","3665.00","","","3.41","mGal","bouguer_anomaly"
"52714","-23.88383","-67.04017","-384.21","3941.00","","","0.91","mGal","bouguer_anomaly"
"52709","-23.84867","-67.03333","-385.63","3981.00","","","0.79","mGal","bouguer_anomaly"
"52208","-23.38617","-67.02600","-395.43","4086.00","","","0.29","mGal","bouguer_anomaly"
"53201","-24.33417","-67.00000","-382.42","3706.00","","","2.41","mGal","bouguer_anomaly"
"52708","-23.87117","-66.99500","-377.66","4009.00","","","0.96","mGal","bouguer_anomaly"
"52207","-23.40550","-66.98250","-389.80","4100.00","","","0.28","mGal","bouguer_anomaly"
"52707","-23.91350","-66.96900","-369.23","4033.00","","","1.36","mGal","bouguer_anomaly"
"52211","-23.37283","-66.96850","-390.24","4090.00","","","0.26","mGal","bouguer_anomaly"
"52821","-24.32333","-66.96017","-377.88","3777.02","","","2.85","mGal","bouguer_anomaly"
"52706","-23.95767","-66.94800","-365.09","4165.00","","","1.70","mGal","bouguer_anomaly"
"52206","-23.44400","-66.94333","-390.95","4125.00","","","0.25","mGal","bouguer_anomaly"
"52203","-23.60833","-66.94250","-387.32","4082.00","","","0.76","mGal","bouguer_anomaly"
"52205","-23.49333","-66.94167","-390.62","4108.00","","","0.38","mGal","bouguer_anomaly"
"52820","-24.28717","-66.93667","-374.67","3826.00","","","3.60","mGal","bouguer_anomaly"
"52202","-23.65767","-66.93300","-377.99","4030.00","","","0.82","mGal","bouguer_anomaly"
"52204","-23.54367","-66.93217","-391.19","4122.00","","","0.41","mGal","bouguer_anomaly"
"52819","-24.24917","-66.92017","-373.81","3854.75","","","3.43","mGal","bouguer_anomaly"
"52705","-23.98650","-66.91617","-363.37","4268.00","","","1.04","mGal","bouguer_anomaly"
"52818","-24.21017","-66.91317","-372.91","3860.00","","","3.05","mGal","bouguer_anomaly"
"52817","-24.17850","-66.89717","-368.82","3929.05","","","1.99","mGal","bouguer_anomaly"
"52704","-23.98017","-66.87717","-365.90","4091.00","","","1.12","mGal","bouguer_anomaly"
"52816","-24.14850","-66.87533","-370.55","4031.00","","","1.92","mGal","bouguer_anomaly"
"52201","-23.65617","-66.86750","-379.21","3975.00","","","0.66","mGal","bouguer_anomaly"
"52703","-24.01450","-66.86117","-362.39","3998.00","","","0.99","mGal","bouguer_anomaly"
"52815","-24.12233","-66.84633","-375.05","4015.79","","","1.62","mGal","bouguer_anomaly"
"52702","-24.05333","-66.83533","-371.77","3919.00","","","1.76","mGal","bouguer_anomaly"
"51538","-24.02350","-66.82633","-375.07","3911.00","","","1.41","mGal","bouguer_anomaly"
"51528","-23.60350","-66.82367","-378.86","3937.00","","","0.77","mGal","bouguer_anomaly"
"51537","-23.97650","-66.81733","-373.33","3915.00","","","1.06","mGal","bouguer_anomaly"
"51527","-23.55983","-66.81350","-376.90","3929.00","","","0.65","mGal","bouguer_anomaly"
"51526","-23.51417","-66.80933","-377.57","3913.00","","","0.73","mGal","bouguer_anomaly"
"52814","-24.09967","-66.80883","-370.13","3969.00","","","2.23","mGal","bouguer_anomaly"
"51525","-23.46767","-66.80517","-380.29","3904.00","","","0.74","mGal","bouguer_anomaly"
"52701","-24.08417","-66.80033","-372.38","3936.00","","","2.04","mGal","bouguer_anomaly"
"51536","-23.92233","-66.79833","-378.64","3909.00","","","1.01","mGal","bouguer_anomaly"
"51535","-23.88733","-66.78750","-379.38","3906.00","","","0.77","mGal","bouguer_anomaly"
"51531","-23.70000","-66.78550","-380.21","3904.00","","","0.59","mGal","bouguer_anomaly"
"51534","-23.84600","-66.78333","-382.42","3901.00","","","0.62","mGal","bouguer_anomaly"
"51533","-23.79917","-66.78250","-388.43","3898.00","","","0.57","mGal","bouguer_anomaly"
"51524","-23.43033","-66.78117","-384.49","3908.00","","","0.78","mGal","bouguer_anomaly"
"51532","-23.75050","-66.77283","-386.54","3914.00","","","0.54","mGal","bouguer_anomaly"
"52813","-24.09233","-66.77050","-385.94","3944.34","","","2.31","mGal","bouguer_anomaly"
"51530","-23.66850","-66.76050","-380.06","3905.00","","","0.72","mGal","bouguer_anomaly"
"51529","-23.62433","-66.75950","-377.98","3933.00","","","0.63","mGal","bouguer_anomaly"
"51523","-23.39950","-66.75333","-392.61","3903.00","","","0.68","mGal","bouguer_anomaly"
"51522","-23.36133","-66.73333","-387.98","3916.00","","","0.75","mGal","bouguer_anomaly"
"52812","-24.09783","-66.73050","-381.08","3975.00","","","2.59","mGal","bouguer_anomaly"
"52811","-24.13400","-66.71450","-375.41","4022.61","","","2.93","mGal","bouguer_anomaly"
"52810","-24.15517","-66.67917","-390.69","4065.00","","","4.01","mGal","bouguer_anomaly"
"52809","-24.18033","-66.64217","-404.72","4116.63","","","4.05","mGal","bouguer_anomaly"
"51505","-23.37633","-66.61083","-388.65","3930.00","","","0.53","mGal","bouguer_anomaly"
"52808","-24.19200","-66.60233","-400.60","4185.00","","","4.08","mGal","bouguer_anomaly"
"51504","-23.40933","-66.57133","-373.47","4120.00","","","0.58","mGal","bouguer_anomaly"
"52807","-24.19300","-66.55733","-392.00","4295.58","","","3.81","mGal","bouguer_anomaly"
"52306","-24.04083","-66.52650","-380.32","4260.00","","","3.39","mGal","bouguer_anomaly"
"51503","-23.42967","-66.52400","-357.38","4044.00","","","0.64","mGal","bouguer_anomaly"
"52307","-23.99733","-66.51250","-370.15","4108.00","","","2.37","mGal","bouguer_anomaly"
"52308","-23.94417","-66.51017","-359.48","4021.00","","","1.45","mGal","bouguer_anomaly"
"52305","-24.07967","-66.50017","-384.20","4455.00","","","2.32","mGal","bouguer_anomaly"
"52806","-24.19833","-66.49650","-393.64","4466.17","","","2.52","mGal","bouguer_anomaly"
"52309","-23.90050","-66.49317","-353.87","3954.00","","","1.61","mGal","bouguer_anomaly"
"52310","-23.85483","-66.48600","-349.00","3902.00","","","1.51","mGal","bouguer_anomaly"
"51502","-23.44267","-66.47067","-350.75","3874.00","","","1.15","mGal","bouguer_anomaly"
"52311","-23.81300","-66.46600","-340.66","3859.00","","","1.34","mGal","bouguer_anomaly"
"52304","-24.10783","-66.46350","-379.90","4384.00","","","1.38","mGal","bouguer_anomaly"
"52313","-23.73817","-66.45783","-338.12","3794.00","","","1.47","mGal","bouguer_anomaly"
"52314","-23.68533","-66.45767","-333.84","3772.00","","","1.30","mGal","bouguer_anomaly"
"53315","-24.32250","-66.45667","-375.23","4460.00","","","2.05","mGal","bouguer_anomaly"
"52805","-24.23467","-66.45167","-380.25","4369.30","","","2.73","mGal","bouguer_anomaly"
"52312","-23.77217","-66.44600","-341.99","3825.00","","","1.43","mGal","bouguer_anomaly"
"52315","-23.64333","-66.44167","-330.83","3738.00","","","1.76","mGal","bouguer_anomaly"
"52316","-23.60517","-66.43367","-333.34","3721.00","","","1.56","mGal","bouguer_anomaly"
"52303","-24.14133","-66.43367","-369.22","4350.00","","","1.83","mGal","bouguer_anomaly"
"52317","-23.56050","-66.42950","-333.41","3693.00","","","1.95","mGal","bouguer_anomaly"
"52804","-24.23467","-66.42667","-372.14","4014.00","","","7.57","mGal","bouguer_anomaly"
"53316","-24.30533","-66.42467","-377.21","4455.00","","","1.74","mGal","bouguer_anomaly"
"52318","-23.52300","-66.42250","-337.36","3666.00","","","1.86","mGal","bouguer_anomaly"
"51501","-23.48750","-66.41750","-347.96","3706.00","","","1.53","mGal","bouguer_anomaly"
"52301","-24.21100","-66.41367","-367.67","4117.00","","","3.51","mGal","bouguer_anomaly"
"52302","-24.16750","-66.40767","-364.00","4245.00","","","2.55","mGal","bouguer_anomaly"
"52320","-23.46833","-66.39067","-340.43","3649.00","","","2.25","mGal","bouguer_anomaly"
"52319","-23.50667","-66.38783","-336.54","3651.00","","","1.82","mGal","bouguer_anomaly"
"51521","-23.38433","-66.38650","-342.59","3636.00","","","2.90","mGal","bouguer_anomaly"
"52803","-24.26083","-66.38383","-366.41","3875.00","","","3.77","mGal","bouguer_anomaly"
"52321","-23.41083","-66.37767","-339.45","3590.00","","","2.73","mGal","bouguer_anomaly"
"52322","-23.53233","-66.36217","-337.36","3723.00","","","1.17","mGal","bouguer_anomaly"
"51601","-23.43733","-66.35800","-334.31","3767.00","","","0.90","mGal","bouguer_anomaly"
"52802","-24.25733","-66.35283","-358.21","3808.02","","","2.67","mGal","bouguer_anomaly"
"52323","-23.55783","-66.33450","-334.18","3909.00","","","0.66","mGal","bouguer_anomaly"
"51602","-23.45383","-66.32233","-330.92","3864.00","","","0.50","mGal","bouguer_anomaly"
"52801","-24.21733","-66.31283","-347.44","3747.24","","","2.10","mGal","bouguer_anomaly"
"52324","-23.58067","-66.31283","-330.90","4023.00","","","0.47","mGal","bouguer_anomaly"
"52441","-24.19650","-66.30983","-348.42","3721.00","","","2.25","mGal","bouguer_anomaly"
"52440","-24.17833","-66.30183","-347.12","3704.00","","","2.09","mGal","bouguer_anomaly"
"51603","-23.43200","-66.29567","-336.75","3732.00","","","0.81","mGal","bouguer_anomaly"
"52439","-24.15483","-66.29483","-346.02","3683.00","","","2.11","mGal","bouguer_anomaly"
"52419","-23.87733","-66.28967","-323.35","3459.00","","","3.22","mGal","bouguer_anomaly"
"52438","-24.13133","-66.28900","-345.04","3669.00","","","2.11","mGal","bouguer_anomaly"
"52437","-24.10867","-66.28450","-344.81","3644.00","","","2.15","mGal","bouguer_anomaly"
"52418","-23.91833","-66.28083","-322.61","3502.00","","","2.40","mGal","bouguer_anomaly"
"52420","-23.84083","-66.28083","-325.24","3460.00","","","2.45","mGal","bouguer_anomaly"
"52436","-24.08600","-66.27900","-338.98","3622.00","","","2.16","mGal","bouguer_anomaly"
"52417","-23.96133","-66.27833","-325.95","3515.00","","","2.54","mGal","bouguer_anomaly"
"52325","-23.60733","-66.27717","-332.69","3756.00","","","0.92","mGal","bouguer_anomaly"
"52435","-24.06250","-66.27300","-336.44","3603.00","","","2.11","mGal","bouguer_anomaly"
"52421","-23.80917","-66.27100","-335.48","3428.00","","","2.16","mGal","bouguer_anomaly"
"52434","-24.03900","-66.26850","-333.78","3594.00","","","2.03","mGal","bouguer_anomaly"
"53525","-24.21917","-66.26300","-345.32","3858.91","","","1.25","mGal","bouguer_anomaly"
"52422","-23.76817","-66.26100","-332.70","3433.00","","","1.62","mGal","bouguer_anomaly"
"52416","-24.00000","-66.25867","-329.04","3565.00","","","1.77","mGal","bouguer_anomaly"
"52415","-24.02800","-66.25700","-330.25","3583.00","","","1.86","mGal","bouguer_anomaly"
"52423","-23.72733","-66.25117","-327.73","3463.00","","","1.36","mGal","bouguer_anomaly"
"51604","-23.42300","-66.24317","-332.43","3548.00","","","2.01","mGal","bouguer_anomaly"
"52424","-23.69083","-66.24133","-328.72","3544.00","","","1.21","mGal","bouguer_anomaly"
"53402","-24.32867","-66.23717","-343.26","3970.00","","","2.34","mGal","bouguer_anomaly"
"53401","-24.28800","-66.23317","-337.40","3889.56","","","1.90","mGal","bouguer_anomaly"
"53524","-24.25450","-66.22917","-340.68","3838.00","","","1.55","mGal","bouguer_anomaly"
"52414","-23.99767","-66.21667","-328.79","3547.00","","","1.76","mGal","bouguer_anomaly"
"52425","-23.68183","-66.20200","-329.83","3432.00","","","1.23","mGal","bouguer_anomaly"
"51605","-23.41850","-66.19667","-326.20","3496.00","","","2.72","mGal","bouguer_anomaly"
"52426","-23.62733","-66.19217","-335.01","3435.00","","","2.03","mGal","bouguer_anomaly"
"53523","-24.28200","-66.18300","-330.05","3903.00","","","1.68","mGal","bouguer_anomaly"
"52427","-23.57733","-66.17733","-326.87","3437.00","","","1.84","mGal","bouguer_anomaly"
"52413","-23.97267","-66.17500","-330.49","3517.00","","","1.78","mGal","bouguer_anomaly"
"52428","-23.52733","-66.16750","-324.38","3449.00","","","2.03","mGal","bouguer_anomaly"
"53522","-24.29767","-66.15283","-324.91","3953.00","","","2.01","mGal","bouguer_anomaly"
"52412","-23.92950","-66.15267","-328.87","3484.00","","","1.95","mGal","bouguer_anomaly"
"52429","-23.48183","-66.15267","-323.11","3471.00","","","2.52","mGal","bouguer_anomaly"
"52430","-23.41950","-66.14583","-329.05","3488.00","","","2.81","mGal","bouguer_anomaly"
"52411","-23.88867","-66.12567","-318.88","3454.00","","","1.50","mGal","bouguer_anomaly"
"52431","-23.36600","-66.10767","-324.04","3513.00","","","3.74","mGal","bouguer_anomaly"
"51613","-23.44517","-66.10283","-321.32","3467.00","","","2.73","mGal","bouguer_anomaly"
"52410","-23.85233","-66.09850","-320.83","3435.00","","","1.07","mGal","bouguer_anomaly"
"53521","-24.31967","-66.09167","-313.67","3631.00","","","8.44","mGal","bouguer_anomaly"
"53519","-24.33067","-66.05967","-309.65","3463.00","","","9.48","mGal","bouguer_anomaly"
"52409","-23.82267","-66.05667","-307.17","3431.00","","","1.20","mGal","bouguer_anomaly"
"51614","-23.46883","-66.05133","-303.60","3451.00","","","2.10","mGal","bouguer_anomaly"
"52408","-23.79083","-66.02317","-305.22","3416.00","","","1.25","mGal","bouguer_anomaly"
"51615","-23.49433","-66.00600","-301.68","3433.00","","","1.68","mGal","bouguer_anomaly"
"52407","-23.77733","-65.97783","-302.46","3425.00","","","1.04","mGal","bouguer_anomaly"
"51616","-23.52717","-65.96533","-325.91","3424.00","","","1.25","mGal","bouguer_anomaly"
"52406","-23.77733","-65.93850","-306.23","3417.00","","","1.16","mGal","bouguer_anomaly"
"51617","-23.55100","-65.92567","-332.88","3415.00","","","1.16","mGal","bouguer_anomaly"
"52405","-23.77267","-65.90150","-306.77","3442.00","","","1.17","mGal","bouguer_anomaly"
"65507","-24.11317","-65.90117","-304.30","3451.00","","","5.46","mGal","bouguer_anomaly"
"65508","-24.06950","-65.89950","-306.00","3526.00","","","6.17","mGal","bouguer_anomaly"
"65506","-24.15150","-65.88633","-299.10","3422.00","","","4.27","mGal","bouguer_anomaly"
"65509","-24.03383","-65.88483","-306.13","3667.00","","","4.34","mGal","bouguer_anomaly"
"51618","-23.57633","-65.88117","-330.80","3406.00","","","1.18","mGal","bouguer_anomaly"
"65505","-24.18800","-65.86850","-288.86","3344.00","","","4.81","mGal","bouguer_anomaly"
"65504","-24.22900","-65.86667","-286.52","3317.00","","","4.73","mGal","bouguer_anomaly"
"52404","-23.76883","-65.85783","-300.55","3419.00","","","1.51","mGal","bouguer_anomaly"
"65503","-24.27100","-65.84583","-283.80","3274.00","","","6.53","mGal","bouguer_anomaly"
"51619","-23.60017","-65.84167","-328.46","3403.00","","","1.39","mGal","bouguer_anomaly"
"65511","-23.95450","-65.83250","-300.34","3620.00","","","3.58","mGal","bouguer_anomaly"
"65510","-23.99317","-65.83250","-303.64","3677.00","","","4.57","mGal","bouguer_anomaly"
"52403","-23.73833","-65.82333","-299.48","3416.00","","","1.75","mGal","bouguer_anomaly"
"52401","-23.67383","-65.82183","-315.59","3416.00","","","1.56","mGal","bouguer_anomaly"
"65512","-23.91367","-65.82017","-298.94","3531.00","","","3.50","mGal","bouguer_anomaly"
"52402","-23.72183","-65.81583","-306.62","3413.00","","","1.82","mGal","bouguer_anomaly"
"65502","-24.27917","-65.80933","-277.41","3175.00","","","9.08","mGal","bouguer_anomaly"
"51713","-23.48083","-65.80000","-328.46","3429.00","","","1.24","mGal","bouguer_anomaly"
"51710","-23.60950","-65.80000","-328.42","3410.00","","","1.78","mGal","bouguer_anomaly"
"65513","-23.87267","-65.79550","-298.50","3483.00","","","3.11","mGal","bouguer_anomaly"
"51712","-23.52600","-65.79250","-330.00","3425.00","","","1.54","mGal","bouguer_anomaly"
"65515","-23.78183","-65.79067","-293.82","3435.00","","","2.44","mGal","bouguer_anomaly"
"51709","-23.65467","-65.79017","-323.00","3435.00","","","2.08","mGal","bouguer_anomaly"
"51711","-23.56667","-65.79017","-330.68","3410.00","","","1.81","mGal","bouguer_anomaly"
"51714","-23.46217","-65.78767","-325.29","3458.00","","","1.23","mGal","bouguer_anomaly"
"65514","-23.82733","-65.78333","-294.11","3456.00","","","3.17","mGal","bouguer_anomaly"
"51715","-23.39950","-65.77783","-319.81","3440.00","","","1.39","mGal","bouguer_anomaly"
"51716","-23.35667","-65.77783","-318.93","3425.00","","","1.76","mGal","bouguer_anomaly"
"51708","-23.67050","-65.74567","-306.80","3556.00","","","2.81","mGal","bouguer_anomaly"
"51707","-23.68617","-65.70367","-293.30","3667.00","","","4.88","mGal","bouguer_anomaly"
"51706","-23.72017","-65.66667","-285.59","3813.00","","","3.79","mGal","bouguer_anomaly"
"51705","-23.72683","-65.61983","-279.74","4163.00","","","5.55","mGal","bouguer_anomaly"
"51704","-23.69750","-65.59267","-280.35","3517.00","","","7.29","mGal","bouguer_anomaly"
"51703","-23.69300","-65.54467","-279.08","2889.00","","","11.18","mGal","bouguer_anomaly"
"51702","-23.72233","-65.52100","-274.57","2629.00","","","10.18","mGal","bouguer_anomaly"
"51701","-23.73583","-65.49133","-258.95","2379.00","","","15.35","mGal","bouguer_anomaly"
"51818","-23.79617","-65.47700","-240.96","2134.00","","","25.13","mGal","bouguer_anomaly"
"51819","-23.74700","-65.46767","-242.22","2192.46","","","24.37","mGal","bouguer_anomaly"
"51817","-23.83833","-65.45717","-236.90","2103.00","","","21.36","mGal","bouguer_anomaly"
"51815","-23.91850","-65.45567","-236.92","2078.00","","","14.67","mGal","bouguer_anomaly"
"51816","-23.87550","-65.45117","-237.35","2089.00","","","14.35","mGal","bouguer_anomaly"
"51820","-23.70683","-65.45000","-245.56","2257.00","","","22.98","mGal","bouguer_anomaly"
"51814","-23.96233","-65.44017","-232.69","2016.00","","","13.07","mGal","bouguer_anomaly"
"51813","-23.99317","-65.43983","-234.31","1810.00","","","15.94","mGal","bouguer_anomaly"
"51821","-23.66300","-65.42950","-249.81","2371.00","","","19.67","mGal","bouguer_anomaly"
"51812","-24.04050","-65.42067","-231.11","1622.00","","","12.63","mGal","bouguer_anomaly"
"52904","-24.28167","-65.40267","-216.28","1600.00","","","8.14","mGal","bouguer_anomaly"
"51822","-23.62900","-65.39850","-248.26","2383.00","","","21.99","mGal","bouguer_anomaly"
"51811","-24.08517","-65.39350","-228.69","1514.00","","","9.40","mGal","bouguer_anomaly"
"51823","-23.57467","-65.38933","-253.98","2461.00","","","16.06","mGal","bouguer_anomaly"
"51810","-24.13417","-65.38900","-225.41","1425.00","","","9.17","mGal","bouguer_anomaly"
"52903","-24.31950","-65.38700","-208.55","1633.00","","","7.39","mGal","bouguer_anomaly"
"65101","-24.02550","-65.38117","-234.25","1676.00","","","9.18","mGal","bouguer_anomaly"
"52905","-24.25083","-65.37050","-218.26","1504.00","","","6.42","mGal","bouguer_anomaly"
"51809","-24.16200","-65.36683","-228.08","1364.00","","","7.00","mGal","bouguer_anomaly"
"51824","-23.53300","-65.36683","-245.77","2523.00","","","16.83","mGal","bouguer_anomaly"
"65102","-24.00683","-65.35533","-230.77","1664.00","","","7.01","mGal","bouguer_anomaly"
"51825","-23.48783","-65.35483","-241.48","2575.00","","","16.09","mGal","bouguer_anomaly"
"52902","-24.35017","-65.35017","-199.62","1448.00","","","5.69","mGal","bouguer_anomaly"
"52906","-24.22383","-65.34767","-223.22","1416.00","","","5.57","mGal","bouguer_anomaly"
"51853","-24.18317","-65.33983","-222.69","1347.00","","","5.60","mGal","bouguer_anomaly"
"51826","-23.43817","-65.33950","-247.47","2642.00","","","12.93","mGal","bouguer_anomaly"
"51827","-23.38867","-65.33283","-248.20","2720.00","","","10.72","mGal","bouguer_anomaly"
"65104","-23.99050","-65.29717","-218.77","1475.00","","","7.41","mGal","bouguer_anomaly"
"51808","-24.18483","-65.29583","-214.38","1261.34","","","4.61","mGal","bouguer_anomaly"
"65103","-23.95967","-65.28167","-218.67","1806.00","","","5.37","mGal","bouguer_anomaly"
"51807","-24.21817","-65.26917","-207.63","1201.18","","","4.00","mGal","bouguer_anomaly"
"51806","-24.23000","-65.22983","-197.24","1151.00","","","3.35","mGal","bouguer_anomaly"
"65601","-24.19283","-65.21667","-197.89","1206.00","","","3.08","mGal","bouguer_anomaly"
"65602","-24.15183","-65.21033","-199.20","1354.00","","","2.99","mGal","bouguer_anomaly"
"65603","-24.10900","-65.20683","-199.42","1316.00","","","3.60","mGal","bouguer_anomaly"
"51805","-24.25267","-65.20117","-186.79","1103.00","","","2.94","mGal","bouguer_anomaly"
"51804","-24.29883","-65.18167","-178.63","1076.00","","","2.56","mGal","bouguer_anomaly"
"65604","-24.09550","-65.16783","-189.70","1144.00","","","3.55","mGal","bouguer_anomaly"
"51803","-24.31800","-65.15500","-169.89","1021.00","","","2.31","mGal","bouguer_anomaly"
"65605","-24.08733","-65.13167","-170.01","1235.00","","","3.98","mGal","bouguer_anomaly"
"65606","-24.04317","-65.12133","-170.07","1040.00","","","8.80","mGal","bouguer_anomaly"
"51802","-24.34967","-65.11667","-162.70","956.00","","","1.93","mGal","bouguer_anomaly"
"65607","-23.99500","-65.11100","-180.66","1204.00","","","3.49","mGal","bouguer_anomaly"
"51905","-23.66583","-64.92350","-174.98","1589.00","","","6.37","mGal","bouguer_anomaly"
"52004","-24.29067","-64.90533","-140.34","716.41","","","1.58","mGal","bouguer_anomaly"
"51904","-23.69533","-64.90117","-174.98","1353.00","","","6.34","mGal","bouguer_anomaly"
"52005","-24.25267","-64.89550","-142.17","662.00","","","1.60","mGal","bouguer_anomaly"
"51903","-23.71783","-64.87650","-174.48","996.00","","","5.00","mGal","bouguer_anomaly"
"53001","-24.31317","-64.86600","-139.77","612.00","","","1.18","mGal","bouguer_anomaly"
"52627","-24.26900","-64.86100","-144.84","594.00","","","1.35","mGal","bouguer_anomaly"
"52006","-24.20350","-64.85033","-153.90","543.01","","","1.69","mGal","bouguer_anomaly"
"51902","-23.74033","-64.84683","-181.08","766.00","","","4.49","mGal","bouguer_anomaly"
"52007","-24.15433","-64.84050","-159.20","473.20","","","1.44","mGal","bouguer_anomaly"
"51901","-23.76983","-64.82467","-182.55","552.00","","","3.79","mGal","bouguer_anomaly"
"52008","-24.10283","-64.82267","-168.33","437.56","","","1.48","mGal","bouguer_anomaly"
"52626","-24.27117","-64.82183","-144.05","547.00","","","1.17","mGal","bouguer_anomaly"
"52012","-23.85967","-64.80250","-185.95","435.00","","","2.46","mGal","bouguer_anomaly"
"52011","-23.90917","-64.79500","-177.93","454.00","","","1.91","mGal","bouguer_anomaly"
"52009","-24.01667","-64.79283","-169.27","402.01","","","1.50","mGal","bouguer_anomaly"
"52010","-23.98117","-64.78617","-171.61","424.00","","","1.56","mGal","bouguer_anomaly"
"52625","-24.27217","-64.77750","-143.76","498.00","","","1.07","mGal","bouguer_anomaly"
"52013","-23.78933","-64.77650","-178.17","482.00","","","2.85","mGal","bouguer_anomaly"
"52624","-24.27150","-64.73733","-142.39","458.00","","","1.07","mGal","bouguer_anomaly"
"52516","-24.25567","-64.69700","-139.70","465.00","","","1.46","mGal","bouguer_anomaly"
"52014","-23.75967","-64.69133","-180.14","402.00","","","2.37","mGal","bouguer_anomaly"
"52515","-24.27733","-64.66367","-133.74","520.00","","","1.60","mGal","bouguer_anomaly"
"52517","-24.23983","-64.66167","-142.89","466.00","","","1.75","mGal","bouguer_anomaly"
"52514","-24.32150","-64.65483","-125.45","582.00","","","1.63","mGal","bouguer_anomaly"
"52518","-24.19917","-64.64900","-144.62","446.00","","","2.14","mGal","bouguer_anomaly"
"52015","-23.73983","-64.63533","-166.72","410.00","","","1.95","mGal","bouguer_anomaly"
"52519","-24.16067","-64.62367","-143.74","476.00","","","2.78","mGal","bouguer_anomaly"
"52623","-24.31783","-64.61067","-115.51","762.00","","","2.26","mGal","bouguer_anomaly"
"52520","-24.12217","-64.59850","-135.79","533.00","","","3.11","mGal","bouguer_anomaly"
"52521","-24.08600","-64.57833","-132.19","578.00","","","3.49","mGal","bouguer_anomaly"
"52622","-24.31067","-64.56833","-108.27","811.00","","","3.34","mGal","bouguer_anomaly"
"52016","-23.68500","-64.56767","-148.93","399.96","","","1.79","mGal","bouguer_anomaly"
"52522","-24.04517","-64.56567","-132.08","515.00","","","3.53","mGal","bouguer_anomaly"
"52523","-24.00900","-64.54550","-134.60","509.00","","","2.64","mGal","bouguer_anomaly"
"52017","-23.64533","-64.53767","-142.59","395.30","","","1.80","mGal","bouguer_anomaly"
"52531","-23.71367","-64.53667","-148.60","349.00","","","1.36","mGal","bouguer_anomaly"
"52621","-24.29617","-64.52617","-101.51","1076.00","","","4.16","mGal","bouguer_anomaly"
"52524","-23.95133","-64.52117","-129.18","546.00","","","2.86","mGal","bouguer_anomaly"
"52530","-23.75000","-64.51933","-137.31","402.00","","","1.12","mGal","bouguer_anomaly"
"52018","-23.60000","-64.51550","-141.47","399.00","","","1.82","mGal","bouguer_anomaly"
"52525","-23.91700","-64.49217","-122.41","578.00","","","1.64","mGal","bouguer_anomaly"
"52620","-24.30167","-64.49083","-75.53","1343.00","","","5.68","mGal","bouguer_anomaly"
"52529","-23.77667","-64.48233","-126.15","471.00","","","1.03","mGal","bouguer_anomaly"
"52526","-23.88033","-64.46167","-118.50","621.00","","","1.74","mGal","bouguer_anomaly"
"52019","-23.56167","-64.46067","-137.97","402.00","","","1.42","mGal","bouguer_anomaly"
"52619","-24.28900","-64.45700","-75.06","1306.00","","","3.54","mGal","bouguer_anomaly"
"52528","-23.79383","-64.43900","-118.40","423.00","","","0.88","mGal","bouguer_anomaly"
"52527","-23.83800","-64.43117","-110.74","481.00","","","1.19","mGal","bouguer_anomaly"
"52618","-24.26650","-64.43000","-73.54","1376.00","","","3.35","mGal","bouguer_anomaly"
"52020","-23.52667","-64.41250","-135.15","368.00","","","1.19","mGal","bouguer_anomaly"
"52616","-24.20317","-64.41133","-71.46","1309.00","","","3.63","mGal","bouguer_anomaly"
"52617","-24.24383","-64.40633","-72.80","1468.00","","","3.53","mGal","bouguer_anomaly"
"52615","-24.16033","-64.40150","-77.01","1183.00","","","3.25","mGal","bouguer_anomaly"
"52614","-24.11967","-64.39650","-75.39","1066.00","","","4.17","mGal","bouguer_anomaly"
"52601","-23.86233","-64.39183","-99.19","553.00","","","1.24","mGal","bouguer_anomaly"
"52021","-23.47067","-64.37900","-132.24","346.18","","","1.09","mGal","bouguer_anomaly"
"52613","-24.08133","-64.36200","-75.08","982.00","","","2.42","mGal","bouguer_anomaly"
"52602","-23.88567","-64.35450","-95.95","578.00","","","1.17","mGal","bouguer_anomaly"
"52612","-24.05650","-64.33000","-79.97","863.00","","","1.79","mGal","bouguer_anomaly"
"52603","-23.90183","-64.32400","-92.10","560.00","","","1.08","mGal","bouguer_anomaly"
"52022","-23.39683","-64.31600","-124.95","317.31","","","0.81","mGal","bouguer_anomaly"
"52611","-24.01800","-64.30783","-79.66","767.00","","","1.48","mGal","bouguer_anomaly"
"52604","-23.92800","-64.29150","-84.69","603.00","","","0.93","mGal","bouguer_anomaly"
"52605","-23.97300","-64.29000","-77.61","690.00","","","1.19","mGal","bouguer_anomaly"
"52023","-23.36450","-64.28167","-119.60","312.50","","","0.71","mGal","bouguer_anomaly"
"52606","-23.88567","-64.27183","-82.71","550.00","","","0.74","mGal","bouguer_anomaly"
"52607","-23.85317","-64.24033","-76.85","522.00","","","0.80","mGal","bouguer_anomaly"
"52608","-23.82267","-64.21083","-76.98","444.00","","","0.48","mGal","bouguer_anomaly"
"52609","-23.82367","-64.16083","-76.66","415.00","","","0.34","mGal","bouguer_anomaly"
"52102","-23.38700","-64.14300","-93.49","294.00","","","0.20","mGal","bouguer_anomaly"
"52103","-23.46883","-64.12050","-88.55","301.00","","","0.16","mGal","bouguer_anomaly"
"52610","-23.82183","-64.11450","-71.67","401.00","","","0.27","mGal","bouguer_anomaly"
"52104","-23.51217","-64.11167","-87.21","306.22","","","0.15","mGal","bouguer_anomaly"
"52105","-23.56350","-64.10000","-84.56","327.09","","","0.16","mGal","bouguer_anomaly"
"52106","-23.60933","-64.09000","-81.23","342.00","","","0.17","mGal","bouguer_anomaly"
"52107","-23.64633","-64.08217","-77.66","357.00","","","0.19","mGal","bouguer_anomaly"
"52110","-23.81917","-64.07050","-66.31","432.30","","","0.33","mGal","bouguer_anomaly"
"52108","-23.72917","-64.06267","-69.59","395.00","","","0.24","mGal","bouguer_anomaly"
"52109","-23.77233","-64.05983","-67.29","418.45","","","0.30","mGal","bouguer_anomaly"
"52111","-23.86133","-64.05283","-57.56","443.00","","","0.41","mGal","bouguer_anomaly"
"52112","-23.94067","-64.02233","-53.47","406.00","","","0.24","mGal","bouguer_anomaly"
"52120","-24.33867","-64.01000","-66.67","346.00","","","0.28","mGal","bouguer_anomaly"
"52114","-24.01133","-64.00517","-57.21","382.00","","","0.25","mGal","bouguer_anomaly"
"52117","-24.17833","-64.00417","-63.03","355.33","","","0.33","mGal","bouguer_anomaly"
"52115","-24.09033","-64.00417","-59.60","374.00","","","0.30","mGal","bouguer_anomaly"
"52116","-24.13550","-64.00417","-60.71","361.00","","","0.32","mGal","bouguer_anomaly"
"52118","-24.25967","-64.00317","-65.19","352.00","","","0.30","mGal","bouguer_anomaly"
"52113","-23.98200","-64.00267","-57.25","391.19","","","0.24","mGal","bouguer_anomaly"
"52119","-24.30017","-64.00167","-65.57","351.00","","","0.28","mGal","bouguer_anomaly"
"22810","-23.09550","-70.44367","41.64","11.50","","","0.88","mGal","bouguer_anomaly"
"22809","-23.11567","-70.43833","44.14","52.50","","","0.83","mGal","bouguer_anomaly"
"21617","-23.15917","-70.42483","43.04","84.50","","","0.88","mGal","bouguer_anomaly"
"21609","-23.33600","-70.42167","54.73","197.50","","","0.86","mGal","bouguer_anomaly"
"22807","-23.30300","-70.41600","57.16","188.50","","","0.95","mGal","bouguer_anomaly"
"21618","-23.20217","-70.41000","51.48","138.50","","","1.01","mGal","bouguer_anomaly"
"930129","-23.32818","-70.39774","48.23","219.00","","","0.37","mGal","bouguer_anomaly"
"22808","-23.25183","-70.39183","56.77","181.00","","","1.23","mGal","bouguer_anomaly"
"21616","-23.10533","-70.38117","50.04","66.00","","","1.39","mGal","bouguer_anomaly"
"21610","-23.22167","-70.36933","53.25","164.00","","","1.95","mGal","bouguer_anomaly"
"930111","-23.35198","-70.36422","40.30","351.00","","","0.49","mGal","bouguer_anomaly"
"21611","-23.18867","-70.35200","54.18","153.50","","","1.75","mGal","bouguer_anomaly"
"930113","-23.24379","-70.35091","46.95","232.00","","","0.71","mGal","bouguer_anomaly"
"21612","-23.15333","-70.34517","52.87","123.50","","","1.99","mGal","bouguer_anomaly"
"21613","-23.11800","-70.33700","55.40","112.50","","","2.24","mGal","bouguer_anomaly"
"21614","-23.07333","-70.32767","56.64","101.00","","","2.84","mGal","bouguer_anomaly"
"21615","-23.02983","-70.31917","56.85","90.00","","","4.21","mGal","bouguer_anomaly"
"930110","-23.34472","-70.31721","30.82","521.00","","","0.65","mGal","bouguer_anomaly"
"930114","-23.24013","-70.31527","38.64","401.00","","","1.01","mGal","bouguer_anomaly"
"20801","-22.98783","-70.30717","60.01","78.00","","","6.35","mGal","bouguer_anomaly"
"930117","-23.13828","-70.29749","53.57","226.00","","","1.24","mGal","bouguer_anomaly"
"20806","-22.78700","-70.29300","73.94","83.00","","","6.56","mGal","bouguer_anomaly"
"20805","-22.82133","-70.29033","70.30","67.00","","","6.35","mGal","bouguer_anomaly"
"20807","-22.75550","-70.28467","74.66","48.00","","","7.15","mGal","bouguer_anomaly"
"20802","-22.94067","-70.28017","62.17","116.00","","","8.64","mGal","bouguer_anomaly"
"20804","-22.85717","-70.28000","59.90","47.00","","","6.53","mGal","bouguer_anomaly"
"930115","-23.23117","-70.27748","28.28","641.00","","","1.02","mGal","bouguer_anomaly"
"20808","-22.71350","-70.27600","73.98","22.00","","","6.20","mGal","bouguer_anomaly"
"20803","-22.90033","-70.27317","58.82","80.00","","","6.72","mGal","bouguer_anomaly"
"930109","-23.33348","-70.27300","19.66","723.00","","","0.81","mGal","bouguer_anomaly"
"20809","-22.67800","-70.27033","66.48","52.00","","","6.28","mGal","bouguer_anomaly"
"20811","-22.58650","-70.25883","64.90","80.00","","","8.03","mGal","bouguer_anomaly"
"930130","-23.34749","-70.25716","17.40","863.00","","","0.66","mGal","bouguer_anomaly"
"20810","-22.64183","-70.25633","69.47","76.00","","","8.65","mGal","bouguer_anomaly"
"20812","-22.53950","-70.25250","76.13","36.00","","","9.23","mGal","bouguer_anomaly"
"20923","-23.13700","-70.25183","46.13","406.96","","","3.85","mGal","bouguer_anomaly"
"20814","-22.44517","-70.25117","76.06","34.00","","","8.31","mGal","bouguer_anomaly"
"930116","-23.24435","-70.24586","17.40","957.00","","","0.79","mGal","bouguer_anomaly"
"20815","-22.39983","-70.24300","77.22","36.00","","","11.63","mGal","bouguer_anomaly"
"930108","-23.30563","-70.24075","16.32","988.00","","","0.79","mGal","bouguer_anomaly"
"20813","-22.48867","-70.23233","74.05","29.00","","","13.20","mGal","bouguer_anomaly"
"930118","-23.10023","-70.22910","31.70","547.00","","","0.79","mGal","bouguer_anomaly"
"930107","-23.27956","-70.22635","18.01","1161.00","","","1.26","mGal","bouguer_anomaly"
"930128","-22.71491","-70.21398","50.98","788.00","","","1.15","mGal","bouguer_anomaly"
"20922","-23.13017","-70.21050","26.51","578.30","","","4.42","mGal","bouguer_anomaly"
"930119","-23.06847","-70.20592","26.72","674.00","","","0.73","mGal","bouguer_anomaly"
"930106","-23.24630","-70.20288","13.89","1313.00","","","1.11","mGal","bouguer_anomaly"
"930105","-23.18708","-70.20243","18.61","1012.00","","","0.74","mGal","bouguer_anomaly"
"930104","-23.21630","-70.19291","17.49","1184.00","","","0.84","mGal","bouguer_anomaly"
"930120","-23.02705","-70.19165","24.62","670.00","","","0.93","mGal","bouguer_anomaly"
"930127","-22.74838","-70.18650","45.27","757.00","","","1.18","mGal","bouguer_anomaly"
"930121","-22.98523","-70.17973","25.08","705.00","","","1.13","mGal","bouguer_anomaly"
"930122","-22.94178","-70.17896","26.67","781.00","","","0.92","mGal","bouguer_anomaly"
"20921","-23.14267","-70.17483","21.09","813.98","","","3.35","mGal","bouguer_anomaly"
"930102","-23.26009","-70.17348","8.92","1297.00","","","0.85","mGal","bouguer_anomaly"
"930125","-22.82799","-70.16824","29.79","956.00","","","0.87","mGal","bouguer_anomaly"
"930103","-23.22208","-70.16815","8.42","1187.00","","","0.68","mGal","bouguer_anomaly"
"930126","-22.78343","-70.16730","37.82","812.00","","","1.11","mGal","bouguer_anomaly"
"930123","-22.90130","-70.16394","26.34","874.00","","","0.86","mGal","bouguer_anomaly"
"930101","-23.29408","-70.16067","-3.01","1405.00","","","1.01","mGal","bouguer_anomaly"
"930157","-22.63232","-70.15591","49.90","856.00","","","0.95","mGal","bouguer_anomaly"
"930124","-22.86126","-70.15135","26.59","975.00","","","0.77","mGal","bouguer_anomaly"
"930095","-23.34945","-70.14868","-7.92","1102.00","","","0.48","mGal","bouguer_anomaly"
"20920","-23.13133","-70.14850","13.87","1044.43","","","2.10","mGal","bouguer_anomaly"
"930030","-22.47103","-70.14008","39.44","1330.00","","","1.53","mGal","bouguer_anomaly"
"930096","-23.31324","-70.13593","-9.95","1120.00","","","0.51","mGal","bouguer_anomaly"
"930029","-22.43858","-70.13378","39.98","1405.00","","","1.56","mGal","bouguer_anomaly"
"20919","-23.09433","-70.12700","6.09","1106.43","","","1.89","mGal","bouguer_anomaly"
"930100","-23.18333","-70.12663","-0.32","1298.00","","","0.60","mGal","bouguer_anomaly"
"930099","-23.21606","-70.12285","-0.76","1354.00","","","0.78","mGal","bouguer_anomaly"
"930028","-22.40034","-70.12118","39.55","1237.00","","","1.14","mGal","bouguer_anomaly"
"930097","-23.27458","-70.11902","-9.79","1160.00","","","0.49","mGal","bouguer_anomaly"
"930156","-22.62258","-70.11473","43.29","952.00","","","0.87","mGal","bouguer_anomaly"
"930027","-22.37117","-70.10704","34.03","1233.00","","","1.15","mGal","bouguer_anomaly"
"20918","-23.05767","-70.10367","-0.07","1083.70","","","1.69","mGal","bouguer_anomaly"
"930098","-23.23780","-70.10187","-9.29","1166.00","","","0.49","mGal","bouguer_anomaly"
"20917","-23.01783","-70.08817","3.87","1066.67","","","1.86","mGal","bouguer_anomaly"
"930155","-22.61166","-70.07497","33.60","1051.00","","","0.77","mGal","bouguer_anomaly"
"20916","-22.98333","-70.06500","2.36","1160.43","","","1.47","mGal","bouguer_anomaly"
"930154","-22.62537","-70.03604","17.43","1209.00","","","0.57","mGal","bouguer_anomaly"
"20915","-22.95917","-70.02700","-3.26","1305.77","","","1.34","mGal","bouguer_anomaly"
"20914","-22.92117","-70.00883","-2.04","1383.34","","","1.31","mGal","bouguer_anomaly"
"930153","-22.65714","-70.00207","11.48","1189.00","","","0.63","mGal","bouguer_anomaly"
"20913","-22.88050","-69.99983","2.40","1448.35","","","1.40","mGal","bouguer_anomaly"
"20912","-22.84250","-69.99367","4.33","1480.79","","","1.45","mGal","bouguer_anomaly"
"930138","-23.31358","-69.97162","-51.95","1275.00","","","0.34","mGal","bouguer_anomaly"
"930152","-22.67620","-69.96089","2.63","1232.00","","","0.53","mGal","bouguer_anomaly"
"20911","-22.82033","-69.95583","-4.15","1542.30","","","1.40","mGal","bouguer_anomaly"
"930137","-23.33776","-69.93797","-60.96","1059.00","","","0.28","mGal","bouguer_anomaly"
"930151","-22.69018","-69.92315","-6.51","1297.00","","","0.47","mGal","bouguer_anomaly"
"20910","-22.79583","-69.91800","-12.07","1420.68","","","0.91","mGal","bouguer_anomaly"
"930150","-22.69988","-69.88623","-18.44","1391.00","","","0.35","mGal","bouguer_anomaly"
"20909","-22.77483","-69.87850","-20.91","1475.11","","","0.84","mGal","bouguer_anomaly"
"930164","-23.11168","-69.86782","-56.20","1300.00","","","0.17","mGal","bouguer_anomaly"
"21114","-23.34167","-69.86500","-79.11","1010.95","","","0.67","mGal","bouguer_anomaly"
"930165","-23.14803","-69.86249","-62.58","1349.00","","","0.24","mGal","bouguer_anomaly"
"930163","-23.06909","-69.85833","-48.98","1321.00","","","0.26","mGal","bouguer_anomaly"
"930162","-23.02528","-69.85055","-46.64","1356.00","","","0.24","mGal","bouguer_anomaly"
"930166","-23.18970","-69.84779","-74.20","1268.00","","","0.21","mGal","bouguer_anomaly"
"20908","-22.75267","-69.84683","-24.27","1506.86","","","0.81","mGal","bouguer_anomaly"
"930149","-22.71690","-69.84661","-24.05","1501.00","","","0.28","mGal","bouguer_anomaly"
"930161","-22.98613","-69.83731","-47.68","1405.00","","","0.28","mGal","bouguer_anomaly"
"930160","-22.95849","-69.83039","-48.10","1420.00","","","0.24","mGal","bouguer_anomaly"
"21701","-23.33750","-69.82750","-92.11","1052.61","","","0.73","mGal","bouguer_anomaly"
"20907","-22.73800","-69.82300","-29.14","1478.00","","","0.70","mGal","bouguer_anomaly"
"21115","-23.32067","-69.82300","-87.27","1060.70","","","0.74","mGal","bouguer_anomaly"
"930167","-23.20961","-69.82288","-83.54","1203.00","","","0.19","mGal","bouguer_anomaly"
"930159","-22.92939","-69.81965","-44.68","1418.00","","","0.23","mGal","bouguer_anomaly"
"930169","-23.28815","-69.81696","-89.82","1087.00","","","0.28","mGal","bouguer_anomaly"
"930147","-22.85827","-69.81645","-39.85","1405.00","","","0.23","mGal","bouguer_anomaly"
"930158","-22.89841","-69.81260","-44.13","1404.00","","","0.21","mGal","bouguer_anomaly"
"930168","-23.24825","-69.80627","-90.45","1148.00","","","0.22","mGal","bouguer_anomaly"
"930146","-22.83015","-69.80505","-41.09","1407.00","","","0.26","mGal","bouguer_anomaly"
"21702","-23.33950","-69.80450","-101.00","1126.28","","","0.62","mGal","bouguer_anomaly"
"930148","-22.81224","-69.80430","-39.55","1413.00","","","0.24","mGal","bouguer_anomaly"
"930188","-22.94256","-69.79256","-52.35","1506.00","","","0.22","mGal","bouguer_anomaly"
"930145","-22.78433","-69.78692","-37.30","1435.00","","","0.27","mGal","bouguer_anomaly"
"21116","-23.29300","-69.78567","-98.97","1116.00","","","0.74","mGal","bouguer_anomaly"
"20906","-22.70767","-69.77300","-39.20","1535.00","","","0.62","mGal","bouguer_anomaly"
"21703","-23.33750","-69.76833","-105.98","1296.46","","","0.77","mGal","bouguer_anomaly"
"930144","-22.76226","-69.75488","-38.63","1491.00","","","0.12","mGal","bouguer_anomaly"
"930187","-22.95770","-69.74847","-67.89","1554.00","","","0.15","mGal","bouguer_anomaly"
"21117","-23.26200","-69.74667","-106.90","1186.31","","","0.72","mGal","bouguer_anomaly"
"21704","-23.33667","-69.73117","-112.57","1394.76","","","0.71","mGal","bouguer_anomaly"
"20905","-22.73583","-69.73033","-42.34","1500.72","","","0.47","mGal","bouguer_anomaly"
"21705","-23.34450","-69.71100","-125.63","1374.28","","","0.65","mGal","bouguer_anomaly"
"21118","-23.23283","-69.70933","-110.90","1269.49","","","0.63","mGal","bouguer_anomaly"
"20904","-22.71867","-69.70500","-45.57","1496.74","","","0.44","mGal","bouguer_anomaly"
"930186","-22.97302","-69.70368","-78.87","1591.00","","","0.12","mGal","bouguer_anomaly"
"21004","-22.98900","-69.67683","-80.66","1578.00","","","0.52","mGal","bouguer_anomaly"
"21012","-22.58867","-69.67267","-64.01","1444.00","","","0.41","mGal","bouguer_anomaly"
"20903","-22.69483","-69.67217","-59.10","1450.52","","","0.37","mGal","bouguer_anomaly"
"21119","-23.20717","-69.67017","-118.29","1336.34","","","0.58","mGal","bouguer_anomaly"
"930185","-22.99880","-69.66651","-88.59","1560.00","","","0.27","mGal","bouguer_anomaly"
"21014","-22.44333","-69.65450","-69.61","1351.40","","","0.48","mGal","bouguer_anomaly"
"20902","-22.65500","-69.64817","-69.44","1418.61","","","0.32","mGal","bouguer_anomaly"
"21015","-22.40767","-69.64217","-76.68","1267.00","","","0.55","mGal","bouguer_anomaly"
"21120","-23.17583","-69.63217","-118.97","1345.80","","","0.63","mGal","bouguer_anomaly"
"20901","-22.61533","-69.62817","-79.63","1398.44","","","0.31","mGal","bouguer_anomaly"
"21001","-23.14017","-69.62600","-111.76","1386.00","","","0.45","mGal","bouguer_anomaly"
"21011","-22.60983","-69.62067","-81.30","1395.00","","","0.31","mGal","bouguer_anomaly"
"21016","-22.35683","-69.62050","-77.69","1224.00","","","0.45","mGal","bouguer_anomaly"
"21010","-22.65867","-69.61317","-78.37","1413.00","","","0.29","mGal","bouguer_anomaly"
"930189","-23.09518","-69.60368","-115.99","1446.00","","","0.11","mGal","bouguer_anomaly"
"21009","-22.72833","-69.60300","-79.34","1432.00","","","0.27","mGal","bouguer_anomaly"
"21008","-22.75517","-69.59767","-83.52","1438.00","","","0.26","mGal","bouguer_anomaly"
"930184","-23.02055","-69.59602","-106.05","1554.00","","","0.16","mGal","bouguer_anomaly"
"21002","-23.07200","-69.59583","-115.43","1491.00","","","0.37","mGal","bouguer_anomaly"
"930180","-22.98947","-69.59512","-111.56","1546.00","","","0.14","mGal","bouguer_anomaly"
"930182","-22.92145","-69.59507","-102.60","1519.00","","","0.13","mGal","bouguer_anomaly"
"930181","-22.95380","-69.59489","-106.00","1540.00","","","0.13","mGal","bouguer_anomaly"
"21006","-22.83750","-69.59467","-93.70","1465.00","","","0.28","mGal","bouguer_anomaly"
"930193","-23.29586","-69.59441","-156.49","1505.00","","","0.26","mGal","bouguer_anomaly"
"21121","-23.14750","-69.59433","-123.28","1360.53","","","0.55","mGal","bouguer_anomaly"
"21003","-23.03383","-69.59383","-113.79","1532.00","","","0.38","mGal","bouguer_anomaly"
"930183","-22.88508","-69.59319","-100.54","1506.00","","","0.10","mGal","bouguer_anomaly"
"21005","-22.86833","-69.59283","-97.84","1496.00","","","0.30","mGal","bouguer_anomaly"
"21007","-22.80067","-69.59117","-86.79","1462.00","","","0.28","mGal","bouguer_anomaly"
"930034","-22.54800","-69.58765","-85.48","1333.00","","","0.12","mGal","bouguer_anomaly"
"930194","-23.33937","-69.58659","-157.72","1512.00","","","0.38","mGal","bouguer_anomaly"
"930190","-23.19205","-69.58185","-136.59","1464.00","","","0.10","mGal","bouguer_anomaly"
"930143","-22.73698","-69.57729","-89.54","1438.00","","","0.01","mGal","bouguer_anomaly"
"930015","-22.39395","-69.57377","-92.90","1246.00","","","0.15","mGal","bouguer_anomaly"
"930192","-23.26076","-69.57313","-155.79","1599.00","","","0.29","mGal","bouguer_anomaly"
"930033","-22.51632","-69.57034","-86.83","1308.00","","","0.13","mGal","bouguer_anomaly"
"930031","-22.44757","-69.56707","-88.64","1265.00","","","0.14","mGal","bouguer_anomaly"
"930032","-22.48991","-69.55997","-91.54","1284.00","","","0.13","mGal","bouguer_anomaly"
"930191","-23.22553","-69.55402","-151.04","1566.00","","","0.25","mGal","bouguer_anomaly"
"21122","-23.12517","-69.55333","-130.72","1387.80","","","0.55","mGal","bouguer_anomaly"
"21013","-22.44467","-69.55167","-97.03","1256.00","","","0.36","mGal","bouguer_anomaly"
"930142","-22.75016","-69.54224","-104.84","1442.00","","","0.22","mGal","bouguer_anomaly"
"930014","-22.39493","-69.53555","-105.28","1255.00","","","0.15","mGal","bouguer_anomaly"
"21123","-23.10117","-69.51367","-139.98","1409.87","","","0.56","mGal","bouguer_anomaly"
"930013","-22.41142","-69.50246","-113.80","1271.00","","","0.16","mGal","bouguer_anomaly"
"930141","-22.76038","-69.49226","-119.45","1487.00","","","0.16","mGal","bouguer_anomaly"
"21124","-23.06700","-69.48233","-147.19","1425.20","","","0.53","mGal","bouguer_anomaly"
"930012","-22.43150","-69.46364","-118.27","1286.00","","","0.18","mGal","bouguer_anomaly"
"930140","-22.78285","-69.45647","-136.03","1530.00","","","0.04","mGal","bouguer_anomaly"
"930196","-23.08013","-69.44860","-157.01","1430.00","","","0.21","mGal","bouguer_anomaly"
"21125","-23.03600","-69.44700","-153.12","1449.63","","","0.51","mGal","bouguer_anomaly"
"930139","-22.80395","-69.42026","-151.79","1591.00","","","0.10","mGal","bouguer_anomaly"
"930011","-22.44409","-69.41965","-125.07","1340.00","","","0.21","mGal","bouguer_anomaly"
"21126","-23.00417","-69.41283","-162.40","1484.71","","","0.54","mGal","bouguer_anomaly"
"44301","-22.80754","-69.38702","-171.78","1766.00","","","0.79","mGal","bouguer_anomaly"
"930195","-23.01712","-69.38608","-178.08","1474.00","","","0.28","mGal","bouguer_anomaly"
"21127","-22.97017","-69.38117","-175.42","1524.63","","","0.56","mGal","bouguer_anomaly"
"930010","-22.45518","-69.37904","-145.53","1416.00","","","0.24","mGal","bouguer_anomaly"
"21128","-22.93317","-69.35350","-189.58","1571.22","","","0.58","mGal","bouguer_anomaly"
"44302","-22.84495","-69.34482","-191.70","1741.00","","","0.59","mGal","bouguer_anomaly"
"930009","-22.46670","-69.33292","-168.48","1447.00","","","0.29","mGal","bouguer_anomaly"
"21129","-22.89617","-69.32717","-190.84","1616.52","","","0.60","mGal","bouguer_anomaly"
"21130","-22.85833","-69.29533","-197.58","1654.36","","","0.67","mGal","bouguer_anomaly"
"930008","-22.46997","-69.29300","-183.30","1498.00","","","0.37","mGal","bouguer_anomaly"
"44303","-22.89811","-69.27300","-202.11","1704.00","","","0.75","mGal","bouguer_anomaly"
"21131","-22.82050","-69.26900","-201.68","1671.19","","","0.83","mGal","bouguer_anomaly"
"930007","-22.48513","-69.25857","-197.57","1621.00","","","0.39","mGal","bouguer_anomaly"
"21132","-22.78317","-69.24267","-203.91","1756.30","","","1.04","mGal","bouguer_anomaly"
"44304","-22.91580","-69.22916","-211.92","1800.00","","","0.91","mGal","bouguer_anomaly"
"21133","-22.74650","-69.21767","-204.51","1884.89","","","1.14","mGal","bouguer_anomaly"
"930006","-22.49958","-69.21641","-205.03","1687.00","","","0.45","mGal","bouguer_anomaly"
"21134","-22.70917","-69.19533","-203.64","1992.17","","","1.34","mGal","bouguer_anomaly"
"44305","-22.93075","-69.19456","-214.70","1888.00","","","1.03","mGal","bouguer_anomaly"
"21135","-22.66150","-69.17283","-204.05","2073.31","","","1.29","mGal","bouguer_anomaly"
"930005","-22.50215","-69.17004","-211.10","1779.00","","","0.51","mGal","bouguer_anomaly"
"44306","-22.94885","-69.16338","-224.38","1979.00","","","1.07","mGal","bouguer_anomaly"
"21136","-22.62967","-69.14383","-206.73","2120.91","","","1.27","mGal","bouguer_anomaly"
"44307","-22.94951","-69.12875","-239.58","2068.00","","","1.09","mGal","bouguer_anomaly"
"930004","-22.49717","-69.12447","-216.63","1891.00","","","0.50","mGal","bouguer_anomaly"
"44309","-22.98521","-69.11220","-242.06","2191.00","","","1.18","mGal","bouguer_anomaly"
"21137","-22.62033","-69.10950","-223.13","2150.98","","","1.33","mGal","bouguer_anomaly"
"44516","-23.34726","-69.09783","-267.06","2582.00","","","1.59","mGal","bouguer_anomaly"
"930003","-22.49282","-69.07888","-226.76","1994.00","","","0.51","mGal","bouguer_anomaly"
"21138","-22.59167","-69.06767","-229.95","2204.48","","","1.34","mGal","bouguer_anomaly"
"44308","-22.94431","-69.06652","-250.06","2355.00","","","1.12","mGal","bouguer_anomaly"
"44515","-23.32470","-69.06553","-263.71","2771.00","","","2.07","mGal","bouguer_anomaly"
"44501","-23.07403","-69.06072","-242.88","2518.00","","","1.47","mGal","bouguer_anomaly"
"44502","-23.08442","-69.05731","-243.94","2522.00","","","1.45","mGal","bouguer_anomaly"
"44310","-23.01866","-69.05319","-244.29","2437.00","","","1.32","mGal","bouguer_anomaly"
"44514","-23.28605","-69.04400","-260.74","2974.00","","","2.55","mGal","bouguer_anomaly"
"930002","-22.49345","-69.03388","-232.19","2085.00","","","0.50","mGal","bouguer_anomaly"
"44311","-23.05643","-69.03124","-241.04","2561.00","","","1.42","mGal","bouguer_anomaly"
"44503","-23.10683","-69.02646","-244.03","2675.00","","","1.49","mGal","bouguer_anomaly"
"44513","-23.24793","-69.02004","-257.01","3020.00","","","2.57","mGal","bouguer_anomaly"
"21139","-22.55767","-69.01583","-231.88","2218.07","","","1.46","mGal","bouguer_anomaly"
"44312","-23.03340","-69.01025","-237.73","2649.00","","","1.62","mGal","bouguer_anomaly"
"44512","-23.20475","-68.99863","-250.04","2959.00","","","2.05","mGal","bouguer_anomaly"
"930001","-22.48943","-68.99560","-234.57","2160.00","","","0.51","mGal","bouguer_anomaly"
"44504","-23.11587","-68.99307","-240.35","2842.00","","","1.76","mGal","bouguer_anomaly"
"44505","-23.16862","-68.97968","-244.80","2917.00","","","1.86","mGal","bouguer_anomaly"
"44313","-23.03114","-68.97462","-238.59","2753.00","","","1.80","mGal","bouguer_anomaly"
"21140","-22.53017","-68.97400","-225.44","2242.00","","","1.34","mGal","bouguer_anomaly"
"44314","-23.04694","-68.94641","-236.33","2954.00","","","2.45","mGal","bouguer_anomaly"
"44506","-23.11116","-68.94580","-236.36","3024.00","","","2.42","mGal","bouguer_anomaly"
"21141","-22.50567","-68.93483","-228.58","2265.00","","","1.21","mGal","bouguer_anomaly"
"44511","-23.21124","-68.93110","-249.36","2832.00","","","1.12","mGal","bouguer_anomaly"
"21143","-22.45383","-68.92783","-250.31","2219.50","","","1.34","mGal","bouguer_anomaly"
"20729","-22.39700","-68.91700","-258.37","2318.50","","","1.72","mGal","bouguer_anomaly"
"44315","-23.03021","-68.91636","-234.59","2897.00","","","2.24","mGal","bouguer_anomaly"
"44507","-23.12226","-68.91601","-239.96","2918.00","","","1.53","mGal","bouguer_anomaly"
"44508","-23.16490","-68.91471","-241.83","2899.00","","","1.34","mGal","bouguer_anomaly"
"44019","-22.54827","-68.91306","-237.30","2447.00","","","1.50","mGal","bouguer_anomaly"
"20728","-22.36933","-68.91300","-260.32","2421.00","","","1.62","mGal","bouguer_anomaly"
"44018","-22.59037","-68.91167","-229.36","2762.00","","","1.82","mGal","bouguer_anomaly"
"44017","-22.63237","-68.90531","-228.00","2966.00","","","2.63","mGal","bouguer_anomaly"
"21142","-22.47517","-68.90283","-232.57","2287.78","","","1.14","mGal","bouguer_anomaly"
"20501","-22.43917","-68.89550","-252.69","2319.00","","","1.06","mGal","bouguer_anomaly"
"44509","-23.19306","-68.88909","-235.64","2914.00","","","1.32","mGal","bouguer_anomaly"
"21201","-22.47383","-68.88633","-239.21","2326.51","","","1.01","mGal","bouguer_anomaly"
"44012","-22.82098","-68.88170","-233.78","2524.00","","","1.10","mGal","bouguer_anomaly"
"44316","-23.01483","-68.87548","-234.43","2920.00","","","2.04","mGal","bouguer_anomaly"
"21202","-22.48183","-68.87483","-239.76","2346.00","","","0.97","mGal","bouguer_anomaly"
"21205","-22.50633","-68.87450","-233.89","2376.00","","","1.04","mGal","bouguer_anomaly"
"44016","-22.66649","-68.87064","-241.70","2790.00","","","1.34","mGal","bouguer_anomaly"
"21203","-22.49167","-68.86383","-239.89","2364.61","","","0.95","mGal","bouguer_anomaly"
"44510","-23.21535","-68.86240","-234.35","2899.00","","","1.15","mGal","bouguer_anomaly"
"44014","-22.75728","-68.86227","-228.24","2630.00","","","1.30","mGal","bouguer_anomaly"
"20727","-22.39533","-68.86150","-256.51","2387.50","","","1.09","mGal","bouguer_anomaly"
"930298","-22.43118","-68.85648","-255.37","2377.00","","","0.33","mGal","bouguer_anomaly"
"44013","-22.77497","-68.85320","-229.42","2560.00","","","1.17","mGal","bouguer_anomaly"
"44003","-22.88888","-68.84771","-227.54","2652.00","","","1.50","mGal","bouguer_anomaly"
"20726","-22.35683","-68.84650","-243.19","2429.00","","","1.33","mGal","bouguer_anomaly"
"44002","-22.92989","-68.84562","-230.06","2786.00","","","1.87","mGal","bouguer_anomaly"
"21206","-22.51617","-68.84450","-240.30","2414.00","","","1.02","mGal","bouguer_anomaly"
"44317","-22.98589","-68.84351","-229.15","3006.00","","","2.52","mGal","bouguer_anomaly"
"44004","-22.84786","-68.84240","-227.71","2576.00","","","1.20","mGal","bouguer_anomaly"
"44005","-22.81624","-68.84078","-227.75","2547.00","","","1.13","mGal","bouguer_anomaly"
"44015","-22.70034","-68.84072","-240.21","2663.00","","","1.11","mGal","bouguer_anomaly"
"44415","-23.24468","-68.83324","-231.62","2882.00","","","1.02","mGal","bouguer_anomaly"
"21204","-22.49300","-68.83150","-245.52","2423.00","","","0.81","mGal","bouguer_anomaly"
"20502","-22.42100","-68.82183","-253.91","2442.00","","","0.83","mGal","bouguer_anomaly"
"44414","-23.28261","-68.82009","-239.36","2861.00","","","0.97","mGal","bouguer_anomaly"
"44001","-22.96337","-68.81866","-228.07","3028.00","","","2.26","mGal","bouguer_anomaly"
"44318","-23.01830","-68.81849","-225.87","3380.00","","","4.48","mGal","bouguer_anomaly"
"21207","-22.52550","-68.81717","-235.36","2500.00","","","0.80","mGal","bouguer_anomaly"
"44021","-22.61775","-68.81201","-231.75","2758.00","","","1.07","mGal","bouguer_anomaly"
"44413","-23.32369","-68.80839","-252.73","2808.00","","","0.87","mGal","bouguer_anomaly"
"44416","-23.22568","-68.80394","-229.43","2921.00","","","1.08","mGal","bouguer_anomaly"
"44022","-22.65613","-68.80310","-232.38","2753.00","","","0.90","mGal","bouguer_anomaly"
"44020","-22.58024","-68.80282","-227.72","2658.00","","","0.91","mGal","bouguer_anomaly"
"44418","-23.14962","-68.80044","-214.35","3108.00","","","1.67","mGal","bouguer_anomaly"
"930284","-22.48124","-68.79678","-242.09","2453.00","","","0.29","mGal","bouguer_anomaly"
"44006","-22.81258","-68.79596","-231.39","2584.00","","","1.03","mGal","bouguer_anomaly"
"44419","-23.10914","-68.79591","-218.08","3126.00","","","1.86","mGal","bouguer_anomaly"
"21208","-22.53517","-68.79167","-230.35","2529.53","","","0.76","mGal","bouguer_anomaly"
"44023","-22.71049","-68.78910","-231.23","2707.00","","","0.87","mGal","bouguer_anomaly"
"44417","-23.18844","-68.78846","-225.41","3018.00","","","1.43","mGal","bouguer_anomaly"
"20503","-22.40667","-68.78817","-241.66","2477.00","","","0.79","mGal","bouguer_anomaly"
"21209","-22.53800","-68.78800","-226.87","2553.00","","","0.76","mGal","bouguer_anomaly"
"44420","-23.06965","-68.78474","-224.30","3087.00","","","1.81","mGal","bouguer_anomaly"
"21210","-22.54333","-68.78017","-233.57","2549.15","","","0.74","mGal","bouguer_anomaly"
"44319","-23.02150","-68.77730","-220.66","3117.00","","","1.83","mGal","bouguer_anomaly"
"21211","-22.54833","-68.77133","-236.06","2558.00","","","0.73","mGal","bouguer_anomaly"
"21212","-22.55883","-68.75350","-237.95","2570.00","","","0.72","mGal","bouguer_anomaly"
"930285","-22.46693","-68.75291","-239.13","2487.00","","","0.26","mGal","bouguer_anomaly"
"44007","-22.81098","-68.75007","-233.21","2642.00","","","0.88","mGal","bouguer_anomaly"
"21213","-22.56250","-68.74717","-236.41","2578.00","","","0.65","mGal","bouguer_anomaly"
"44320","-23.01655","-68.73447","-214.59","3028.00","","","1.68","mGal","bouguer_anomaly"
"21214","-22.57383","-68.72750","-232.87","2588.00","","","0.68","mGal","bouguer_anomaly"
"20504","-22.40033","-68.72650","-247.74","2488.00","","","0.77","mGal","bouguer_anomaly"
"930286","-22.44291","-68.71412","-247.94","2472.00","","","0.18","mGal","bouguer_anomaly"
"44008","-22.82915","-68.70453","-229.00","2713.00","","","0.85","mGal","bouguer_anomaly"
"21215","-22.58850","-68.70317","-231.77","2603.00","","","0.69","mGal","bouguer_anomaly"
"930297","-22.38480","-68.69344","-248.81","2501.00","","","0.29","mGal","bouguer_anomaly"
"44321","-23.00256","-68.69176","-223.34","3016.00","","","1.57","mGal","bouguer_anomaly"
"21216","-22.59633","-68.68767","-231.08","2615.00","","","0.70","mGal","bouguer_anomaly"
"930287","-22.41375","-68.67817","-250.11","2492.00","","","0.24","mGal","bouguer_anomaly"
"21217","-22.60317","-68.67067","-229.38","2623.00","","","0.72","mGal","bouguer_anomaly"
"44009","-22.85302","-68.66841","-226.62","2781.00","","","0.85","mGal","bouguer_anomaly"
"20505","-22.36583","-68.66767","-256.28","2540.00","","","0.84","mGal","bouguer_anomaly"
"44322","-22.98874","-68.64671","-228.88","3018.00","","","1.34","mGal","bouguer_anomaly"
"930288","-22.38476","-68.64590","-256.38","2519.00","","","0.36","mGal","bouguer_anomaly"
"21218","-22.61350","-68.64583","-228.40","2649.05","","","0.77","mGal","bouguer_anomaly"
"930241","-22.59265","-68.63303","-233.16","2624.00","","","0.31","mGal","bouguer_anomaly"
"44010","-22.86973","-68.62753","-231.05","2880.00","","","0.87","mGal","bouguer_anomaly"
"21221","-22.62417","-68.61900","-229.18","2700.00","","","0.81","mGal","bouguer_anomaly"
"21912","-23.32850","-68.61767","-284.97","2555.00","","","1.46","mGal","bouguer_anomaly"
"930289","-22.36146","-68.61308","-266.17","2554.00","","","0.34","mGal","bouguer_anomaly"
"21911","-23.28567","-68.61017","-282.76","2586.00","","","1.67","mGal","bouguer_anomaly"
"44323","-22.96525","-68.60639","-235.35","3029.00","","","1.14","mGal","bouguer_anomaly"
"21222","-22.63317","-68.59667","-236.44","2742.50","","","0.86","mGal","bouguer_anomaly"
"21219","-22.58217","-68.59617","-237.25","2675.00","","","0.88","mGal","bouguer_anomaly"
"44011","-22.89481","-68.58095","-244.26","3017.00","","","1.07","mGal","bouguer_anomaly"
"21910","-23.25500","-68.57733","-279.34","2437.00","","","1.77","mGal","bouguer_anomaly"
"21223","-22.64217","-68.57400","-242.95","2803.00","","","0.98","mGal","bouguer_anomaly"
"21220","-22.57533","-68.57200","-240.10","2720.00","","","1.03","mGal","bouguer_anomaly"
"44324","-22.94093","-68.56647","-244.70","3099.00","","","1.39","mGal","bouguer_anomaly"
"21909","-23.21150","-68.56017","-277.42","2428.00","","","2.27","mGal","bouguer_anomaly"
"21224","-22.65117","-68.55083","-244.56","2891.00","","","1.07","mGal","bouguer_anomaly"
"930242","-22.54700","-68.54277","-247.23","2769.00","","","0.44","mGal","bouguer_anomaly"
"21225","-22.62833","-68.53617","-246.22","2918.00","","","1.18","mGal","bouguer_anomaly"
"21908","-23.17383","-68.53567","-271.19","2378.00","","","3.51","mGal","bouguer_anomaly"
"44327","-23.00362","-68.53232","-250.60","3257.00","","","3.34","mGal","bouguer_anomaly"
"44326","-22.96802","-68.52883","-255.15","3253.00","","","3.15","mGal","bouguer_anomaly"
"21226","-22.66017","-68.52767","-250.41","2980.00","","","1.21","mGal","bouguer_anomaly"
"44325","-22.93512","-68.52387","-255.68","3240.00","","","3.05","mGal","bouguer_anomaly"
"21227","-22.66717","-68.50983","-260.11","3030.00","","","1.22","mGal","bouguer_anomaly"
"21907","-23.14050","-68.50250","-275.24","2384.00","","","2.55","mGal","bouguer_anomaly"
"21228","-22.67467","-68.49267","-259.68","3103.00","","","1.30","mGal","bouguer_anomaly"
"44328","-22.93719","-68.49197","-267.31","2927.00","","","1.46","mGal","bouguer_anomaly"
"21229","-22.68433","-68.47283","-261.86","3157.00","","","1.35","mGal","bouguer_anomaly"
"21906","-23.10500","-68.47267","-281.92","2367.00","","","2.39","mGal","bouguer_anomaly"
"21905","-23.06300","-68.45600","-279.83","2392.50","","","2.16","mGal","bouguer_anomaly"
"21230","-22.69283","-68.45567","-271.70","3212.00","","","1.42","mGal","bouguer_anomaly"
"44101","-22.66334","-68.44812","-268.93","3264.00","","","1.54","mGal","bouguer_anomaly"
"21231","-22.70250","-68.43800","-281.07","3300.00","","","1.58","mGal","bouguer_anomaly"
"21904","-23.02383","-68.43783","-281.45","2414.00","","","1.82","mGal","bouguer_anomaly"
"21903","-22.98517","-68.42050","-283.04","2465.00","","","1.43","mGal","bouguer_anomaly"
"21232","-22.71233","-68.41967","-283.35","3408.00","","","1.97","mGal","bouguer_anomaly"
"930479","-22.82323","-69.36440","-166.88","1734.00","","","0.22","mGal","bouguer_anomaly"
"930480","-22.78233","-69.34911","-176.22","1667.00","","","0.20","mGal","bouguer_anomaly"
"930481","-22.75171","-69.32314","-176.73","1626.00","","","0.24","mGal","bouguer_anomaly"
"930478","-22.82700","-69.31907","-185.20","1674.00","","","0.22","mGal","bouguer_anomaly"
"930484","-22.66433","-69.31639","-179.04","1626.00","","","0.28","mGal","bouguer_anomaly"
"930503","-22.98258","-69.28966","-182.93","1738.00","","","0.30","mGal","bouguer_anomaly"
"930504","-22.94033","-69.28539","-194.13","1703.00","","","0.28","mGal","bouguer_anomaly"
"930496","-23.03963","-69.27206","-198.70","1765.00","","","0.42","mGal","bouguer_anomaly"
"930483","-22.67193","-69.27058","-184.35","1743.00","","","0.35","mGal","bouguer_anomaly"
"930495","-23.01203","-69.25932","-200.15","1782.00","","","0.39","mGal","bouguer_anomaly"
"930497","-23.06855","-69.25439","-205.99","1867.00","","","0.45","mGal","bouguer_anomaly"
"930477","-22.84544","-69.24243","-205.69","1758.00","","","0.36","mGal","bouguer_anomaly"
"930482","-22.68383","-69.22612","-175.78","1975.00","","","0.51","mGal","bouguer_anomaly"
"930500","-23.17358","-69.21872","-221.74","2120.00","","","0.52","mGal","bouguer_anomaly"
"930494","-23.03121","-69.21838","-214.89","1906.00","","","0.44","mGal","bouguer_anomaly"
"930498","-23.09630","-69.21761","-212.44","2024.00","","","0.50","mGal","bouguer_anomaly"
"930499","-23.13301","-69.21521","-216.06","2145.00","","","0.53","mGal","bouguer_anomaly"
"930476","-22.86310","-69.20320","-209.18","1895.00","","","0.39","mGal","bouguer_anomaly"
"930501","-23.20166","-69.19467","-234.18","2260.00","","","0.61","mGal","bouguer_anomaly"
"930493","-23.06278","-69.18494","-220.11","2045.00","","","0.46","mGal","bouguer_anomaly"
"930502","-23.22838","-69.17267","-244.86","2453.00","","","0.67","mGal","bouguer_anomaly"
"930470","-22.72143","-69.15585","-213.36","2160.00","","","0.57","mGal","bouguer_anomaly"
"930490","-22.98491","-69.15524","-228.29","2098.00","","","0.43","mGal","bouguer_anomaly"
"930475","-22.86100","-69.15390","-220.30","2082.00","","","0.45","mGal","bouguer_anomaly"
"930492","-23.07896","-69.14460","-235.29","2201.00","","","0.50","mGal","bouguer_anomaly"
"930474","-22.84155","-69.14077","-223.95","2129.00","","","0.48","mGal","bouguer_anomaly"
"930485","-22.66550","-69.12180","-219.74","2207.00","","","0.56","mGal","bouguer_anomaly"
"930471","-22.73950","-69.11390","-231.36","2346.00","","","0.70","mGal","bouguer_anomaly"
"930473","-22.80873","-69.11256","-229.68","2290.00","","","0.59","mGal","bouguer_anomaly"
"930491","-23.06951","-69.10638","-242.18","2333.00","","","0.54","mGal","bouguer_anomaly"
"930472","-22.77098","-69.10149","-237.00","2399.00","","","0.70","mGal","bouguer_anomaly"
"930486","-22.62827","-69.05933","-235.39","2321.00","","","0.62","mGal","bouguer_anomaly"
"930487","-22.66418","-69.03521","-229.18","2517.00","","","0.76","mGal","bouguer_anomaly"
"930488","-22.70773","-69.02080","-226.78","2815.00","","","1.11","mGal","bouguer_anomaly"
"930489","-22.73872","-69.00945","-233.59","3108.00","","","2.08","mGal","bouguer_anomaly"
"930459","-22.69354","-68.67136","-231.95","2702.00","","","0.27","mGal","bouguer_anomaly"
"930457","-22.62861","-68.65543","-224.64","2676.00","","","0.27","mGal","bouguer_anomaly"
"930460","-22.73343","-68.65257","-232.38","2735.00","","","0.30","mGal","bouguer_anomaly"
"930458","-22.66402","-68.65180","-226.65","2710.00","","","0.28","mGal","bouguer_anomaly"
"930461","-22.77206","-68.63268","-228.46","2823.00","","","0.31","mGal","bouguer_anomaly"
"930462","-22.81136","-68.61218","-233.04","2893.00","","","0.36","mGal","bouguer_anomaly"
"930463","-22.85294","-68.58089","-239.25","3032.00","","","0.45","mGal","bouguer_anomaly"
"930464","-22.86435","-68.53635","-252.31","3179.00","","","0.60","mGal","bouguer_anomaly"
"930291","-22.37195","-68.52997","-272.20","2598.00","","","0.45","mGal","bouguer_anomaly"
"930243","-22.53725","-68.50947","-253.67","2853.00","","","0.50","mGal","bouguer_anomaly"
"930292","-22.40611","-68.50533","-260.09","2649.00","","","0.47","mGal","bouguer_anomaly"
"930465","-22.85876","-68.49764","-269.44","3288.00","","","0.85","mGal","bouguer_anomaly"
"930468","-22.73873","-68.49360","-269.04","3117.00","","","0.50","mGal","bouguer_anomaly"
"930293","-22.44943","-68.48846","-253.83","2725.00","","","0.51","mGal","bouguer_anomaly"
"930466","-22.82291","-68.48700","-272.97","3309.00","","","0.81","mGal","bouguer_anomaly"
"930467","-22.78037","-68.48666","-273.75","3252.00","","","0.63","mGal","bouguer_anomaly"
"930244","-22.50330","-68.48311","-258.50","2809.00","","","0.60","mGal","bouguer_anomaly"
"930469","-22.71549","-68.47694","-275.23","3102.00","","","0.48","mGal","bouguer_anomaly"
"930245","-22.51324","-68.45013","-268.31","2936.00","","","0.66","mGal","bouguer_anomaly"
"930246","-22.52944","-68.43252","-273.17","3058.00","","","0.59","mGal","bouguer_anomaly"
"21233","-22.71467","-68.40617","-294.12","3391.00","","","1.83","mGal","bouguer_anomaly"
"22123","-23.34367","-68.40517","-313.30","2307.60","","","0.42","mGal","bouguer_anomaly"
"44102","-22.65614","-68.40474","-281.81","3435.00","","","1.82","mGal","bouguer_anomaly"
"21235","-22.75717","-68.39567","-290.56","3378.00","","","2.30","mGal","bouguer_anomaly"
"21902","-22.94567","-68.39467","-289.59","2450.50","","","1.71","mGal","bouguer_anomaly"
"22122","-23.34517","-68.39117","-311.38","2304.50","","","0.45","mGal","bouguer_anomaly"
"21234","-22.72383","-68.38850","-291.47","3418.00","","","2.10","mGal","bouguer_anomaly"
"44104","-22.64579","-68.36790","-292.39","3379.00","","","1.53","mGal","bouguer_anomaly"
"22121","-23.34767","-68.36633","-312.01","2304.00","","","0.46","mGal","bouguer_anomaly"
"21236","-22.78583","-68.36300","-291.63","3099.00","","","2.02","mGal","bouguer_anomaly"
"21901","-22.92033","-68.36217","-299.26","2436.00","","","1.74","mGal","bouguer_anomaly"
"44103","-22.59535","-68.35860","-291.42","3569.00","","","2.20","mGal","bouguer_anomaly"
"21237","-22.82450","-68.34833","-291.12","2812.00","","","1.96","mGal","bouguer_anomaly"
"21238","-22.82983","-68.34533","-294.25","2771.87","","","2.01","mGal","bouguer_anomaly"
"22120","-23.35017","-68.34233","-312.75","2301.30","","","0.51","mGal","bouguer_anomaly"
"21239","-22.84167","-68.33817","-301.79","2649.64","","","2.04","mGal","bouguer_anomaly"
"21240","-22.84983","-68.33600","-303.60","2600.00","","","2.00","mGal","bouguer_anomaly"
"21241","-22.87583","-68.32967","-310.02","2450.00","","","2.19","mGal","bouguer_anomaly"
"21242","-22.88417","-68.32733","-310.24","2429.14","","","2.11","mGal","bouguer_anomaly"
"44105","-22.65888","-68.32258","-301.96","3364.00","","","1.66","mGal","bouguer_anomaly"
"21243","-22.90550","-68.32183","-314.55","2408.00","","","1.91","mGal","bouguer_anomaly"
"21244","-22.93317","-68.30200","-322.94","2513.92","","","1.37","mGal","bouguer_anomaly"
"21245","-22.93800","-68.30200","-322.51","2532.00","","","1.41","mGal","bouguer_anomaly"
"44106","-22.66734","-68.29315","-307.60","3401.00","","","1.90","mGal","bouguer_anomaly"
"21246","-22.94283","-68.27283","-320.53","2444.73","","","1.49","mGal","bouguer_anomaly"
"44107","-22.68391","-68.26211","-324.70","3158.00","","","2.02","mGal","bouguer_anomaly"
"930652","-23.27655","-68.26090","-311.57","2303.00","","","0.31","mGal","bouguer_anomaly"
"930653","-23.29739","-68.25607","-313.92","2302.00","","","0.31","mGal","bouguer_anomaly"
"21247","-22.93967","-68.25483","-319.66","2405.00","","","1.74","mGal","bouguer_anomaly"
"930654","-23.31295","-68.25187","-315.74","2301.00","","","0.31","mGal","bouguer_anomaly"
"930651","-23.27913","-68.24187","-312.96","2303.00","","","0.34","mGal","bouguer_anomaly"
"21249","-22.94967","-68.23167","-319.44","2397.00","","","1.76","mGal","bouguer_anomaly"
"930650","-23.27983","-68.23160","-314.24","2305.00","","","0.36","mGal","bouguer_anomaly"
"21248","-22.93167","-68.23133","-320.23","2413.00","","","1.83","mGal","bouguer_anomaly"
"44108","-22.70779","-68.23034","-332.95","3050.00","","","2.70","mGal","bouguer_anomaly"
"21250","-22.93017","-68.22917","-321.23","2410.00","","","1.87","mGal","bouguer_anomaly"
"44109","-22.67011","-68.22821","-332.16","3114.00","","","3.17","mGal","bouguer_anomaly"
"930235","-22.38648","-68.22657","-298.55","3451.00","","","0.90","mGal","bouguer_anomaly"
"930649","-23.28028","-68.22290","-315.05","2301.00","","","0.38","mGal","bouguer_anomaly"
"44110","-22.68086","-68.21005","-339.67","3261.00","","","3.23","mGal","bouguer_anomaly"
"21251","-22.90667","-68.20967","-323.82","2447.66","","","2.19","mGal","bouguer_anomaly"
"21252","-22.90633","-68.20833","-323.08","2451.00","","","2.21","mGal","bouguer_anomaly"
"21253","-22.90683","-68.19983","-325.42","2437.91","","","2.34","mGal","bouguer_anomaly"
"930648","-23.28311","-68.19871","-317.26","2302.00","","","0.43","mGal","bouguer_anomaly"
"21401","-22.92700","-68.19700","-324.40","2412.00","","","2.22","mGal","bouguer_anomaly"
"930236","-22.40231","-68.19358","-320.93","3628.00","","","0.99","mGal","bouguer_anomaly"
"44111","-22.65420","-68.18898","-338.76","3208.00","","","4.90","mGal","bouguer_anomaly"
"21301","-22.86783","-68.17633","-326.40","2536.00","","","2.78","mGal","bouguer_anomaly"
"44113","-22.63850","-68.17526","-349.38","3658.00","","","5.76","mGal","bouguer_anomaly"
"930647","-23.28436","-68.17413","-319.37","2302.00","","","0.50","mGal","bouguer_anomaly"
"44201","-22.91036","-68.16875","-331.25","2427.00","","","2.78","mGal","bouguer_anomaly"
"21402","-22.96183","-68.16367","-328.38","2385.35","","","2.43","mGal","bouguer_anomaly"
"930237","-22.41706","-68.15850","-343.24","3966.00","","","1.17","mGal","bouguer_anomaly"
"44112","-22.64482","-68.15731","-335.42","3225.00","","","9.69","mGal","bouguer_anomaly"
"930238","-22.45355","-68.15293","-352.68","4012.00","","","1.19","mGal","bouguer_anomaly"
"930646","-23.28180","-68.15225","-320.21","2303.00","","","0.57","mGal","bouguer_anomaly"
"44114","-22.62779","-68.14856","-351.30","3895.00","","","7.22","mGal","bouguer_anomaly"
"21302","-22.83817","-68.14417","-335.69","2712.50","","","3.09","mGal","bouguer_anomaly"
"44115","-22.58957","-68.12934","-354.17","4096.00","","","5.31","mGal","bouguer_anomaly"
"930645","-23.28165","-68.12572","-320.89","2307.00","","","0.68","mGal","bouguer_anomaly"
"21403","-23.03917","-68.12167","-326.39","2352.00","","","2.66","mGal","bouguer_anomaly"
"44116","-22.53719","-68.11431","-356.29","4309.00","","","4.83","mGal","bouguer_anomaly"
"44202","-22.91556","-68.11216","-341.04","2498.00","","","3.59","mGal","bouguer_anomaly"
"930239","-22.46613","-68.11158","-366.59","4322.00","","","1.41","mGal","bouguer_anomaly"
"21404","-23.06967","-68.10433","-331.52","2341.40","","","2.86","mGal","bouguer_anomaly"
"930644","-23.28161","-68.10377","-320.60","2315.00","","","0.79","mGal","bouguer_anomaly"
"21303","-22.79517","-68.10100","-354.14","3039.00","","","3.92","mGal","bouguer_anomaly"
"44117","-22.50855","-68.09806","-364.02","4621.00","","","9.32","mGal","bouguer_anomaly"
"44118","-22.47162","-68.08391","-373.63","4512.00","","","5.23","mGal","bouguer_anomaly"
"930240","-22.46618","-68.08331","-374.33","4512.00","","","1.71","mGal","bouguer_anomaly"
"21405","-23.11133","-68.08183","-329.57","2343.00","","","3.15","mGal","bouguer_anomaly"
"22205","-23.33333","-68.08133","-315.55","2334.00","","","2.27","mGal","bouguer_anomaly"
"44204","-22.91834","-68.07655","-343.50","2526.00","","","4.72","mGal","bouguer_anomaly"
"22204","-23.28233","-68.07450","-317.27","2340.00","","","2.45","mGal","bouguer_anomaly"
"21304","-22.76100","-68.06850","-363.19","3199.00","","","4.84","mGal","bouguer_anomaly"
"22203","-23.24900","-68.06217","-317.33","2354.80","","","2.77","mGal","bouguer_anomaly"
"22202","-23.22850","-68.05833","-318.66","2355.00","","","2.94","mGal","bouguer_anomaly"
"21406","-23.13483","-68.05800","-326.82","2368.00","","","3.55","mGal","bouguer_anomaly"
"44203","-22.89515","-68.05097","-353.50","2736.00","","","4.94","mGal","bouguer_anomaly"
"21313","-22.45150","-68.03983","-387.52","4251.00","","","2.95","mGal","bouguer_anomaly"
"21305","-22.71317","-68.03450","-379.33","3686.00","","","4.86","mGal","bouguer_anomaly"
"21314","-22.41067","-68.03433","-394.53","4332.50","","","3.49","mGal","bouguer_anomaly"
"44123","-22.54312","-68.03191","-376.44","4256.00","","","3.08","mGal","bouguer_anomaly"
"22201","-23.22483","-68.03017","-315.91","2391.90","","","3.68","mGal","bouguer_anomaly"
"44205","-22.90605","-68.03013","-352.22","2788.00","","","5.65","mGal","bouguer_anomaly"
"21312","-22.48617","-68.02233","-386.75","4280.00","","","2.89","mGal","bouguer_anomaly"
"21311","-22.53033","-68.02000","-381.46","4232.00","","","2.82","mGal","bouguer_anomaly"
"21315","-22.37083","-68.01617","-403.26","4332.00","","","3.35","mGal","bouguer_anomaly"
"21310","-22.57533","-68.01217","-378.80","4315.00","","","3.27","mGal","bouguer_anomaly"
"21316","-22.36683","-68.01200","-406.02","4320.00","","","3.55","mGal","bouguer_anomaly"
"44211","-22.86980","-68.01060","-365.64","3029.00","","","6.61","mGal","bouguer_anomaly"
"21407","-23.18033","-68.00617","-319.40","2477.10","","","4.55","mGal","bouguer_anomaly"
"21501","-23.26733","-68.00433","-306.97","2440.10","","","4.12","mGal","bouguer_anomaly"
"21306","-22.70100","-67.99583","-390.03","3965.00","","","5.57","mGal","bouguer_anomaly"
"44206","-22.90051","-67.98308","-360.75","3141.00","","","6.04","mGal","bouguer_anomaly"
"44212","-22.85803","-67.97755","-373.03","3300.00","","","7.27","mGal","bouguer_anomaly"
"930639","-23.18944","-67.97568","-314.96","2676.00","","","1.88","mGal","bouguer_anomaly"
"21309","-22.60100","-67.97417","-386.86","4500.00","","","4.10","mGal","bouguer_anomaly"
"44119","-22.51793","-67.97404","-388.07","4371.00","","","3.09","mGal","bouguer_anomaly"
"21307","-22.67067","-67.96667","-391.31","4241.00","","","5.23","mGal","bouguer_anomaly"
"44122","-22.48968","-67.95043","-399.37","4418.00","","","3.54","mGal","bouguer_anomaly"
"44215","-22.82802","-67.94757","-379.64","3661.00","","","9.24","mGal","bouguer_anomaly"
"21308","-22.63267","-67.94217","-395.69","4289.00","","","6.90","mGal","bouguer_anomaly"
"930640","-23.19678","-67.93935","-322.24","2962.00","","","1.97","mGal","bouguer_anomaly"
"21502","-23.29400","-67.93733","-310.83","2918.60","","","4.87","mGal","bouguer_anomaly"
"44120","-22.55606","-67.93554","-395.60","4513.00","","","4.84","mGal","bouguer_anomaly"
"44207","-22.89294","-67.93049","-366.25","3497.00","","","5.96","mGal","bouguer_anomaly"
"44121","-22.51759","-67.92271","-401.52","4427.00","","","4.04","mGal","bouguer_anomaly"
"44214","-22.80343","-67.91755","-390.56","4105.00","","","8.40","mGal","bouguer_anomaly"
"930641","-23.20985","-67.90938","-328.55","3182.00","","","1.95","mGal","bouguer_anomaly"
"21503","-23.30850","-67.89167","-329.36","3227.50","","","4.94","mGal","bouguer_anomaly"
"44213","-22.79053","-67.87966","-393.69","4535.00","","","6.82","mGal","bouguer_anomaly"
"44208","-22.89437","-67.87589","-372.19","3940.00","","","5.30","mGal","bouguer_anomaly"
"930642","-23.22395","-67.87575","-335.55","3422.00","","","1.94","mGal","bouguer_anomaly"
"44209","-22.92669","-67.84832","-369.58","4277.00","","","5.44","mGal","bouguer_anomaly"
"21504","-23.31650","-67.84467","-360.38","3565.00","","","5.13","mGal","bouguer_anomaly"
"930643","-23.21948","-67.84097","-357.42","3712.00","","","1.92","mGal","bouguer_anomaly"
"44210","-22.93825","-67.82287","-371.09","4503.00","","","5.86","mGal","bouguer_anomaly"
"930299","-22.92365","-67.80978","-378.34","4597.00","","","1.92","mGal","bouguer_anomaly"
"930614","-22.96066","-67.79913","-396.21","4838.00","","","2.51","mGal","bouguer_anomaly"
"21505","-23.31950","-67.79433","-364.93","3843.10","","","5.67","mGal","bouguer_anomaly"
"930300","-22.91721","-67.77422","-388.59","4706.00","","","1.63","mGal","bouguer_anomaly"
"930616","-22.99067","-67.75885","-399.67","4998.00","","","2.29","mGal","bouguer_anomaly"
"930301","-22.90782","-67.75093","-404.21","4703.00","","","1.34","mGal","bouguer_anomaly"
"930620","-23.04242","-67.73150","-402.67","5012.00","","","2.15","mGal","bouguer_anomaly"
"930619","-23.03007","-67.72514","-399.46","4908.00","","","1.71","mGal","bouguer_anomaly"
"930617","-22.99749","-67.71236","-403.24","4862.00","","","1.40","mGal","bouguer_anomaly"
"930302","-22.91483","-67.70705","-399.22","4794.00","","","1.30","mGal","bouguer_anomaly"
"930621","-23.07315","-67.70682","-404.65","4765.00","","","1.37","mGal","bouguer_anomaly"
"930303","-22.95048","-67.67577","-404.31","4789.00","","","1.11","mGal","bouguer_anomaly"
"930622","-23.11531","-67.67550","-406.83","4646.00","","","1.09","mGal","bouguer_anomaly"
"930615","-22.95443","-67.67076","-409.12","5269.00","","","2.31","mGal","bouguer_anomaly"
"930625","-23.21209","-67.66919","-409.79","4808.00","","","1.43","mGal","bouguer_anomaly"
"930618","-22.99570","-67.66549","-414.52","4666.00","","","0.98","mGal","bouguer_anomaly"
"930623","-23.15015","-67.65477","-408.08","4713.00","","","1.08","mGal","bouguer_anomaly"
"930304","-22.97121","-67.64723","-409.47","4683.00","","","0.94","mGal","bouguer_anomaly"
"930624","-23.18463","-67.62620","-407.79","4686.00","","","0.98","mGal","bouguer_anomaly"
"930305","-23.00385","-67.61680","-415.69","4714.00","","","0.87","mGal","bouguer_anomaly"
"930306","-23.03788","-67.60995","-416.31","4667.00","","","0.85","mGal","bouguer_anomaly"
"930307","-23.07237","-67.60101","-413.43","4601.00","","","0.78","mGal","bouguer_anomaly"
"930634","-23.23783","-67.59642","-414.00","4568.00","","","0.91","mGal","bouguer_anomaly"
"930308","-23.09807","-67.55850","-417.41","4540.00","","","0.68","mGal","bouguer_anomaly"
"930633","-23.17785","-67.54277","-410.96","4526.00","","","0.65","mGal","bouguer_anomaly"
"930314","-22.98335","-67.53525","-428.73","4858.00","","","0.71","mGal","bouguer_anomaly"
"930635","-23.23064","-67.52448","-414.94","4496.00","","","0.61","mGal","bouguer_anomaly"
"930309","-23.13310","-67.51410","-411.34","4557.00","","","0.52","mGal","bouguer_anomaly"
"930311","-23.04708","-67.50267","-417.86","4607.00","","","0.54","mGal","bouguer_anomaly"
"930315","-22.99010","-67.50037","-431.59","4702.00","","","0.58","mGal","bouguer_anomaly"
"930310","-23.09394","-67.49413","-418.03","4731.00","","","0.62","mGal","bouguer_anomaly"
"930313","-23.02011","-67.49123","-424.92","4646.00","","","0.56","mGal","bouguer_anomaly"
"930636","-23.24799","-67.48295","-409.78","4566.00","","","0.54","mGal","bouguer_anomaly"
"930325","-23.08203","-67.46634","-411.20","4268.00","","","0.92","mGal","bouguer_anomaly"
"930324","-23.04640","-67.45908","-421.32","4443.00","","","0.52","mGal","bouguer_anomaly"
"930312","-23.08059","-67.45834","-412.86","4364.00","","","0.62","mGal","bouguer_anomaly"
"930316","-22.97603","-67.45635","-423.97","4600.00","","","0.40","mGal","bouguer_anomaly"
"930323","-22.98938","-67.45475","-424.04","4592.00","","","0.39","mGal","bouguer_anomaly"
"930637","-23.26733","-67.44193","-413.83","4728.00","","","0.61","mGal","bouguer_anomaly"
"930327","-23.13257","-67.42285","-421.61","4245.00","","","0.82","mGal","bouguer_anomaly"
"930317","-22.97335","-67.41887","-421.58","4519.00","","","0.34","mGal","bouguer_anomaly"
"930328","-23.16174","-67.39941","-416.02","4250.00","","","0.78","mGal","bouguer_anomaly"
"930638","-23.29075","-67.39825","-413.67","4623.00","","","0.59","mGal","bouguer_anomaly"
"930326","-23.07496","-67.37426","-413.27","4327.00","","","0.37","mGal","bouguer_anomaly"
"930329","-23.19161","-67.37325","-415.01","4272.00","","","0.66","mGal","bouguer_anomaly"
"930318","-22.96059","-67.37283","-417.02","4447.00","","","0.26","mGal","bouguer_anomaly"
"930320","-22.92110","-67.35965","-423.58","4478.00","","","0.23","mGal","bouguer_anomaly"
"930626","-23.03038","-67.34633","-416.57","4340.00","","","0.34","mGal","bouguer_anomaly"
"930342","-23.33470","-67.34245","-417.55","4278.00","","","0.38","mGal","bouguer_anomaly"
"930319","-22.95250","-67.33654","-418.29","4469.00","","","0.20","mGal","bouguer_anomaly"
"930349","-23.23038","-67.33100","-413.96","4234.00","","","0.40","mGal","bouguer_anomaly"
"930330","-23.19786","-67.32688","-415.83","4193.00","","","0.60","mGal","bouguer_anomaly"
"930348","-23.26915","-67.31792","-410.84","4211.00","","","0.36","mGal","bouguer_anomaly"
"930341","-23.30460","-67.31387","-407.91","4194.00","","","0.53","mGal","bouguer_anomaly"
"930627","-23.04628","-67.30540","-415.45","4348.00","","","0.23","mGal","bouguer_anomaly"
"930321","-22.97975","-67.30091","-412.56","4336.00","","","0.29","mGal","bouguer_anomaly"
"930331","-23.19196","-67.28235","-408.57","4211.00","","","0.42","mGal","bouguer_anomaly"
"930628","-23.07971","-67.27112","-405.35","4404.00","","","0.17","mGal","bouguer_anomaly"
"930339","-23.29059","-67.26462","-396.11","4209.00","","","0.30","mGal","bouguer_anomaly"
"930338","-23.25165","-67.26037","-404.64","4197.00","","","0.26","mGal","bouguer_anomaly"
"930322","-22.97766","-67.25410","-420.44","4353.00","","","0.17","mGal","bouguer_anomaly"
"930340","-23.29658","-67.25070","-400.95","4289.00","","","0.24","mGal","bouguer_anomaly"
"930337","-23.22043","-67.24202","-406.48","4176.00","","","0.27","mGal","bouguer_anomaly"
"930632","-23.14854","-67.24037","-401.66","4380.00","","","0.15","mGal","bouguer_anomaly"
"930332","-23.18508","-67.23869","-403.38","4274.00","","","0.18","mGal","bouguer_anomaly"
"930629","-23.08879","-67.22127","-401.39","4321.00","","","0.16","mGal","bouguer_anomaly"
"930631","-23.12573","-67.20905","-401.49","4360.00","","","0.13","mGal","bouguer_anomaly"
"930333","-23.18851","-67.19672","-407.60","4378.00","","","0.10","mGal","bouguer_anomaly"
"930334","-23.20627","-67.15258","-402.99","4368.00","","","0.11","mGal","bouguer_anomaly"
"930630","-23.09430","-67.14874","-405.31","4298.00","","","0.16","mGal","bouguer_anomaly"
"930335","-23.22090","-67.10789","-396.84","4309.00","","","0.15","mGal","bouguer_anomaly"
"930336","-23.21972","-67.07070","-388.83","4317.00","","","0.10","mGal","bouguer_anomaly"
"50616","-22.68783","-66.94567","-438.43","4521.00","","","2.01","mGal","bouguer_anomaly"
"50615","-22.65250","-66.91467","-440.59","4451.00","","","1.01","mGal","bouguer_anomaly"
"50614","-22.61667","-66.91383","-443.19","4447.00","","","1.09","mGal","bouguer_anomaly"
"50613","-22.57667","-66.89133","-440.50","4446.00","","","1.42","mGal","bouguer_anomaly"
"50612","-22.56050","-66.84783","-435.55","4455.00","","","1.89","mGal","bouguer_anomaly"
"50611","-22.53967","-66.80333","-438.56","4493.00","","","1.43","mGal","bouguer_anomaly"
"51007","-22.89233","-66.78050","-407.67","4321.00","","","1.84","mGal","bouguer_anomaly"
"50610","-22.53517","-66.76750","-437.53","4512.00","","","1.13","mGal","bouguer_anomaly"
"51006","-22.92667","-66.75667","-404.96","4233.00","","","2.86","mGal","bouguer_anomaly"
"51008","-22.86067","-66.75317","-411.44","4455.00","","","0.90","mGal","bouguer_anomaly"
"51001","-23.10883","-66.75000","-382.48","4065.00","","","0.79","mGal","bouguer_anomaly"
"51005","-22.96200","-66.73483","-402.94","4190.00","","","1.38","mGal","bouguer_anomaly"
"51002","-23.07467","-66.73217","-383.81","4084.00","","","0.91","mGal","bouguer_anomaly"
"51010","-23.14867","-66.72967","-376.95","4038.00","","","0.86","mGal","bouguer_anomaly"
"51003","-23.03400","-66.72617","-388.98","4117.00","","","0.80","mGal","bouguer_anomaly"
"51508","-23.31933","-66.71933","-382.68","3935.00","","","0.60","mGal","bouguer_anomaly"
"50609","-22.56233","-66.71800","-429.07","4483.00","","","1.54","mGal","bouguer_anomaly"
"51009","-22.84800","-66.71333","-412.66","4551.00","","","0.84","mGal","bouguer_anomaly"
"51004","-22.99450","-66.70850","-395.49","4152.00","","","0.82","mGal","bouguer_anomaly"
"50608","-22.59833","-66.69967","-422.36","4508.00","","","1.62","mGal","bouguer_anomaly"
"51011","-23.15433","-66.68383","-379.47","4015.00","","","0.96","mGal","bouguer_anomaly"
"51509","-23.27383","-66.68350","-393.39","3916.00","","","0.75","mGal","bouguer_anomaly"
"51507","-23.32783","-66.67783","-394.99","3909.00","","","0.58","mGal","bouguer_anomaly"
"51510","-23.23017","-66.66150","-393.05","3942.00","","","0.70","mGal","bouguer_anomaly"
"50607","-22.60467","-66.65400","-422.95","4624.00","","","1.38","mGal","bouguer_anomaly"
"51511","-23.18283","-66.64733","-395.49","3961.00","","","0.95","mGal","bouguer_anomaly"
"51506","-23.35083","-66.63833","-394.53","3902.00","","","0.52","mGal","bouguer_anomaly"
"50606","-22.61383","-66.63467","-416.72","4590.00","","","1.69","mGal","bouguer_anomaly"
"51512","-23.15017","-66.61183","-390.50","3972.00","","","1.60","mGal","bouguer_anomaly"
"51515","-23.18300","-66.60000","-388.89","3972.00","","","1.11","mGal","bouguer_anomaly"
"50605","-22.59933","-66.58433","-412.57","4531.00","","","1.50","mGal","bouguer_anomaly"
"50604","-22.54600","-66.57650","-406.27","4565.00","","","6.76","mGal","bouguer_anomaly"
"51513","-23.15400","-66.56250","-381.33","4099.00","","","0.98","mGal","bouguer_anomaly"
"51514","-23.20700","-66.55667","-378.71","4076.00","","","1.01","mGal","bouguer_anomaly"
"50603","-22.51000","-66.54550","-402.53","4293.00","","","5.39","mGal","bouguer_anomaly"
"51117","-23.13683","-66.53517","-378.93","4156.00","","","0.87","mGal","bouguer_anomaly"
"50602","-22.48200","-66.51750","-398.37","4010.00","","","3.79","mGal","bouguer_anomaly"
"51116","-23.09617","-66.51550","-387.02","4235.00","","","0.69","mGal","bouguer_anomaly"
"51516","-23.20167","-66.51133","-368.92","4233.00","","","0.73","mGal","bouguer_anomaly"
"51517","-23.25817","-66.50367","-362.91","4371.00","","","1.01","mGal","bouguer_anomaly"
"50723","-22.69183","-66.49583","-398.74","4100.02","","","6.13","mGal","bouguer_anomaly"
"51518","-23.29933","-66.48800","-357.58","4048.00","","","1.00","mGal","bouguer_anomaly"
"51115","-23.06200","-66.48417","-393.26","4091.00","","","1.73","mGal","bouguer_anomaly"
"50601","-22.47033","-66.47583","-394.74","3908.00","","","2.80","mGal","bouguer_anomaly"
"50724","-22.72450","-66.45733","-399.77","4104.00","","","3.12","mGal","bouguer_anomaly"
"50505","-22.38900","-66.44450","-385.58","3741.00","","","1.62","mGal","bouguer_anomaly"
"51114","-23.03867","-66.44317","-381.98","3945.00","","","3.34","mGal","bouguer_anomaly"
"50504","-22.43050","-66.44250","-388.57","3814.00","","","1.87","mGal","bouguer_anomaly"
"50725","-22.76517","-66.44133","-409.21","4039.00","","","3.55","mGal","bouguer_anomaly"
"51519","-23.32033","-66.43267","-352.33","3972.00","","","1.03","mGal","bouguer_anomaly"
"50722","-22.68183","-66.42883","-397.50","4065.00","","","3.28","mGal","bouguer_anomaly"
"50726","-22.79633","-66.41717","-407.83","4073.00","","","5.02","mGal","bouguer_anomaly"
"50721","-22.64117","-66.40050","-396.57","4012.00","","","2.12","mGal","bouguer_anomaly"
"51113","-23.03517","-66.40017","-381.51","3905.00","","","3.93","mGal","bouguer_anomaly"
"50503","-22.44767","-66.39750","-387.53","3816.00","","","2.01","mGal","bouguer_anomaly"
"51520","-23.34517","-66.39517","-345.76","3820.00","","","2.77","mGal","bouguer_anomaly"
"50727","-22.82717","-66.38983","-399.17","4198.00","","","3.46","mGal","bouguer_anomaly"
"50502","-22.45667","-66.37967","-392.58","3880.00","","","1.40","mGal","bouguer_anomaly"
"50720","-22.60583","-66.37733","-393.10","3886.00","","","2.84","mGal","bouguer_anomaly"
"51112","-22.99450","-66.36267","-377.74","3970.00","","","7.59","mGal","bouguer_anomaly"
"50728","-22.85967","-66.36083","-388.07","4358.00","","","1.38","mGal","bouguer_anomaly"
"50719","-22.56333","-66.35883","-390.30","3879.00","","","1.90","mGal","bouguer_anomaly"
"51111","-22.95650","-66.35200","-386.46","4179.00","","","4.97","mGal","bouguer_anomaly"
"50501","-22.47783","-66.34583","-392.43","3796.00","","","2.03","mGal","bouguer_anomaly"
"50718","-22.52800","-66.33650","-385.86","3888.00","","","1.61","mGal","bouguer_anomaly"
"50729","-22.89500","-66.33450","-385.06","4285.00","","","1.54","mGal","bouguer_anomaly"
"51110","-22.93300","-66.31700","-386.48","4148.00","","","3.15","mGal","bouguer_anomaly"
"50717","-22.52083","-66.29367","-369.91","4191.00","","","2.05","mGal","bouguer_anomaly"
"51109","-22.92483","-66.27333","-381.85","4105.00","","","2.09","mGal","bouguer_anomaly"
"50716","-22.50900","-66.24900","-368.55","4108.00","","","0.93","mGal","bouguer_anomaly"
"51108","-22.90617","-66.23533","-373.97","4124.00","","","3.94","mGal","bouguer_anomaly"
"51107","-22.87833","-66.20667","-374.80","4110.00","","","3.71","mGal","bouguer_anomaly"
"50715","-22.52800","-66.20433","-364.44","3843.00","","","0.88","mGal","bouguer_anomaly"
"51106","-22.85750","-66.18100","-369.44","3721.00","","","6.16","mGal","bouguer_anomaly"
"50714","-22.51800","-66.16733","-361.50","3805.00","","","0.89","mGal","bouguer_anomaly"
"51105","-22.84133","-66.13717","-360.69","3576.00","","","6.51","mGal","bouguer_anomaly"
"50713","-22.51900","-66.13333","-366.64","3745.00","","","0.75","mGal","bouguer_anomaly"
"50805","-22.68800","-66.10983","-349.91","3713.00","","","0.70","mGal","bouguer_anomaly"
"50712","-22.49633","-66.10133","-366.09","3693.00","","","0.63","mGal","bouguer_anomaly"
"50804","-22.66017","-66.09833","-358.17","3647.00","","","0.82","mGal","bouguer_anomaly"
"51104","-22.83683","-66.08950","-358.16","3541.00","","","4.74","mGal","bouguer_anomaly"
"51606","-23.27183","-66.08500","-325.94","3684.00","","","5.20","mGal","bouguer_anomaly"
"50801","-22.56300","-66.08400","-365.45","3648.00","","","0.60","mGal","bouguer_anomaly"
"51607","-23.22800","-66.07300","-327.10","3753.00","","","2.85","mGal","bouguer_anomaly"
"50102","-22.37450","-66.06867","-352.34","3669.00","","","0.76","mGal","bouguer_anomaly"
"50711","-22.46550","-66.06767","-362.63","3667.00","","","0.53","mGal","bouguer_anomaly"
"50802","-22.57833","-66.06667","-355.92","3644.00","","","0.50","mGal","bouguer_anomaly"
"50806","-22.70867","-66.06567","-341.83","3713.00","","","1.06","mGal","bouguer_anomaly"
"51608","-23.18600","-66.06517","-323.57","3633.00","","","4.26","mGal","bouguer_anomaly"
"50101","-22.41900","-66.06033","-362.83","3664.00","","","0.56","mGal","bouguer_anomaly"
"50803","-22.61600","-66.05717","-346.12","3675.00","","","0.41","mGal","bouguer_anomaly"
"51103","-22.82417","-66.04183","-355.99","3493.00","","","1.73","mGal","bouguer_anomaly"
"51609","-23.14950","-66.03750","-323.33","3496.00","","","7.68","mGal","bouguer_anomaly"
"50710","-22.45900","-66.02217","-356.33","3657.00","","","0.37","mGal","bouguer_anomaly"
"50807","-22.71133","-66.01300","-335.76","3630.00","","","1.47","mGal","bouguer_anomaly"
"51610","-23.12217","-66.00200","-326.43","3467.00","","","3.47","mGal","bouguer_anomaly"
"51102","-22.81783","-65.99517","-353.11","3476.00","","","1.09","mGal","bouguer_anomaly"
"51611","-23.09650","-65.98433","-322.48","3433.00","","","4.09","mGal","bouguer_anomaly"
"50709","-22.47550","-65.97967","-356.15","3661.00","","","0.32","mGal","bouguer_anomaly"
"51612","-23.02900","-65.97833","-320.78","3434.00","","","2.73","mGal","bouguer_anomaly"
"51210","-22.97967","-65.97167","-318.22","3424.00","","","2.22","mGal","bouguer_anomaly"
"51209","-22.99100","-65.96500","-325.05","3443.00","","","2.06","mGal","bouguer_anomaly"
"50808","-22.71950","-65.95283","-351.94","3553.00","","","0.65","mGal","bouguer_anomaly"
"50130","-22.42900","-65.95133","-358.41","3676.00","","","0.31","mGal","bouguer_anomaly"
"51101","-22.83133","-65.94850","-333.77","3470.00","","","0.77","mGal","bouguer_anomaly"
"50129","-22.38400","-65.94350","-356.82","3681.00","","","0.28","mGal","bouguer_anomaly"
"51206","-22.87467","-65.93483","-324.72","3449.00","","","0.86","mGal","bouguer_anomaly"
"50708","-22.48817","-65.93217","-348.48","3725.00","","","0.36","mGal","bouguer_anomaly"
"51208","-22.96033","-65.93183","-318.58","3453.00","","","1.17","mGal","bouguer_anomaly"
"51207","-22.91700","-65.92600","-319.53","3438.00","","","0.99","mGal","bouguer_anomaly"
"51205","-22.84583","-65.90467","-323.48","3457.00","","","0.58","mGal","bouguer_anomaly"
"50809","-22.74300","-65.89683","-317.11","3628.00","","","0.44","mGal","bouguer_anomaly"
"50707","-22.50900","-65.88817","-330.11","3808.00","","","0.35","mGal","bouguer_anomaly"
"50706","-22.54517","-65.86667","-314.25","3874.00","","","0.88","mGal","bouguer_anomaly"
"50810","-22.73767","-65.86583","-312.05","3569.00","","","0.45","mGal","bouguer_anomaly"
"51204","-22.82050","-65.86483","-315.07","3454.00","","","0.46","mGal","bouguer_anomaly"
"50705","-22.58650","-65.86483","-322.11","3765.00","","","1.00","mGal","bouguer_anomaly"
"50704","-22.61083","-65.82783","-314.86","3658.00","","","0.57","mGal","bouguer_anomaly"
"50811","-22.74217","-65.82400","-302.32","3544.00","","","0.36","mGal","bouguer_anomaly"
"51722","-23.07667","-65.82217","-314.37","3514.00","","","1.09","mGal","bouguer_anomaly"
"51723","-23.02717","-65.82217","-308.96","3527.00","","","0.88","mGal","bouguer_anomaly"
"51203","-22.79983","-65.82200","-310.38","3454.00","","","0.42","mGal","bouguer_anomaly"
"51721","-23.11967","-65.81983","-317.97","3527.00","","","1.22","mGal","bouguer_anomaly"
"51724","-22.98550","-65.81617","-308.26","3507.00","","","0.82","mGal","bouguer_anomaly"
"51720","-23.16483","-65.80733","-320.97","3500.00","","","1.72","mGal","bouguer_anomaly"
"50703","-22.64333","-65.80650","-310.40","3588.00","","","0.43","mGal","bouguer_anomaly"
"51725","-22.94133","-65.80450","-305.20","3500.00","","","0.69","mGal","bouguer_anomaly"
"52433","-23.27200","-66.08383","-320.33","3599.00","","","4.53","mGal","bouguer_anomaly"
"52432","-23.34767","-66.08183","-325.30","3567.00","","","2.98","mGal","bouguer_anomaly"
"51719","-23.21450","-65.79267","-317.87","3442.00","","","2.03","mGal","bouguer_anomaly"
"51718","-23.25733","-65.78517","-320.87","3430.00","","","2.29","mGal","bouguer_anomaly"
"51202","-22.77100","-65.78500","-306.54","3468.00","","","0.36","mGal","bouguer_anomaly"
"50812","-22.72233","-65.78017","-303.46","3509.00","","","0.36","mGal","bouguer_anomaly"
"51717","-23.30017","-65.77783","-322.48","3443.00","","","2.13","mGal","bouguer_anomaly"
"51726","-22.90617","-65.77717","-319.49","3488.00","","","0.61","mGal","bouguer_anomaly"
"50134","-22.37450","-65.77183","-294.59","3619.00","","","0.44","mGal","bouguer_anomaly"
"50702","-22.67317","-65.77050","-308.63","3533.00","","","0.44","mGal","bouguer_anomaly"
"51727","-22.86467","-65.75683","-311.32","3496.00","","","0.51","mGal","bouguer_anomaly"
"51201","-22.74383","-65.74900","-297.85","3478.00","","","0.36","mGal","bouguer_anomaly"
"51728","-22.82333","-65.73733","-297.55","3519.00","","","0.41","mGal","bouguer_anomaly"
"50135","-22.39083","-65.73267","-294.20","3555.00","","","0.59","mGal","bouguer_anomaly"
"50701","-22.69517","-65.72867","-298.44","3495.00","","","0.36","mGal","bouguer_anomaly"
"50908","-22.48833","-65.70900","-297.99","3501.00","","","0.44","mGal","bouguer_anomaly"
"50909","-22.45417","-65.70450","-296.67","3504.60","","","0.44","mGal","bouguer_anomaly"
"50904","-22.66350","-65.70350","-297.34","3485.00","","","0.38","mGal","bouguer_anomaly"
"50136","-22.42717","-65.69967","-296.83","3515.00","","","0.46","mGal","bouguer_anomaly"
"51729","-22.79617","-65.69933","-292.33","3520.00","","","0.40","mGal","bouguer_anomaly"
"51730","-22.75750","-65.69850","-293.26","3500.00","","","0.37","mGal","bouguer_anomaly"
"50905","-22.61950","-65.69733","-294.57","3490.00","","","0.40","mGal","bouguer_anomaly"
"51731","-22.72400","-65.69550","-295.77","3483.85","","","0.38","mGal","bouguer_anomaly"
"50907","-22.53883","-65.69400","-293.38","3493.90","","","0.44","mGal","bouguer_anomaly"
"50906","-22.57167","-65.69333","-293.65","3496.30","","","0.42","mGal","bouguer_anomaly"
"50137","-22.37183","-65.69050","-295.52","3520.09","","","0.45","mGal","bouguer_anomaly"
"51309","-23.18433","-65.68350","-313.37","3892.00","","","1.56","mGal","bouguer_anomaly"
"50903","-22.83767","-65.68183","-296.19","3567.00","","","0.48","mGal","bouguer_anomaly"
"51308","-23.16083","-65.65317","-315.52","3817.00","","","2.50","mGal","bouguer_anomaly"
"50309","-22.42450","-65.65100","-287.36","3511.00","","","0.47","mGal","bouguer_anomaly"
"50902","-22.87100","-65.65083","-314.14","3629.00","","","0.67","mGal","bouguer_anomaly"
"51307","-23.14083","-65.61900","-319.20","3774.00","","","2.67","mGal","bouguer_anomaly"
"50901","-22.89717","-65.61483","-313.12","3734.00","","","0.83","mGal","bouguer_anomaly"
"50308","-22.44717","-65.60667","-285.28","3535.00","","","0.61","mGal","bouguer_anomaly"
"51305","-23.07400","-65.60567","-321.96","3877.00","","","1.57","mGal","bouguer_anomaly"
"51303","-23.00167","-65.60283","-317.32","3900.00","","","1.89","mGal","bouguer_anomaly"
"51304","-23.03783","-65.60183","-319.50","3903.00","","","1.90","mGal","bouguer_anomaly"
"51306","-23.10833","-65.60150","-320.89","3788.00","","","2.25","mGal","bouguer_anomaly"
"51302","-23.00000","-65.60117","-314.95","3801.00","","","3.40","mGal","bouguer_anomaly"
"51847","-22.92067","-65.58950","-307.51","3690.47","","","1.43","mGal","bouguer_anomaly"
"51301","-22.96033","-65.58650","-312.06","3710.00","","","1.22","mGal","bouguer_anomaly"
"50307","-22.41633","-65.57433","-281.94","3573.00","","","0.65","mGal","bouguer_anomaly"
"50306","-22.37267","-65.56450","-280.18","3610.00","","","0.58","mGal","bouguer_anomaly"
"51846","-22.91167","-65.56033","-301.47","3671.00","","","1.87","mGal","bouguer_anomaly"
"50403","-22.36900","-65.51667","-294.85","3651.00","","","0.75","mGal","bouguer_anomaly"
"51845","-22.94683","-65.50883","-300.68","3635.00","","","2.03","mGal","bouguer_anomaly"
"51844","-22.96733","-65.48350","-294.37","3590.00","","","2.00","mGal","bouguer_anomaly"
"50404","-22.38300","-65.47917","-297.52","3692.00","","","1.03","mGal","bouguer_anomaly"
"51843","-22.97350","-65.44417","-283.22","3555.00","","","5.20","mGal","bouguer_anomaly"
"50405","-22.38667","-65.43100","-286.80","3741.00","","","1.48","mGal","bouguer_anomaly"
"51848","-22.98350","-65.40583","-278.58","3767.00","","","2.49","mGal","bouguer_anomaly"
"50406","-22.38400","-65.38233","-279.23","3803.00","","","2.08","mGal","bouguer_anomaly"
"51834","-23.07483","-65.37767","-273.07","3302.00","","","3.45","mGal","bouguer_anomaly"
"51835","-23.02800","-65.36900","-275.64","3392.00","","","3.09","mGal","bouguer_anomaly"
"51832","-23.17033","-65.36083","-261.85","3028.00","","","3.56","mGal","bouguer_anomaly"
"51833","-23.12933","-65.35833","-264.00","3071.00","","","4.34","mGal","bouguer_anomaly"
"51830","-23.24667","-65.35300","-262.94","2895.00","","","4.30","mGal","bouguer_anomaly"
"51831","-23.20367","-65.34567","-262.17","2938.35","","","4.10","mGal","bouguer_anomaly"
"51829","-23.30083","-65.34317","-268.56","2818.00","","","5.77","mGal","bouguer_anomaly"
"51836","-22.98017","-65.34033","-269.43","3343.00","","","2.86","mGal","bouguer_anomaly"
"51828","-23.34183","-65.33850","-262.10","2772.00","","","6.91","mGal","bouguer_anomaly"
"50407","-22.39300","-65.33750","-272.42","3886.00","","","2.99","mGal","bouguer_anomaly"
"64906","-22.35783","-65.33017","-272.54","3912.00","","","2.74","mGal","bouguer_anomaly"
"51837","-22.93200","-65.29933","-259.76","3505.00","","","2.38","mGal","bouguer_anomaly"
"51849","-23.19000","-65.29900","-265.09","3138.00","","","2.80","mGal","bouguer_anomaly"
"64907","-22.36683","-65.29817","-266.79","4160.00","","","5.20","mGal","bouguer_anomaly"
"64908","-22.39667","-65.27983","-264.30","4477.00","","","6.70","mGal","bouguer_anomaly"
"51838","-22.90050","-65.27900","-256.46","3659.00","","","4.30","mGal","bouguer_anomaly"
"51839","-22.88083","-65.26267","-252.05","3956.00","","","7.89","mGal","bouguer_anomaly"
"51850","-23.19000","-65.25483","-248.98","3312.00","","","3.02","mGal","bouguer_anomaly"
"64909","-22.41933","-65.25067","-257.94","4065.00","","","7.78","mGal","bouguer_anomaly"
"51840","-22.85567","-65.22367","-253.48","3239.00","","","11.90","mGal","bouguer_anomaly"
"51841","-22.81683","-65.21783","-254.68","2965.00","","","16.55","mGal","bouguer_anomaly"
"64910","-22.40300","-65.21383","-254.87","4215.00","","","6.47","mGal","bouguer_anomaly"
"51842","-22.79417","-65.21200","-249.37","2735.00","","","19.98","mGal","bouguer_anomaly"
"51851","-23.18550","-65.20583","-239.44","3680.00","","","4.25","mGal","bouguer_anomaly"
"65002","-23.11350","-65.18133","-225.22","3980.00","","","4.82","mGal","bouguer_anomaly"
"51852","-23.18783","-65.16917","-227.66","4240.00","","","9.48","mGal","bouguer_anomaly"
"64911","-22.41667","-65.15600","-245.86","4593.00","","","14.96","mGal","bouguer_anomaly"
"65001","-23.15883","-65.15200","-225.68","4206.00","","","7.56","mGal","bouguer_anomaly"
"64914","-22.45017","-65.15167","-237.67","4521.00","","","16.64","mGal","bouguer_anomaly"
"65003","-23.10433","-65.13733","-223.05","3799.00","","","4.57","mGal","bouguer_anomaly"
"64915","-22.48733","-65.12167","-239.42","4207.00","","","19.41","mGal","bouguer_anomaly"
"64916","-22.51817","-65.11200","-241.38","2989.00","","","16.34","mGal","bouguer_anomaly"
"64912","-22.40400","-65.09683","-238.52","3922.00","","","8.95","mGal","bouguer_anomaly"
"65004","-23.11900","-65.09317","-222.09","3634.00","","","5.12","mGal","bouguer_anomaly"
"65005","-23.17017","-65.08333","-221.13","3654.00","","","5.31","mGal","bouguer_anomaly"
"64913","-22.39133","-65.06883","-236.68","3984.00","","","12.81","mGal","bouguer_anomaly"
"65006","-23.16800","-65.04900","-211.59","4142.00","","","8.61","mGal","bouguer_anomaly"
"65008","-23.16333","-65.01967","-205.95","4482.00","","","14.28","mGal","bouguer_anomaly"
"65007","-23.14533","-65.01467","-206.23","4452.00","","","14.70","mGal","bouguer_anomaly"
"51410","-22.95450","-64.38633","-168.63","344.00","","","1.62","mGal","bouguer_anomaly"
"51409","-23.00000","-64.38633","-166.73","340.00","","","1.62","mGal","bouguer_anomaly"
"51411","-22.91367","-64.37883","-172.08","359.00","","","1.40","mGal","bouguer_anomaly"
"51412","-22.86817","-64.36900","-171.65","362.00","","","1.23","mGal","bouguer_anomaly"
"51413","-22.82500","-64.36150","-171.58","388.00","","","1.10","mGal","bouguer_anomaly"
"51415","-22.74550","-64.35900","-161.66","434.00","","","0.99","mGal","bouguer_anomaly"
"51414","-22.78183","-64.35650","-165.91","396.00","","","1.06","mGal","bouguer_anomaly"
"51408","-23.04317","-64.34850","-159.20","343.00","","","1.17","mGal","bouguer_anomaly"
"51407","-23.08283","-64.32800","-149.45","351.00","","","0.97","mGal","bouguer_anomaly"
"51405","-23.13500","-64.32700","-140.78","359.00","","","0.93","mGal","bouguer_anomaly"
"51406","-23.14483","-64.32500","-135.85","357.00","","","0.92","mGal","bouguer_anomaly"
"51404","-23.17100","-64.31800","-131.13","351.00","","","0.88","mGal","bouguer_anomaly"
"51403","-23.29567","-64.29250","-127.57","332.00","","","0.78","mGal","bouguer_anomaly"
"51402","-23.24567","-64.26000","-113.98","312.00","","","0.57","mGal","bouguer_anomaly"
"51401","-23.27900","-64.22650","-106.61","302.00","","","0.45","mGal","bouguer_anomaly"
"52024","-23.32217","-64.22267","-106.81","304.20","","","0.43","mGal","bouguer_anomaly"
"52101","-23.34733","-64.18333","-99.09","300.00","","","0.32","mGal","bouguer_anomaly"
"20816","-22.34967","-70.25167","71.36","3.00","","","8.71","mGal","bouguer_anomaly"
"20817","-22.27883","-70.24017","65.91","1.00","","","13.27","mGal","bouguer_anomaly"
"20818","-22.22333","-70.22850","68.15","25.00","","","14.84","mGal","bouguer_anomaly"
"20820","-22.16567","-70.22217","66.22","66.00","","","10.82","mGal","bouguer_anomaly"
"20819","-22.19367","-70.22017","70.09","59.00","","","12.70","mGal","bouguer_anomaly"
"20821","-22.10700","-70.21250","64.79","3.70","","","8.50","mGal","bouguer_anomaly"
"20102","-22.01700","-70.19267","54.47","98.50","","","12.27","mGal","bouguer_anomaly"
"20101","-22.05383","-70.18517","62.17","65.50","","","14.61","mGal","bouguer_anomaly"
"20103","-21.97033","-70.17833","53.19","49.00","","","17.04","mGal","bouguer_anomaly"
"20601","-22.08017","-70.17683","55.41","139.00","","","11.48","mGal","bouguer_anomaly"
"20105","-21.89267","-70.16683","48.14","21.00","","","13.20","mGal","bouguer_anomaly"
"20104","-21.92767","-70.16533","51.90","27.50","","","24.13","mGal","bouguer_anomaly"
"930023","-22.24892","-70.16241","48.62","1413.00","","","2.47","mGal","bouguer_anomaly"
"930024","-22.29035","-70.15790","46.12","1498.00","","","2.43","mGal","bouguer_anomaly"
"20108","-21.77117","-70.14800","35.69","18.00","","","10.25","mGal","bouguer_anomaly"
"20110","-21.68350","-70.14700","28.34","21.00","","","8.04","mGal","bouguer_anomaly"
"20106","-21.85433","-70.14533","47.13","11.00","","","18.03","mGal","bouguer_anomaly"
"20109","-21.72817","-70.14400","32.81","22.00","","","10.76","mGal","bouguer_anomaly"
"20107","-21.81217","-70.14317","45.31","18.00","","","13.57","mGal","bouguer_anomaly"
"20111","-21.64000","-70.14183","34.92","22.50","","","9.07","mGal","bouguer_anomaly"
"20602","-22.09150","-70.13917","54.74","565.00","","","8.86","mGal","bouguer_anomaly"
"930022","-22.22636","-70.13049","43.44","1395.00","","","1.67","mGal","bouguer_anomaly"
"930025","-22.30568","-70.12850","40.37","1448.00","","","1.53","mGal","bouguer_anomaly"
"930026","-22.33811","-70.10878","36.98","1331.00","","","1.10","mGal","bouguer_anomaly"
"20112","-21.61317","-70.10617","23.88","27.50","","","12.74","mGal","bouguer_anomaly"
"930021","-22.20159","-70.09217","42.16","1248.00","","","1.00","mGal","bouguer_anomaly"
"20603","-22.11283","-70.09200","49.48","887.50","","","4.58","mGal","bouguer_anomaly"
"20115","-21.49167","-70.09000","-0.80","39.50","","","4.23","mGal","bouguer_anomaly"
"20113","-21.57150","-70.08983","14.27","61.50","","","13.78","mGal","bouguer_anomaly"
"20116","-21.44833","-70.07333","-9.37","38.00","","","3.80","mGal","bouguer_anomaly"
"43102","-21.38143","-70.06973","2.21","25.00","","","4.83","mGal","bouguer_anomaly"
"20114","-21.53250","-70.06917","3.08","15.00","","","17.89","mGal","bouguer_anomaly"
"930020","-22.16603","-70.06725","36.27","1115.00","","","0.88","mGal","bouguer_anomaly"
"20604","-22.13867","-70.05017","31.41","1063.00","","","2.73","mGal","bouguer_anomaly"
"43101","-21.42158","-70.04937","-3.42","12.00","","","6.28","mGal","bouguer_anomaly"
"20605","-22.18150","-70.02450","17.14","1285.50","","","2.11","mGal","bouguer_anomaly"
"43810","-22.15186","-69.98915","17.76","1308.00","","","1.79","mGal","bouguer_anomaly"
"20606","-22.19883","-69.98550","7.88","1337.50","","","1.61","mGal","bouguer_anomaly"
"43809","-22.14262","-69.94798","-2.14","1376.00","","","1.50","mGal","bouguer_anomaly"
"20607","-22.21850","-69.94100","-9.39","1371.50","","","1.43","mGal","bouguer_anomaly"
"43808","-22.12651","-69.90579","-18.38","1444.00","","","1.38","mGal","bouguer_anomaly"
"20608","-22.23867","-69.89817","-19.42","1393.00","","","1.25","mGal","bouguer_anomaly"
"930582","-21.38881","-69.87592","-30.01","892.00","","","0.34","mGal","bouguer_anomaly"
"930581","-21.35370","-69.87563","-31.47","898.00","","","0.31","mGal","bouguer_anomaly"
"930019","-22.35237","-69.86770","-26.13","1534.00","","","0.47","mGal","bouguer_anomaly"
"43807","-22.10757","-69.86651","-35.32","1481.00","","","1.30","mGal","bouguer_anomaly"
"930017","-22.28576","-69.86414","-24.33","1366.00","","","0.41","mGal","bouguer_anomaly"
"930018","-22.32423","-69.86352","-25.66","1463.00","","","0.41","mGal","bouguer_anomaly"
"20609","-22.25933","-69.85333","-27.44","1417.00","","","0.98","mGal","bouguer_anomaly"
"930583","-21.41718","-69.84523","-34.82","885.00","","","0.29","mGal","bouguer_anomaly"
"43806","-22.07202","-69.82500","-43.29","1437.00","","","1.22","mGal","bouguer_anomaly"
"20610","-22.27033","-69.80567","-34.80","1369.00","","","0.85","mGal","bouguer_anomaly"
"43805","-22.04129","-69.79033","-45.43","1386.00","","","1.17","mGal","bouguer_anomaly"
"20611","-22.27683","-69.75683","-44.81","1298.50","","","0.83","mGal","bouguer_anomaly"
"43804","-22.02179","-69.74972","-56.35","1309.00","","","1.16","mGal","bouguer_anomaly"
"43803","-22.00381","-69.70933","-62.34","1220.00","","","1.21","mGal","bouguer_anomaly"
"20612","-22.28083","-69.70850","-52.48","1239.00","","","0.68","mGal","bouguer_anomaly"
"43802","-21.97861","-69.66533","-68.49","1131.00","","","1.03","mGal","bouguer_anomaly"
"20613","-22.28000","-69.65900","-68.50","1203.00","","","0.56","mGal","bouguer_anomaly"
"43801","-21.95833","-69.63105","-72.63","1080.00","","","0.89","mGal","bouguer_anomaly"
"20307","-22.04717","-69.60767","-82.50","1082.72","","","0.74","mGal","bouguer_anomaly"
"21017","-22.27733","-69.60667","-86.54","1185.40","","","0.47","mGal","bouguer_anomaly"
"20308","-22.03233","-69.60633","-79.94","1076.44","","","0.74","mGal","bouguer_anomaly"
"20309","-22.00250","-69.60417","-77.86","1067.54","","","0.76","mGal","bouguer_anomaly"
"20310","-21.98800","-69.60333","-77.15","1063.13","","","0.78","mGal","bouguer_anomaly"
"20301","-22.25417","-69.60333","-86.86","1175.45","","","0.49","mGal","bouguer_anomaly"
"20306","-22.06017","-69.59983","-84.88","1087.71","","","0.73","mGal","bouguer_anomaly"
"20302","-22.20517","-69.59467","-88.49","1157.00","","","0.57","mGal","bouguer_anomaly"
"930563","-21.95738","-69.58614","-84.97","1026.00","","","0.32","mGal","bouguer_anomaly"
"20305","-22.10283","-69.58367","-90.48","1105.01","","","0.67","mGal","bouguer_anomaly"
"930016","-22.35207","-69.58123","-90.25","1225.00","","","0.16","mGal","bouguer_anomaly"
"20304","-22.11733","-69.57683","-93.60","1112.90","","","0.66","mGal","bouguer_anomaly"
"20303","-22.14633","-69.57417","-95.34","1126.60","","","0.65","mGal","bouguer_anomaly"
"20312","-21.92183","-69.56700","-91.56","1031.86","","","0.80","mGal","bouguer_anomaly"
"20311","-21.93700","-69.56700","-91.42","1035.50","","","0.79","mGal","bouguer_anomaly"
"43811","-21.96419","-69.55834","-98.01","1048.00","","","0.77","mGal","bouguer_anomaly"
"20313","-21.89467","-69.55750","-96.71","1031.61","","","0.84","mGal","bouguer_anomaly"
"20614","-22.27483","-69.55383","-107.04","1182.00","","","0.49","mGal","bouguer_anomaly"
"20314","-21.86667","-69.55317","-100.13","1036.71","","","0.86","mGal","bouguer_anomaly"
"930442","-21.57245","-69.53717","-130.06","910.00","","","0.35","mGal","bouguer_anomaly"
"20315","-21.84233","-69.53650","-107.49","1021.79","","","0.91","mGal","bouguer_anomaly"
"930564","-21.95160","-69.53600","-109.96","1038.00","","","0.32","mGal","bouguer_anomaly"
"20322","-21.65617","-69.53250","-124.91","816.50","","","1.37","mGal","bouguer_anomaly"
"930403","-21.66513","-69.52741","-126.38","834.00","","","0.52","mGal","bouguer_anomaly"
"20321","-21.71383","-69.52450","-124.86","947.50","","","1.07","mGal","bouguer_anomaly"
"20316","-21.81800","-69.52150","-111.43","1014.30","","","0.95","mGal","bouguer_anomaly"
"930441","-21.57122","-69.52139","-134.42","925.00","","","0.36","mGal","bouguer_anomaly"
"20318","-21.79117","-69.51933","-112.93","1006.96","","","1.01","mGal","bouguer_anomaly"
"20317","-21.80517","-69.51867","-112.57","1006.29","","","0.99","mGal","bouguer_anomaly"
"20319","-21.77817","-69.51600","-114.11","997.76","","","1.04","mGal","bouguer_anomaly"
"930404","-21.67677","-69.51357","-130.84","887.00","","","0.47","mGal","bouguer_anomaly"
"20320","-21.76433","-69.51167","-119.15","997.03","","","1.04","mGal","bouguer_anomaly"
"20615","-22.27183","-69.50450","-122.27","1205.50","","","0.61","mGal","bouguer_anomaly"
"43812","-21.95362","-69.50339","-121.85","1051.00","","","0.93","mGal","bouguer_anomaly"
"930405","-21.68910","-69.50155","-134.36","919.00","","","0.45","mGal","bouguer_anomaly"
"930440","-21.56909","-69.50148","-144.69","936.00","","","0.39","mGal","bouguer_anomaly"
"930565","-21.92429","-69.50079","-122.31","1033.00","","","0.37","mGal","bouguer_anomaly"
"20216","-21.55000","-69.50000","-134.43","914.00","","","1.06","mGal","bouguer_anomaly"
"20214","-21.45000","-69.50000","-136.54","844.50","","","1.20","mGal","bouguer_anomaly"
"20217","-21.60000","-69.50000","-127.56","921.00","","","1.10","mGal","bouguer_anomaly"
"20215","-21.50000","-69.50000","-135.42","881.00","","","1.11","mGal","bouguer_anomaly"
"20213","-21.39933","-69.49883","-139.87","815.00","","","1.28","mGal","bouguer_anomaly"
"20212","-21.35450","-69.49717","-135.66","813.50","","","1.33","mGal","bouguer_anomaly"
"930406","-21.69635","-69.49194","-137.96","969.00","","","0.42","mGal","bouguer_anomaly"
"930599","-21.95280","-69.48797","-120.37","1071.00","","","0.37","mGal","bouguer_anomaly"
"930439","-21.56233","-69.48372","-152.06","942.00","","","0.42","mGal","bouguer_anomaly"
"930407","-21.70060","-69.47193","-143.50","990.00","","","0.45","mGal","bouguer_anomaly"
"930438","-21.55355","-69.46633","-159.37","952.00","","","0.45","mGal","bouguer_anomaly"
"930613","-22.23811","-69.46613","-121.34","1243.00","","","0.30","mGal","bouguer_anomaly"
"930566","-21.89558","-69.46432","-132.50","1029.00","","","0.46","mGal","bouguer_anomaly"
"930445","-21.35965","-69.46214","-152.42","849.00","","","0.57","mGal","bouguer_anomaly"
"43813","-21.95502","-69.45633","-140.99","1070.00","","","1.16","mGal","bouguer_anomaly"
"20616","-22.27200","-69.45517","-132.57","1268.00","","","0.73","mGal","bouguer_anomaly"
"930408","-21.70193","-69.45440","-147.36","1016.00","","","0.48","mGal","bouguer_anomaly"
"930612","-22.21336","-69.45311","-120.16","1213.00","","","0.35","mGal","bouguer_anomaly"
"930437","-21.55225","-69.45010","-165.40","959.00","","","0.50","mGal","bouguer_anomaly"
"930600","-21.95480","-69.44840","-141.59","1085.00","","","0.46","mGal","bouguer_anomaly"
"930436","-21.56162","-69.43537","-169.00","986.00","","","0.53","mGal","bouguer_anomaly"
"930409","-21.70578","-69.43532","-150.20","1053.00","","","0.53","mGal","bouguer_anomaly"
"930567","-21.88148","-69.42516","-145.56","1049.00","","","0.57","mGal","bouguer_anomaly"
"930611","-22.18310","-69.41882","-134.63","1211.00","","","0.52","mGal","bouguer_anomaly"
"930435","-21.57013","-69.41770","-173.58","1013.00","","","0.57","mGal","bouguer_anomaly"
"43814","-21.95423","-69.41624","-154.51","1110.00","","","1.48","mGal","bouguer_anomaly"
"930410","-21.70513","-69.41621","-157.71","1089.00","","","0.56","mGal","bouguer_anomaly"
"930571","-21.75776","-69.41520","-160.00","1053.00","","","0.60","mGal","bouguer_anomaly"
"930443","-21.55052","-69.40622","-179.10","1022.00","","","0.60","mGal","bouguer_anomaly"
"930434","-21.58195","-69.40553","-176.63","1035.00","","","0.60","mGal","bouguer_anomaly"
"20617","-22.26917","-69.40450","-142.03","1377.50","","","0.88","mGal","bouguer_anomaly"
"930601","-21.95903","-69.40250","-147.64","1182.00","","","0.58","mGal","bouguer_anomaly"
"930411","-21.70330","-69.39910","-164.94","1121.00","","","0.61","mGal","bouguer_anomaly"
"930433","-21.59408","-69.39130","-180.69","1061.00","","","0.64","mGal","bouguer_anomaly"
"930444","-21.51233","-69.39129","-176.96","1018.00","","","0.65","mGal","bouguer_anomaly"
"930568","-21.86225","-69.38603","-166.58","1080.00","","","0.74","mGal","bouguer_anomaly"
"930570","-21.78959","-69.38512","-170.47","1094.00","","","0.71","mGal","bouguer_anomaly"
"930610","-22.15761","-69.38235","-153.69","1233.00","","","0.60","mGal","bouguer_anomaly"
"930412","-21.70186","-69.38116","-171.02","1162.00","","","0.67","mGal","bouguer_anomaly"
"930432","-21.60143","-69.37485","-183.43","1090.00","","","0.70","mGal","bouguer_anomaly"
"930569","-21.82785","-69.37247","-173.91","1092.00","","","0.81","mGal","bouguer_anomaly"
"43815","-21.96065","-69.37219","-167.80","1192.00","","","1.96","mGal","bouguer_anomaly"
"930602","-21.97091","-69.36663","-168.86","1212.00","","","0.76","mGal","bouguer_anomaly"
"930413","-21.70128","-69.36107","-178.63","1208.00","","","0.74","mGal","bouguer_anomaly"
"930431","-21.60955","-69.35858","-185.80","1128.00","","","0.75","mGal","bouguer_anomaly"
"20618","-22.26883","-69.35633","-166.19","1472.00","","","1.10","mGal","bouguer_anomaly"
"930593","-21.85803","-69.35273","-179.44","1139.00","","","0.92","mGal","bouguer_anomaly"
"930609","-22.12511","-69.35184","-164.61","1332.00","","","0.68","mGal","bouguer_anomaly"
"930430","-21.61823","-69.35012","-187.27","1160.00","","","0.77","mGal","bouguer_anomaly"
"930414","-21.69936","-69.34517","-184.79","1249.00","","","0.80","mGal","bouguer_anomaly"
"43816","-21.97834","-69.34211","-179.51","1260.00","","","2.37","mGal","bouguer_anomaly"
"930429","-21.62823","-69.33498","-192.35","1209.00","","","0.82","mGal","bouguer_anomaly"
"930603","-21.99897","-69.33487","-183.13","1320.00","","","0.87","mGal","bouguer_anomaly"
"930415","-21.69480","-69.32745","-193.09","1294.00","","","0.86","mGal","bouguer_anomaly"
"930608","-22.08833","-69.32697","-170.72","1383.00","","","0.78","mGal","bouguer_anomaly"
"930428","-21.63445","-69.31776","-198.42","1258.00","","","0.89","mGal","bouguer_anomaly"
"930594","-21.86321","-69.31540","-196.30","1238.00","","","1.25","mGal","bouguer_anomaly"
"20619","-22.27233","-69.30667","-181.94","1559.00","","","1.37","mGal","bouguer_anomaly"
"930427","-21.64278","-69.30661","-203.71","1292.00","","","0.94","mGal","bouguer_anomaly"
"930417","-21.67881","-69.30653","-202.44","1348.00","","","0.95","mGal","bouguer_anomaly"
"930416","-21.69249","-69.30592","-202.91","1355.00","","","0.96","mGal","bouguer_anomaly"
"930426","-21.65881","-69.30579","-203.74","1322.00","","","0.94","mGal","bouguer_anomaly"
"930595","-21.84139","-69.30439","-201.57","1242.00","","","1.32","mGal","bouguer_anomaly"
"930418","-21.66498","-69.30043","-205.06","1350.00","","","0.96","mGal","bouguer_anomaly"
"930604","-22.02096","-69.29974","-195.22","1454.00","","","1.01","mGal","bouguer_anomaly"
"930607","-22.05496","-69.29626","-193.05","1468.00","","","0.94","mGal","bouguer_anomaly"
"930419","-21.66640","-69.28561","-209.91","1397.00","","","1.03","mGal","bouguer_anomaly"
"930596","-21.83965","-69.28055","-209.74","1318.00","","","1.63","mGal","bouguer_anomaly"
"930420","-21.67038","-69.26761","-213.82","1450.00","","","1.14","mGal","bouguer_anomaly"
"930605","-22.03487","-69.26311","-212.30","1573.00","","","1.19","mGal","bouguer_anomaly"
"20620","-22.27650","-69.25867","-192.75","1661.00","","","1.66","mGal","bouguer_anomaly"
"930421","-21.67594","-69.25093","-209.31","1503.00","","","1.24","mGal","bouguer_anomaly"
"930597","-21.84330","-69.24450","-216.95","1531.00","","","2.10","mGal","bouguer_anomaly"
"930039","-22.14152","-69.23785","-200.59","1723.00","","","0.90","mGal","bouguer_anomaly"
"930422","-21.68494","-69.23748","-208.14","1556.00","","","1.36","mGal","bouguer_anomaly"
"930606","-22.02029","-69.22608","-222.91","1828.00","","","1.39","mGal","bouguer_anomaly"
"930423","-21.69448","-69.22180","-205.11","1611.00","","","1.45","mGal","bouguer_anomaly"
"930598","-21.84752","-69.21693","-215.19","1792.00","","","2.12","mGal","bouguer_anomaly"
"930038","-22.16065","-69.21567","-205.68","1834.00","","","0.84","mGal","bouguer_anomaly"
"20621","-22.28017","-69.20950","-213.98","1816.00","","","2.06","mGal","bouguer_anomaly"
"930424","-21.70206","-69.20457","-201.20","1676.00","","","1.61","mGal","bouguer_anomaly"
"930425","-21.70918","-69.19006","-203.38","1725.00","","","1.84","mGal","bouguer_anomaly"
"930037","-22.18780","-69.18031","-212.70","2000.00","","","0.86","mGal","bouguer_anomaly"
"20622","-22.28400","-69.15983","-224.25","2016.50","","","2.43","mGal","bouguer_anomaly"
"930036","-22.22340","-69.15740","-215.92","2109.00","","","0.90","mGal","bouguer_anomaly"
"930035","-22.25551","-69.13505","-215.95","2237.00","","","0.92","mGal","bouguer_anomaly"
"20623","-22.28767","-69.11117","-237.68","2248.50","","","2.59","mGal","bouguer_anomaly"
"930515","-21.96938","-69.06912","-249.53","2705.00","","","1.35","mGal","bouguer_anomaly"
"20624","-22.30633","-69.06383","-248.38","2501.00","","","3.53","mGal","bouguer_anomaly"
"930516","-21.92166","-69.04750","-263.76","2905.00","","","1.44","mGal","bouguer_anomaly"
"20625","-22.31950","-69.01983","-250.13","2813.50","","","3.81","mGal","bouguer_anomaly"
"20626","-22.31600","-68.97683","-258.97","2927.00","","","3.69","mGal","bouguer_anomaly"
"20627","-22.32517","-68.92567","-263.48","2638.00","","","2.61","mGal","bouguer_anomaly"
"930197","-22.34022","-68.87998","-248.01","2513.00","","","0.59","mGal","bouguer_anomaly"
"930201","-22.20295","-68.85937","-266.61","2958.00","","","0.84","mGal","bouguer_anomaly"
"43945","-21.91364","-68.82679","-295.56","4002.00","","","6.12","mGal","bouguer_anomaly"
"930355","-21.44693","-68.82284","-290.91","4100.00","","","1.98","mGal","bouguer_anomaly"
"20725","-22.33517","-68.82033","-241.25","2482.00","","","1.20","mGal","bouguer_anomaly"
"930354","-21.49211","-68.80986","-287.72","4132.00","","","2.10","mGal","bouguer_anomaly"
"930356","-21.41529","-68.80777","-294.39","4103.00","","","1.80","mGal","bouguer_anomaly"
"930353","-21.52838","-68.80700","-286.77","4079.00","","","1.87","mGal","bouguer_anomaly"
"930200","-22.21015","-68.79938","-260.66","2740.00","","","0.65","mGal","bouguer_anomaly"
"930202","-22.16899","-68.79843","-271.40","2872.00","","","0.85","mGal","bouguer_anomaly"
"43944","-21.93131","-68.79356","-296.63","3872.00","","","5.00","mGal","bouguer_anomaly"
"930357","-21.37138","-68.79090","-301.11","4111.00","","","1.60","mGal","bouguer_anomaly"
"20724","-22.30133","-68.79017","-246.03","2533.00","","","1.20","mGal","bouguer_anomaly"
"930352","-21.55883","-68.78664","-289.33","3900.00","","","1.36","mGal","bouguer_anomaly"
"930198","-22.27573","-68.77225","-244.76","2596.00","","","0.46","mGal","bouguer_anomaly"
"20723","-22.27567","-68.77050","-246.37","2585.00","","","1.23","mGal","bouguer_anomaly"
"930199","-22.23330","-68.76165","-256.08","2650.00","","","0.54","mGal","bouguer_anomaly"
"930203","-22.14583","-68.75735","-274.09","2945.00","","","0.88","mGal","bouguer_anomaly"
"43943","-21.94597","-68.74599","-290.01","3555.00","","","3.38","mGal","bouguer_anomaly"
"20722","-22.27300","-68.73733","-248.24","2586.00","","","1.13","mGal","bouguer_anomaly"
"930351","-21.57319","-68.72787","-297.25","3611.00","","","1.08","mGal","bouguer_anomaly"
"930204","-22.12846","-68.71684","-272.59","3029.00","","","0.82","mGal","bouguer_anomaly"
"43942","-21.95775","-68.71033","-283.90","3421.00","","","2.63","mGal","bouguer_anomaly"
"930350","-21.61201","-68.70540","-300.02","3458.00","","","0.91","mGal","bouguer_anomaly"
"20721","-22.27050","-68.70117","-253.58","2624.00","","","1.09","mGal","bouguer_anomaly"
"930205","-22.10374","-68.67754","-272.53","3102.00","","","0.77","mGal","bouguer_anomaly"
"20521","-21.65533","-68.66817","-303.90","3332.00","","","2.42","mGal","bouguer_anomaly"
"43941","-21.97185","-68.66749","-282.56","3215.00","","","2.01","mGal","bouguer_anomaly"
"20522","-21.62533","-68.66400","-309.31","3328.00","","","2.78","mGal","bouguer_anomaly"
"20520","-21.69733","-68.66100","-300.72","3297.00","","","2.23","mGal","bouguer_anomaly"
"20506","-22.33783","-68.65617","-259.94","2545.00","","","0.92","mGal","bouguer_anomaly"
"20508","-22.21100","-68.65333","-265.43","2734.00","","","1.31","mGal","bouguer_anomaly"
"20519","-21.73167","-68.65167","-301.76","3283.00","","","2.10","mGal","bouguer_anomaly"
"930206","-22.06755","-68.64606","-273.82","3074.00","","","0.68","mGal","bouguer_anomaly"
"20507","-22.27800","-68.63633","-265.64","2654.00","","","1.09","mGal","bouguer_anomaly"
"930296","-22.30178","-68.63622","-266.71","2627.00","","","0.37","mGal","bouguer_anomaly"
"20509","-22.15800","-68.63550","-266.00","2826.00","","","1.55","mGal","bouguer_anomaly"
"20518","-21.77867","-68.62900","-300.74","3257.00","","","2.05","mGal","bouguer_anomaly"
"20513","-21.95233","-68.62883","-286.87","3106.00","","","2.16","mGal","bouguer_anomaly"
"20510","-22.07017","-68.62550","-273.99","2975.00","","","1.89","mGal","bouguer_anomaly"
"20512","-21.99617","-68.62117","-284.18","3048.00","","","1.97","mGal","bouguer_anomaly"
"20701","-22.33367","-68.61950","-267.31","2553.00","","","0.99","mGal","bouguer_anomaly"
"20514","-21.92517","-68.61917","-289.54","3100.00","","","2.24","mGal","bouguer_anomaly"
"20511","-22.02750","-68.61700","-278.12","3022.00","","","1.88","mGal","bouguer_anomaly"
"20517","-21.81450","-68.61650","-295.12","3255.00","","","1.92","mGal","bouguer_anomaly"
"20516","-21.84917","-68.60983","-290.08","3267.00","","","1.89","mGal","bouguer_anomaly"
"20515","-21.89100","-68.60550","-289.45","3164.00","","","2.04","mGal","bouguer_anomaly"
"930295","-22.29360","-68.60422","-269.20","2614.00","","","0.46","mGal","bouguer_anomaly"
"930230","-22.21926","-68.59700","-274.73","2755.00","","","0.50","mGal","bouguer_anomaly"
"930228","-22.13063","-68.59415","-282.29","2921.00","","","0.60","mGal","bouguer_anomaly"
"930227","-22.08678","-68.59338","-283.95","2996.00","","","0.64","mGal","bouguer_anomaly"
"930229","-22.17488","-68.59337","-276.49","2829.00","","","0.55","mGal","bouguer_anomaly"
"930226","-22.04338","-68.59259","-284.80","3040.00","","","0.68","mGal","bouguer_anomaly"
"43901","-22.26005","-68.59121","-275.34","2682.00","","","1.14","mGal","bouguer_anomaly"
"20401","-21.99717","-68.58350","-290.77","3080.00","","","1.93","mGal","bouguer_anomaly"
"20702","-22.32700","-68.57750","-269.76","2575.00","","","1.10","mGal","bouguer_anomaly"
"930290","-22.34472","-68.57066","-271.46","2573.00","","","0.41","mGal","bouguer_anomaly"
"20402","-21.96200","-68.55950","-300.29","3169.00","","","2.08","mGal","bouguer_anomaly"
"43902","-22.25641","-68.54872","-283.65","2702.00","","","1.29","mGal","bouguer_anomaly"
"20403","-21.93967","-68.53333","-310.88","3262.00","","","2.45","mGal","bouguer_anomaly"
"20703","-22.32300","-68.52900","-276.21","2603.00","","","1.30","mGal","bouguer_anomaly"
"930294","-22.34808","-68.52700","-273.52","2605.00","","","0.45","mGal","bouguer_anomaly"
"43937","-21.95004","-68.50747","-317.61","3374.00","","","2.75","mGal","bouguer_anomaly"
"20404","-21.91333","-68.50400","-319.87","3394.00","","","3.22","mGal","bouguer_anomaly"
"20406","-21.83350","-68.50233","-330.89","3446.00","","","3.03","mGal","bouguer_anomaly"
"43903","-22.25203","-68.50050","-292.55","2743.00","","","1.52","mGal","bouguer_anomaly"
"20405","-21.86467","-68.50033","-324.78","3414.00","","","3.56","mGal","bouguer_anomaly"
"20704","-22.33117","-68.49117","-273.91","2661.00","","","1.38","mGal","bouguer_anomaly"
"43936","-21.96378","-68.47943","-303.84","3600.00","","","3.21","mGal","bouguer_anomaly"
"20407","-21.81400","-68.46833","-335.71","3624.00","","","2.99","mGal","bouguer_anomaly"
"20705","-22.33417","-68.46350","-281.13","2732.00","","","1.41","mGal","bouguer_anomaly"
"43904","-22.24790","-68.45209","-297.14","2695.00","","","2.21","mGal","bouguer_anomaly"
"43935","-21.96905","-68.43457","-329.79","3630.00","","","3.31","mGal","bouguer_anomaly"
"20408","-21.80000","-68.43200","-343.30","3752.00","","","3.51","mGal","bouguer_anomaly"
"930514","-21.94983","-69.02496","-263.72","2925.00","","","1.45","mGal","bouguer_anomaly"
"930512","-21.97313","-69.00335","-268.10","2970.00","","","1.39","mGal","bouguer_anomaly"
"930511","-22.01171","-68.98796","-264.59","2995.00","","","1.38","mGal","bouguer_anomaly"
"930513","-21.93275","-68.97055","-277.71","3250.00","","","1.50","mGal","bouguer_anomaly"
"930510","-22.01298","-68.95638","-266.90","3056.00","","","1.40","mGal","bouguer_anomaly"
"930509","-22.00965","-68.92934","-276.19","3240.00","","","1.39","mGal","bouguer_anomaly"
"930507","-22.09269","-68.91165","-273.46","3200.00","","","1.32","mGal","bouguer_anomaly"
"930508","-22.05009","-68.90949","-275.87","3260.00","","","1.52","mGal","bouguer_anomaly"
"930506","-22.13704","-68.90099","-268.71","3100.00","","","1.13","mGal","bouguer_anomaly"
"930517","-21.96986","-68.89764","-287.33","3342.00","","","1.70","mGal","bouguer_anomaly"
"930518","-21.93331","-68.86605","-296.54","3578.00","","","1.41","mGal","bouguer_anomaly"
"930505","-22.16343","-68.86533","-277.73","2970.00","","","0.97","mGal","bouguer_anomaly"
"930556","-21.47412","-68.65937","-319.08","3555.00","","","0.94","mGal","bouguer_anomaly"
"930557","-21.51558","-68.65680","-319.87","3525.00","","","1.01","mGal","bouguer_anomaly"
"930558","-21.55474","-68.65411","-319.65","3462.00","","","1.09","mGal","bouguer_anomaly"
"930555","-21.42976","-68.65283","-323.54","3622.00","","","0.89","mGal","bouguer_anomaly"
"930554","-21.38976","-68.64748","-330.94","3675.00","","","0.91","mGal","bouguer_anomaly"
"930561","-21.36608","-68.50787","-367.38","4479.00","","","1.44","mGal","bouguer_anomaly"
"930521","-21.70052","-68.44978","-349.23","4046.00","","","1.64","mGal","bouguer_anomaly"
"930523","-21.37089","-68.44588","-360.71","3913.00","","","1.05","mGal","bouguer_anomaly"
"930520","-21.73209","-68.44448","-344.43","3820.00","","","1.48","mGal","bouguer_anomaly"
"930562","-21.46070","-68.43885","-355.33","3863.00","","","0.92","mGal","bouguer_anomaly"
"930522","-21.41437","-68.43095","-353.05","3786.00","","","1.43","mGal","bouguer_anomaly"
"930519","-21.76436","-68.42554","-346.54","3759.00","","","1.18","mGal","bouguer_anomaly"
"20706","-22.33383","-68.41267","-291.85","2828.00","","","1.61","mGal","bouguer_anomaly"
"43905","-22.24546","-68.40270","-299.18","2924.00","","","1.81","mGal","bouguer_anomaly"
"20417","-21.49667","-68.39267","-355.52","3732.00","","","2.82","mGal","bouguer_anomaly"
"20409","-21.78667","-68.38417","-352.62","3879.00","","","3.30","mGal","bouguer_anomaly"
"43934","-21.96444","-68.38374","-337.99","3766.00","","","5.44","mGal","bouguer_anomaly"
"20418","-21.44717","-68.38300","-364.38","3788.00","","","1.71","mGal","bouguer_anomaly"
"20707","-22.31467","-68.37933","-296.55","2903.00","","","1.77","mGal","bouguer_anomaly"
"930231","-22.34213","-68.37836","-289.86","2935.00","","","0.66","mGal","bouguer_anomaly"
"43906","-22.24485","-68.36050","-297.74","2988.00","","","1.99","mGal","bouguer_anomaly"
"20419","-21.40200","-68.35483","-356.49","3697.00","","","3.16","mGal","bouguer_anomaly"
"20708","-22.28983","-68.34783","-293.94","2995.00","","","1.89","mGal","bouguer_anomaly"
"20410","-21.75983","-68.34533","-362.47","3895.00","","","3.12","mGal","bouguer_anomaly"
"930207","-21.80710","-68.34137","-368.68","4094.00","","","1.38","mGal","bouguer_anomaly"
"20416","-21.53083","-68.33883","-359.35","3731.00","","","2.45","mGal","bouguer_anomaly"
"43921","-21.98089","-68.33873","-342.47","3793.00","","","5.28","mGal","bouguer_anomaly"
"930232","-22.34625","-68.33519","-293.68","3084.00","","","0.69","mGal","bouguer_anomaly"
"43915","-22.17813","-68.32549","-305.01","3093.00","","","3.06","mGal","bouguer_anomaly"
"43914","-22.21968","-68.32297","-305.47","3036.00","","","2.52","mGal","bouguer_anomaly"
"20709","-22.26733","-68.32067","-299.68","3036.00","","","2.14","mGal","bouguer_anomaly"
"43916","-22.14785","-68.32011","-299.68","3184.00","","","3.94","mGal","bouguer_anomaly"
"43917","-22.12325","-68.31431","-314.98","3313.00","","","4.89","mGal","bouguer_anomaly"
"20420","-21.39633","-68.31183","-361.94","3688.00","","","5.35","mGal","bouguer_anomaly"
"20415","-21.58067","-68.31033","-365.92","3751.00","","","3.82","mGal","bouguer_anomaly"
"43918","-22.09134","-68.30904","-328.23","3496.00","","","6.31","mGal","bouguer_anomaly"
"43919","-22.05346","-68.30399","-341.24","3791.00","","","6.34","mGal","bouguer_anomaly"
"930208","-21.82403","-68.29960","-379.57","4144.00","","","1.20","mGal","bouguer_anomaly"
"20411","-21.74017","-68.29783","-372.73","3944.00","","","3.41","mGal","bouguer_anomaly"
"43922","-21.98640","-68.29667","-356.99","3797.00","","","3.26","mGal","bouguer_anomaly"
"43920","-22.01423","-68.29663","-350.68","3849.00","","","3.98","mGal","bouguer_anomaly"
"930233","-22.34265","-68.29497","-292.43","3258.00","","","0.74","mGal","bouguer_anomaly"
"20414","-21.62150","-68.29083","-372.25","3737.00","","","4.18","mGal","bouguer_anomaly"
"930209","-21.86607","-68.28394","-380.12","4431.00","","","1.14","mGal","bouguer_anomaly"
"930210","-21.91355","-68.27585","-374.17","4066.00","","","1.10","mGal","bouguer_anomaly"
"20710","-22.26633","-68.27233","-305.25","3122.00","","","2.46","mGal","bouguer_anomaly"
"20412","-21.71850","-68.27117","-380.36","3966.00","","","2.98","mGal","bouguer_anomaly"
"20413","-21.66233","-68.26417","-375.63","3735.00","","","4.85","mGal","bouguer_anomaly"
"930234","-22.35004","-68.26186","-297.12","3334.00","","","0.78","mGal","bouguer_anomaly"
"43923","-21.98729","-68.25327","-360.61","3845.00","","","3.09","mGal","bouguer_anomaly"
"930224","-21.51220","-68.24750","-375.23","3737.00","","","0.88","mGal","bouguer_anomaly"
"930223","-21.54910","-68.24640","-380.38","3730.00","","","1.08","mGal","bouguer_anomaly"
"930221","-21.62795","-68.24028","-383.09","3747.00","","","1.69","mGal","bouguer_anomaly"
"930211","-21.91170","-68.23602","-377.61","4036.00","","","1.33","mGal","bouguer_anomaly"
"930214","-21.92980","-68.23550","-371.74","3950.00","","","1.28","mGal","bouguer_anomaly"
"930222","-21.59053","-68.23520","-381.64","3736.00","","","1.95","mGal","bouguer_anomaly"
"20711","-22.26167","-68.23283","-311.94","3173.50","","","3.10","mGal","bouguer_anomaly"
"930225","-21.71055","-68.23219","-380.84","3752.00","","","1.89","mGal","bouguer_anomaly"
"930220","-21.65406","-68.22015","-385.89","3744.00","","","1.73","mGal","bouguer_anomaly"
"43924","-21.99334","-68.21265","-370.23","3882.00","","","3.62","mGal","bouguer_anomaly"
"22901","-22.33083","-68.21133","-317.49","3157.50","","","3.45","mGal","bouguer_anomaly"
"43907","-22.23691","-68.19946","-324.21","3258.00","","","4.39","mGal","bouguer_anomaly"
"20712","-22.25500","-68.19917","-318.07","3250.00","","","3.85","mGal","bouguer_anomaly"
"930219","-21.68260","-68.19400","-389.54","3801.00","","","2.01","mGal","bouguer_anomaly"
"930212","-21.89075","-68.17950","-393.56","4402.00","","","0.92","mGal","bouguer_anomaly"
"930218","-21.72248","-68.17285","-394.70","3893.00","","","1.47","mGal","bouguer_anomaly"
"43925","-22.01093","-68.17070","-375.27","3912.00","","","5.16","mGal","bouguer_anomaly"
"20713","-22.24817","-68.16583","-327.50","3359.00","","","4.62","mGal","bouguer_anomaly"
"930213","-21.87108","-68.14800","-402.80","4537.00","","","0.88","mGal","bouguer_anomaly"
"43933","-22.01261","-68.14647","-378.74","3898.00","","","4.90","mGal","bouguer_anomaly"
"43908","-22.24380","-68.13441","-348.71","3674.00","","","4.16","mGal","bouguer_anomaly"
"43926","-22.03421","-68.13181","-375.56","3890.00","","","5.78","mGal","bouguer_anomaly"
"930217","-21.75175","-68.12932","-398.38","4186.00","","","0.99","mGal","bouguer_anomaly"
"930215","-21.83026","-68.12737","-404.35","4480.00","","","0.83","mGal","bouguer_anomaly"
"930216","-21.78684","-68.12537","-402.40","4291.00","","","0.99","mGal","bouguer_anomaly"
"43932","-22.02408","-68.09506","-383.35","3937.00","","","6.08","mGal","bouguer_anomaly"
"43927","-22.05025","-68.09101","-383.92","4006.00","","","4.24","mGal","bouguer_anomaly"
"43909","-22.25123","-68.08778","-361.16","3812.00","","","5.44","mGal","bouguer_anomaly"
"43928","-22.07538","-68.06178","-389.83","4098.00","","","3.95","mGal","bouguer_anomaly"
"43910","-22.23992","-68.05389","-379.23","3983.00","","","5.57","mGal","bouguer_anomaly"
"43929","-22.11413","-68.04504","-394.35","4197.00","","","4.20","mGal","bouguer_anomaly"
"43911","-22.22959","-68.01709","-393.40","4130.00","","","4.38","mGal","bouguer_anomaly"
"21317","-22.33850","-68.01600","-410.96","4206.00","","","3.84","mGal","bouguer_anomaly"
"43930","-22.14195","-68.01383","-405.20","4233.00","","","3.63","mGal","bouguer_anomaly"
"43931","-22.18526","-68.00673","-404.42","4257.00","","","3.68","mGal","bouguer_anomaly"
"43913","-22.30836","-68.00276","-402.23","4337.00","","","5.19","mGal","bouguer_anomaly"
"43912","-22.26916","-67.98867","-399.17","4510.00","","","4.43","mGal","bouguer_anomaly"
"50506","-22.34483","-66.45800","-387.52","3735.00","","","1.56","mGal","bouguer_anomaly"
"50507","-22.30317","-66.44983","-385.62","3653.00","","","2.90","mGal","bouguer_anomaly"
"50508","-22.27800","-66.43000","-384.70","3606.00","","","2.50","mGal","bouguer_anomaly"
"50509","-22.23833","-66.42233","-385.21","3608.00","","","2.14","mGal","bouguer_anomaly"
"50510","-22.21667","-66.38833","-380.82","3592.00","","","2.30","mGal","bouguer_anomaly"
"50511","-22.23650","-66.34583","-377.02","3818.00","","","0.92","mGal","bouguer_anomaly"
"50512","-22.23867","-66.30950","-382.29","3844.00","","","1.07","mGal","bouguer_anomaly"
"50513","-22.22833","-66.26450","-383.05","3968.00","","","0.82","mGal","bouguer_anomaly"
"50514","-22.23117","-66.22117","-371.04","4250.00","","","1.04","mGal","bouguer_anomaly"
"50515","-22.21333","-66.18883","-366.35","4167.00","","","0.86","mGal","bouguer_anomaly"
"50113","-22.19467","-66.15817","-356.75","4136.00","","","0.82","mGal","bouguer_anomaly"
"50112","-22.14650","-66.13067","-354.51","4018.00","","","0.61","mGal","bouguer_anomaly"
"50111","-22.11017","-66.12183","-349.73","3894.00","","","0.49","mGal","bouguer_anomaly"
"50114","-22.05467","-66.08917","-349.26","3846.00","","","0.43","mGal","bouguer_anomaly"
"50103","-22.33167","-66.07500","-349.64","3699.00","","","0.87","mGal","bouguer_anomaly"
"50110","-22.09650","-66.07500","-346.55","3943.00","","","0.46","mGal","bouguer_anomaly"
"50115","-22.02000","-66.07100","-350.42","3819.00","","","0.40","mGal","bouguer_anomaly"
"50116","-21.98367","-66.06583","-347.84","3806.00","","","0.40","mGal","bouguer_anomaly"
"50117","-21.94633","-66.04850","-344.72","3783.00","","","0.47","mGal","bouguer_anomaly"
"50104","-22.29533","-66.04467","-346.84","3676.00","","","0.70","mGal","bouguer_anomaly"
"50109","-22.11650","-66.03150","-342.10","3723.00","","","0.46","mGal","bouguer_anomaly"
"50105","-22.25567","-66.02517","-342.90","3683.00","","","0.54","mGal","bouguer_anomaly"
"50107","-22.16567","-66.02117","-340.58","3715.00","","","0.44","mGal","bouguer_anomaly"
"50106","-22.21117","-66.01133","-344.43","3678.10","","","0.44","mGal","bouguer_anomaly"
"50118","-21.97067","-66.00617","-337.79","3740.00","","","0.31","mGal","bouguer_anomaly"
"50108","-22.13383","-65.98600","-342.04","3690.00","","","0.39","mGal","bouguer_anomaly"
"50119","-22.00733","-65.97617","-339.64","3702.00","","","0.30","mGal","bouguer_anomaly"
"50120","-22.04633","-65.94833","-343.42","3684.00","","","0.26","mGal","bouguer_anomaly"
"50125","-22.20700","-65.92683","-353.55","3678.00","","","0.21","mGal","bouguer_anomaly"
"50128","-22.34167","-65.92483","-355.42","3695.00","","","0.28","mGal","bouguer_anomaly"
"50127","-22.29533","-65.91850","-356.50","3680.00","","","0.24","mGal","bouguer_anomaly"
"50126","-22.25067","-65.91850","-353.23","3678.00","","","0.22","mGal","bouguer_anomaly"
"50121","-22.07183","-65.90967","-339.43","3679.00","","","0.18","mGal","bouguer_anomaly"
"50124","-22.17567","-65.89017","-346.33","3684.85","","","0.19","mGal","bouguer_anomaly"
"50123","-22.13550","-65.87600","-346.31","3676.00","","","0.18","mGal","bouguer_anomaly"
"50131","-22.29250","-65.87350","-336.67","3714.00","","","0.30","mGal","bouguer_anomaly"
"50122","-22.09283","-65.86767","-345.82","3674.85","","","0.17","mGal","bouguer_anomaly"
"50150","-22.09733","-65.83250","-338.30","3690.00","","","0.19","mGal","bouguer_anomaly"
"50132","-22.30250","-65.83150","-309.07","3761.00","","","0.29","mGal","bouguer_anomaly"
"50133","-22.33850","-65.80017","-299.37","3709.00","","","0.86","mGal","bouguer_anomaly"
"50149","-22.10550","-65.79133","-306.54","3728.00","","","1.24","mGal","bouguer_anomaly"
"50148","-22.10917","-65.74833","-298.38","3578.00","","","0.28","mGal","bouguer_anomaly"
"50147","-22.10367","-65.71617","-295.90","3589.00","","","0.27","mGal","bouguer_anomaly"
"50146","-22.10917","-65.69167","-292.00","3563.00","","","0.25","mGal","bouguer_anomaly"
"50138","-22.33067","-65.68467","-290.51","3533.80","","","0.46","mGal","bouguer_anomaly"
"50139","-22.28833","-65.67833","-288.22","3557.70","","","0.44","mGal","bouguer_anomaly"
"50140","-22.25417","-65.66967","-281.82","3571.00","","","0.42","mGal","bouguer_anomaly"
"50401","-22.31617","-65.64900","-281.43","3579.00","","","0.38","mGal","bouguer_anomaly"
"50141","-22.21633","-65.64367","-280.25","3548.00","","","0.37","mGal","bouguer_anomaly"
"50145","-22.10650","-65.64367","-282.30","3509.00","","","0.28","mGal","bouguer_anomaly"
"50142","-22.17900","-65.62000","-276.28","3511.00","","","0.33","mGal","bouguer_anomaly"
"50402","-22.31800","-65.60783","-276.23","3643.00","","","0.43","mGal","bouguer_anomaly"
"50143","-22.14017","-65.60467","-274.29","3471.00","","","0.31","mGal","bouguer_anomaly"
"50144","-22.10183","-65.59483","-274.66","3440.04","","","0.30","mGal","bouguer_anomaly"
"50201","-22.12467","-65.55567","-275.48","3492.00","","","0.40","mGal","bouguer_anomaly"
"50305","-22.32900","-65.55483","-278.61","3600.00","","","0.56","mGal","bouguer_anomaly"
"50304","-22.29433","-65.53317","-279.45","3579.00","","","0.60","mGal","bouguer_anomaly"
"50303","-22.25333","-65.52550","-274.49","3561.00","","","0.57","mGal","bouguer_anomaly"
"50202","-22.13383","-65.50683","-279.83","3514.00","","","0.51","mGal","bouguer_anomaly"
"50302","-22.21650","-65.50683","-276.32","3570.00","","","0.59","mGal","bouguer_anomaly"
"50301","-22.17233","-65.48733","-277.59","3539.00","","","0.61","mGal","bouguer_anomaly"
"50203","-22.13683","-65.46017","-283.11","3443.00","","","0.80","mGal","bouguer_anomaly"
"64901","-22.20283","-65.43067","-291.26","3580.00","","","0.95","mGal","bouguer_anomaly"
"50204","-22.15050","-65.42417","-285.64","3567.00","","","0.89","mGal","bouguer_anomaly"
"64902","-22.24183","-65.40733","-285.87","3641.00","","","1.26","mGal","bouguer_anomaly"
"50205","-22.16183","-65.38233","-276.16","3627.00","","","1.15","mGal","bouguer_anomaly"
"64903","-22.26633","-65.36800","-281.59","3679.00","","","1.71","mGal","bouguer_anomaly"
"50206","-22.18717","-65.33750","-275.35","3711.00","","","1.68","mGal","bouguer_anomaly"
"64904","-22.28717","-65.32483","-273.53","3776.00","","","2.55","mGal","bouguer_anomaly"
"64905","-22.32833","-65.31367","-269.96","3884.00","","","3.27","mGal","bouguer_anomaly"
"50207","-22.21767","-65.29467","-270.25","3837.00","","","2.18","mGal","bouguer_anomaly"
"60208","-22.24317","-65.25933","-270.77","4031.00","","","5.35","mGal","bouguer_anomaly"
"60209","-22.22550","-65.23033","-267.39","4440.00","","","8.88","mGal","bouguer_anomaly"
"60217","-22.23550","-65.18417","-267.60","4366.00","","","9.98","mGal","bouguer_anomaly"
"60210","-22.23467","-65.14883","-261.32","4290.00","","","11.32","mGal","bouguer_anomaly"
"60211","-22.21733","-65.12050","-257.07","4288.00","","","10.45","mGal","bouguer_anomaly"
"60212","-22.22967","-65.09733","-255.80","4113.00","","","11.41","mGal","bouguer_anomaly"
"60213","-22.24100","-65.07983","-250.65","3710.00","","","13.06","mGal","bouguer_anomaly"
"60214","-22.24367","-65.04783","-242.87","2839.00","","","18.12","mGal","bouguer_anomaly"
"60215","-22.24817","-65.00283","-237.04","2473.00","","","14.99","mGal","bouguer_anomaly"
"60216","-22.25000","-64.96517","-229.50","2271.00","","","17.51","mGal","bouguer_anomaly"
"43118","-20.74587","-70.18006","39.61","18.00","","","2.04","mGal","bouguer_anomaly"
"43122","-20.56970","-70.18004","34.00","62.00","","","2.25","mGal","bouguer_anomaly"
"43117","-20.78924","-70.17982","40.61","33.00","","","2.80","mGal","bouguer_anomaly"
"43119","-20.70748","-70.17966","36.55","26.00","","","1.91","mGal","bouguer_anomaly"
"43121","-20.61443","-70.17895","33.49","62.00","","","2.21","mGal","bouguer_anomaly"
"43120","-20.66159","-70.17883","38.19","7.00","","","1.91","mGal","bouguer_anomaly"
"43116","-20.82995","-70.17149","41.80","24.00","","","4.25","mGal","bouguer_anomaly"
"43126","-20.36061","-70.17078","19.59","110.00","","","4.82","mGal","bouguer_anomaly"
"43111","-21.02605","-70.16291","27.22","40.00","","","6.93","mGal","bouguer_anomaly"
"43123","-20.49528","-70.16240","29.17","4.00","","","3.74","mGal","bouguer_anomaly"
"43124","-20.43795","-70.15603","32.52","35.00","","","4.90","mGal","bouguer_anomaly"
"43125","-20.40110","-70.15508","29.66","44.00","","","6.71","mGal","bouguer_anomaly"
"43112","-20.98636","-70.15346","36.27","9.00","","","5.44","mGal","bouguer_anomaly"
"43110","-21.06414","-70.14155","18.34","14.00","","","4.88","mGal","bouguer_anomaly"
"43115","-20.86630","-70.14005","37.15","19.00","","","7.86","mGal","bouguer_anomaly"
"43219","-20.77104","-70.13117","15.35","489.00","","","1.82","mGal","bouguer_anomaly"
"43113","-20.94948","-70.12914","34.96","24.00","","","9.78","mGal","bouguer_anomaly"
"43114","-20.90974","-70.12884","25.98","218.00","","","7.37","mGal","bouguer_anomaly"
"43108","-21.13566","-70.11889","23.92","9.00","","","3.84","mGal","bouguer_anomaly"
"43109","-21.10088","-70.11796","16.22","5.00","","","5.63","mGal","bouguer_anomaly"
"43107","-21.17617","-70.09810","26.86","12.00","","","4.15","mGal","bouguer_anomaly"
"43217","-20.80065","-70.09392","13.72","670.00","","","1.58","mGal","bouguer_anomaly"
"43103","-21.33513","-70.09109","10.66","3.00","","","2.86","mGal","bouguer_anomaly"
"43226","-21.07242","-70.09041","19.61","618.00","","","2.50","mGal","bouguer_anomaly"
"43106","-21.21810","-70.08348","17.65","42.00","","","8.43","mGal","bouguer_anomaly"
"43227","-21.12101","-70.07892","21.70","649.00","","","2.68","mGal","bouguer_anomaly"
"43225","-21.03294","-70.07684","20.61","598.00","","","1.26","mGal","bouguer_anomaly"
"43105","-21.25808","-70.07587","12.83","49.00","","","8.28","mGal","bouguer_anomaly"
"43216","-20.82972","-70.06770","12.75","721.00","","","1.32","mGal","bouguer_anomaly"
"43104","-21.29981","-70.06171","1.37","9.00","","","7.20","mGal","bouguer_anomaly"
"43218","-20.78146","-70.05584","18.49","696.00","","","1.14","mGal","bouguer_anomaly"
"43224","-20.99244","-70.05154","18.67","758.00","","","1.52","mGal","bouguer_anomaly"
"43230","-21.16275","-70.04985","13.51","558.00","","","2.33","mGal","bouguer_anomaly"
"43220","-20.85875","-70.04926","9.31","703.63","","","1.18","mGal","bouguer_anomaly"
"43221","-20.90122","-70.04764","7.28","696.00","","","1.22","mGal","bouguer_anomaly"
"43222","-20.91933","-70.03997","8.26","689.56","","","1.04","mGal","bouguer_anomaly"
"43212","-20.73951","-70.03134","16.97","725.13","","","1.06","mGal","bouguer_anomaly"
"43215","-20.85526","-70.02848","7.20","670.00","","","0.97","mGal","bouguer_anomaly"
"43223","-20.96331","-70.02787","8.55","721.39","","","1.01","mGal","bouguer_anomaly"
"930591","-20.87946","-70.02531","5.68","656.00","","","0.39","mGal","bouguer_anomaly"
"43231","-21.00933","-70.02222","8.32","758.46","","","1.10","mGal","bouguer_anomaly"
"43229","-21.14442","-70.01823","5.14","674.00","","","1.22","mGal","bouguer_anomaly"
"43213","-20.77854","-70.01595","14.48","708.25","","","0.93","mGal","bouguer_anomaly"
"43214","-20.82237","-70.01384","8.48","709.19","","","1.00","mGal","bouguer_anomaly"
"43211","-20.70540","-70.00874","14.36","791.98","","","1.04","mGal","bouguer_anomaly"
"43228","-21.17520","-70.00852","0.10","925.00","","","2.29","mGal","bouguer_anomaly"
"43201","-20.38847","-70.00571","3.96","844.00","","","1.34","mGal","bouguer_anomaly"
"930592","-20.88059","-70.00360","4.07","678.00","","","0.42","mGal","bouguer_anomaly"
"43202","-20.42581","-70.00096","5.47","875.00","","","1.31","mGal","bouguer_anomaly"
"43210","-20.66389","-70.00050","20.70","735.41","","","1.06","mGal","bouguer_anomaly"
"43232","-21.03138","-69.99215","-4.87","705.98","","","0.89","mGal","bouguer_anomaly"
"43207","-20.50377","-69.98900","10.22","751.00","","","1.46","mGal","bouguer_anomaly"
"43208","-20.47965","-69.98693","21.27","782.47","","","1.41","mGal","bouguer_anomaly"
"43312","-20.39492","-69.98476","1.72","940.00","","","1.23","mGal","bouguer_anomaly"
"43206","-20.46614","-69.98061","8.62","928.00","","","1.17","mGal","bouguer_anomaly"
"43203","-20.46615","-69.97841","0.56","929.00","","","1.18","mGal","bouguer_anomaly"
"43204","-20.50413","-69.97242","-2.02","876.00","","","1.29","mGal","bouguer_anomaly"
"43209","-20.54257","-69.96479","18.51","796.93","","","1.41","mGal","bouguer_anomaly"
"43311","-20.40790","-69.95724","-4.87","1072.00","","","1.23","mGal","bouguer_anomaly"
"43205","-20.42610","-69.95017","0.54","925.00","","","0.99","mGal","bouguer_anomaly"
"43233","-21.06749","-69.94812","-12.82","721.69","","","0.96","mGal","bouguer_anomaly"
"930572","-21.09952","-69.94740","-12.23","782.00","","","0.36","mGal","bouguer_anomaly"
"930573","-21.13117","-69.94534","-13.25","781.00","","","0.38","mGal","bouguer_anomaly"
"930574","-21.15967","-69.92439","-17.23","812.00","","","0.33","mGal","bouguer_anomaly"
"930575","-21.18438","-69.92044","-21.11","869.00","","","0.34","mGal","bouguer_anomaly"
"43234","-21.07952","-69.91393","-21.07","805.00","","","0.86","mGal","bouguer_anomaly"
"43310","-20.41366","-69.91003","-9.39","1059.00","","","0.94","mGal","bouguer_anomaly"
"930579","-21.27423","-69.89940","-28.05","1046.00","","","0.52","mGal","bouguer_anomaly"
"930580","-21.31968","-69.89552","-29.75","975.00","","","0.39","mGal","bouguer_anomaly"
"930576","-21.20222","-69.89153","-24.41","870.00","","","0.31","mGal","bouguer_anomaly"
"930578","-21.23838","-69.88350","-27.01","903.00","","","0.30","mGal","bouguer_anomaly"
"43235","-21.07972","-69.87456","-30.28","827.08","","","0.87","mGal","bouguer_anomaly"
"930577","-21.21693","-69.86724","-27.76","834.00","","","0.28","mGal","bouguer_anomaly"
"43309","-20.41389","-69.86518","-16.49","1057.00","","","0.88","mGal","bouguer_anomaly"
"43308","-20.42911","-69.85789","-17.79","1013.00","","","0.93","mGal","bouguer_anomaly"
"43307","-20.46508","-69.83786","-19.76","1013.00","","","0.84","mGal","bouguer_anomaly"
"930584","-21.19601","-69.83469","-36.68","846.00","","","0.28","mGal","bouguer_anomaly"
"43236","-21.06863","-69.83436","-36.16","911.08","","","0.80","mGal","bouguer_anomaly"
"43237","-21.04124","-69.80052","-48.15","996.56","","","0.78","mGal","bouguer_anomaly"
"43306","-20.48856","-69.80021","-23.03","985.00","","","0.89","mGal","bouguer_anomaly"
"930585","-21.16806","-69.79833","-46.13","888.00","","","0.26","mGal","bouguer_anomaly"
"930586","-21.13759","-69.76765","-54.26","956.00","","","0.31","mGal","bouguer_anomaly"
"43305","-20.48115","-69.76057","-28.94","988.00","","","0.85","mGal","bouguer_anomaly"
"43238","-21.02995","-69.75918","-59.28","1034.88","","","0.77","mGal","bouguer_anomaly"
"43304","-20.52555","-69.75350","-30.44","983.81","","","0.80","mGal","bouguer_anomaly"
"930587","-21.11577","-69.73043","-63.88","950.00","","","0.29","mGal","bouguer_anomaly"
"43404","-20.37640","-69.72633","-40.32","1005.00","","","0.81","mGal","bouguer_anomaly"
"43239","-21.01269","-69.72003","-68.36","985.22","","","0.79","mGal","bouguer_anomaly"
"43302","-20.55325","-69.71901","-40.21","978.23","","","0.88","mGal","bouguer_anomaly"
"43405","-20.41822","-69.70802","-49.21","996.00","","","0.81","mGal","bouguer_anomaly"
"43416","-20.85240","-69.69927","-72.62","952.00","","","0.69","mGal","bouguer_anomaly"
"43415","-20.81537","-69.69622","-68.04","946.00","","","0.68","mGal","bouguer_anomaly"
"43406","-20.45940","-69.68952","-56.21","990.00","","","0.78","mGal","bouguer_anomaly"
"43240","-20.99656","-69.68695","-76.01","864.46","","","0.97","mGal","bouguer_anomaly"
"930588","-21.10213","-69.68688","-77.92","955.00","","","0.31","mGal","bouguer_anomaly"
"43417","-20.88814","-69.68636","-72.81","951.65","","","0.72","mGal","bouguer_anomaly"
"43303","-20.53143","-69.68581","-52.94","986.00","","","0.78","mGal","bouguer_anomaly"
"43301","-20.58259","-69.68124","-56.85","973.34","","","0.88","mGal","bouguer_anomaly"
"43414","-20.77524","-69.67711","-71.69","949.28","","","0.74","mGal","bouguer_anomaly"
"43418","-20.93427","-69.67465","-77.54","932.70","","","0.72","mGal","bouguer_anomaly"
"43407","-20.50884","-69.66318","-64.46","982.00","","","0.82","mGal","bouguer_anomaly"
"43241","-20.97453","-69.66184","-78.40","853.59","","","0.80","mGal","bouguer_anomaly"
"20201","-20.96100","-69.66083","-82.38","869.00","","","0.79","mGal","bouguer_anomaly"
"43413","-20.73737","-69.65648","-72.82","956.00","","","0.74","mGal","bouguer_anomaly"
"20202","-20.96967","-69.65367","-84.31","878.08","","","0.76","mGal","bouguer_anomaly"
"930589","-21.07851","-69.65220","-77.62","963.00","","","0.30","mGal","bouguer_anomaly"
"43408","-20.54313","-69.65210","-69.29","976.00","","","0.85","mGal","bouguer_anomaly"
"43509","-20.43742","-69.64820","-71.08","995.00","","","0.94","mGal","bouguer_anomaly"
"43412","-20.70787","-69.64598","-70.59","970.00","","","0.76","mGal","bouguer_anomaly"
"43503","-20.37491","-69.64392","-69.08","1002.00","","","1.00","mGal","bouguer_anomaly"
"930590","-21.04841","-69.64276","-87.46","899.00","","","0.29","mGal","bouguer_anomaly"
"20203","-20.99633","-69.64267","-83.99","866.45","","","0.76","mGal","bouguer_anomaly"
"43409","-20.57526","-69.63785","-75.38","974.00","","","0.88","mGal","bouguer_anomaly"
"43410","-20.61864","-69.63447","-68.55","975.00","","","0.85","mGal","bouguer_anomaly"
"43411","-20.65835","-69.62206","-70.68","974.00","","","0.84","mGal","bouguer_anomaly"
"43504","-20.41042","-69.61924","-82.39","995.00","","","1.07","mGal","bouguer_anomaly"
"20204","-21.00717","-69.61633","-96.16","854.00","","","0.81","mGal","bouguer_anomaly"
"43507","-20.48582","-69.60698","-87.57","985.00","","","1.04","mGal","bouguer_anomaly"
"930447","-21.23186","-69.60280","-104.01","763.00","","","0.29","mGal","bouguer_anomaly"
"43508","-20.45107","-69.59745","-88.59","988.00","","","1.12","mGal","bouguer_anomaly"
"20205","-21.06967","-69.59617","-105.02","799.50","","","0.90","mGal","bouguer_anomaly"
"930446","-21.22371","-69.59017","-108.61","770.00","","","0.31","mGal","bouguer_anomaly"
"20206","-21.08967","-69.58817","-109.17","797.58","","","0.87","mGal","bouguer_anomaly"
"20207","-21.10450","-69.58450","-110.40","797.83","","","0.87","mGal","bouguer_anomaly"
"43601","-20.60844","-69.57916","-100.13","985.21","","","1.00","mGal","bouguer_anomaly"
"43505","-20.42394","-69.57703","-97.37","992.00","","","1.24","mGal","bouguer_anomaly"
"930067","-20.65938","-69.57618","-103.00","1003.00","","","0.37","mGal","bouguer_anomaly"
"43701","-21.08645","-69.56703","-111.99","810.04","","","0.94","mGal","bouguer_anomaly"
"20208","-21.16067","-69.56450","-119.83","784.50","","","0.94","mGal","bouguer_anomaly"
"43506","-20.46122","-69.56087","-100.20","989.00","","","1.31","mGal","bouguer_anomaly"
"20209","-21.20317","-69.54917","-123.09","786.00","","","0.98","mGal","bouguer_anomaly"
"930068","-20.68840","-69.53973","-117.37","1016.00","","","0.43","mGal","bouguer_anomaly"
"43602","-20.59692","-69.53641","-112.99","1005.90","","","1.28","mGal","bouguer_anomaly"
"20210","-21.24433","-69.53483","-124.62","800.50","","","1.07","mGal","bouguer_anomaly"
"43510","-20.43893","-69.52340","-109.02","1000.00","","","1.69","mGal","bouguer_anomaly"
"43702","-21.08189","-69.52331","-129.35","839.71","","","1.24","mGal","bouguer_anomaly"
"20211","-21.30033","-69.51533","-131.05","806.00","","","1.19","mGal","bouguer_anomaly"
"930069","-20.71755","-69.50310","-119.91","1062.00","","","0.50","mGal","bouguer_anomaly"
"43603","-20.58123","-69.49721","-96.15","1029.82","","","1.57","mGal","bouguer_anomaly"
"930448","-21.27228","-69.49306","-139.93","821.00","","","0.51","mGal","bouguer_anomaly"
"930450","-21.22846","-69.48942","-140.24","826.00","","","0.54","mGal","bouguer_anomaly"
"43511","-20.45286","-69.48558","-127.07","1017.00","","","2.05","mGal","bouguer_anomaly"
"43703","-21.07768","-69.48132","-144.26","873.82","","","1.62","mGal","bouguer_anomaly"
"930449","-21.25714","-69.47788","-142.36","830.00","","","0.54","mGal","bouguer_anomaly"
"43604","-20.56449","-69.47145","-138.42","1042.28","","","1.85","mGal","bouguer_anomaly"
"930070","-20.74773","-69.46590","-130.97","1067.00","","","0.59","mGal","bouguer_anomaly"
"930451","-21.24477","-69.44850","-152.11","861.00","","","0.66","mGal","bouguer_anomaly"
"43605","-20.54830","-69.44511","-148.48","1053.97","","","2.18","mGal","bouguer_anomaly"
"43512","-20.47105","-69.44105","-146.50","1056.00","","","2.54","mGal","bouguer_anomaly"
"43704","-21.07103","-69.43539","-153.91","923.82","","","1.95","mGal","bouguer_anomaly"
"930071","-20.77551","-69.42984","-137.80","1106.00","","","0.71","mGal","bouguer_anomaly"
"43606","-20.53183","-69.41888","-156.66","1078.01","","","2.60","mGal","bouguer_anomaly"
"43607","-20.57621","-69.41084","-156.34","1096.00","","","2.51","mGal","bouguer_anomaly"
"43608","-20.51796","-69.39736","-160.58","1106.40","","","3.06","mGal","bouguer_anomaly"
"43513","-20.48968","-69.39633","-158.08","1103.00","","","3.28","mGal","bouguer_anomaly"
"43705","-21.04926","-69.39577","-166.89","1002.14","","","2.24","mGal","bouguer_anomaly"
"930072","-20.80499","-69.39236","-161.42","1147.00","","","0.85","mGal","bouguer_anomaly"
"43706","-21.01879","-69.36393","-177.05","1110.34","","","2.59","mGal","bouguer_anomaly"
"43609","-20.60813","-69.36141","-165.62","1163.00","","","3.33","mGal","bouguer_anomaly"
"43610","-20.51145","-69.36042","-165.66","1195.97","","","3.74","mGal","bouguer_anomaly"
"930073","-20.82618","-69.35323","-178.37","1224.00","","","1.02","mGal","bouguer_anomaly"
"43611","-20.48730","-69.32776","-173.93","1325.54","","","4.51","mGal","bouguer_anomaly"
"43707","-20.99420","-69.32597","-182.14","1245.55","","","2.79","mGal","bouguer_anomaly"
"930074","-20.82626","-69.30935","-189.97","1448.00","","","1.19","mGal","bouguer_anomaly"
"43708","-20.98813","-69.28449","-199.56","1377.45","","","3.14","mGal","bouguer_anomaly"
"43612","-20.47285","-69.27164","-201.76","1694.00","","","5.50","mGal","bouguer_anomaly"
"930075","-20.82635","-69.26150","-210.41","1608.00","","","1.38","mGal","bouguer_anomaly"
"43709","-20.98315","-69.23676","-217.16","1505.47","","","3.91","mGal","bouguer_anomaly"
"43613","-20.46595","-69.23183","-228.52","2044.00","","","5.67","mGal","bouguer_anomaly"
"930076","-20.82625","-69.21394","-225.65","1790.00","","","1.62","mGal","bouguer_anomaly"
"43710","-20.96937","-69.19480","-226.92","1630.55","","","4.87","mGal","bouguer_anomaly"
"43614","-20.45524","-69.19174","-240.66","2352.00","","","6.14","mGal","bouguer_anomaly"
"43711","-20.94935","-69.15649","-230.80","1762.00","","","5.99","mGal","bouguer_anomaly"
"43615","-20.43965","-69.15453","-241.76","2591.00","","","6.82","mGal","bouguer_anomaly"
"43616","-20.41193","-69.13064","-245.65","2846.00","","","8.33","mGal","bouguer_anomaly"
"43712","-20.92878","-69.12714","-232.73","1898.45","","","8.55","mGal","bouguer_anomaly"
"43617","-20.39433","-69.09411","-252.68","3201.00","","","9.02","mGal","bouguer_anomaly"
"43713","-20.91977","-69.08212","-245.85","2094.00","","","12.33","mGal","bouguer_anomaly"
"43618","-20.37582","-69.05979","-262.34","3684.00","","","8.26","mGal","bouguer_anomaly"
"43714","-20.92204","-69.04616","-260.33","2290.00","","","15.11","mGal","bouguer_anomaly"
"43619","-20.35794","-69.02529","-276.13","3904.00","","","6.31","mGal","bouguer_anomaly"
"43715","-20.93470","-69.00481","-277.05","2523.00","","","17.39","mGal","bouguer_anomaly"
"43716","-20.93605","-68.96749","-292.55","2792.00","","","21.67","mGal","bouguer_anomaly"
"43622","-20.35368","-68.94156","-300.67","4283.00","","","5.81","mGal","bouguer_anomaly"
"43717","-20.92529","-68.92912","-302.70","3112.00","","","20.43","mGal","bouguer_anomaly"
"43718","-20.92491","-68.89643","-313.34","3451.00","","","12.75","mGal","bouguer_anomaly"
"43719","-20.88956","-68.86347","-318.54","3958.00","","","5.67","mGal","bouguer_anomaly"
"43627","-20.41191","-68.84904","-306.10","3983.00","","","2.49","mGal","bouguer_anomaly"
"43629","-20.37134","-68.84688","-312.98","3923.00","","","2.39","mGal","bouguer_anomaly"
"43720","-20.87154","-68.82677","-320.21","4324.00","","","5.00","mGal","bouguer_anomaly"
"43721","-20.89211","-68.79232","-326.94","4315.00","","","4.12","mGal","bouguer_anomaly"
"43722","-20.93941","-68.75783","-331.32","4373.00","","","3.84","mGal","bouguer_anomaly"
"930452","-21.25853","-69.40380","-161.75","921.00","","","0.82","mGal","bouguer_anomaly"
"930453","-21.27199","-69.35950","-171.52","996.00","","","1.03","mGal","bouguer_anomaly"
"930454","-21.28592","-69.31468","-195.45","1120.00","","","1.20","mGal","bouguer_anomaly"
"930455","-21.29873","-69.26997","-210.03","1234.00","","","1.26","mGal","bouguer_anomaly"
"930456","-21.30715","-69.24440","-216.88","1300.00","","","1.48","mGal","bouguer_anomaly"
"930077","-20.82502","-69.16599","-234.02","2024.00","","","1.92","mGal","bouguer_anomaly"
"930078","-20.79822","-69.12145","-229.85","2450.00","","","2.20","mGal","bouguer_anomaly"
"930079","-20.79433","-69.09666","-251.01","2668.00","","","2.48","mGal","bouguer_anomaly"
"930080","-20.79583","-69.05507","-256.39","3025.00","","","2.79","mGal","bouguer_anomaly"
"930081","-20.79428","-69.01368","-265.67","3654.00","","","3.75","mGal","bouguer_anomaly"
"930082","-20.78083","-68.98795","-273.53","3938.00","","","3.64","mGal","bouguer_anomaly"
"9330028","-20.56350","-68.98630","-305.85","3581.50","","","5.04","mGal","bouguer_anomaly"
"9340031","-20.46940","-68.96310","-322.20","3793.70","","","4.16","mGal","bouguer_anomaly"
"9330022","-20.55610","-68.95330","-317.98","3628.20","","","4.06","mGal","bouguer_anomaly"
"9340027","-20.46460","-68.95160","-322.67","3763.60","","","3.83","mGal","bouguer_anomaly"
"930083","-20.78201","-68.94663","-285.36","4065.00","","","2.91","mGal","bouguer_anomaly"
"9340024","-20.45980","-68.93890","-323.90","3775.60","","","3.66","mGal","bouguer_anomaly"
"930084","-20.81203","-68.93629","-289.33","4122.00","","","2.92","mGal","bouguer_anomaly"
"930085","-20.84516","-68.93603","-286.05","4260.00","","","3.24","mGal","bouguer_anomaly"
"9330018","-20.55150","-68.93580","-323.71","3694.40","","","3.79","mGal","bouguer_anomaly"
"9340021","-20.45400","-68.92530","-325.20","3799.40","","","3.53","mGal","bouguer_anomaly"
"9320010","-20.83770","-68.92100","-325.88","3934.40","","","5.78","mGal","bouguer_anomaly"
"9330014","-20.54930","-68.91590","-326.77","3715.60","","","3.52","mGal","bouguer_anomaly"
"9340017","-20.44660","-68.90900","-324.51","3787.10","","","3.32","mGal","bouguer_anomaly"
"930086","-20.86966","-68.90771","-299.39","4129.00","","","2.57","mGal","bouguer_anomaly"
"9310033","-20.87270","-68.90400","-330.93","3969.20","","","5.69","mGal","bouguer_anomaly"
"9320018","-20.83050","-68.90250","-331.75","3846.70","","","4.94","mGal","bouguer_anomaly"
"9330010","-20.54650","-68.89820","-324.08","3709.00","","","3.49","mGal","bouguer_anomaly"
"9340013","-20.43970","-68.89250","-324.77","3795.90","","","3.16","mGal","bouguer_anomaly"
"9310024","-20.86810","-68.88490","-338.36","3882.80","","","4.76","mGal","bouguer_anomaly"
"9320027","-20.82360","-68.88380","-339.96","3854.50","","","4.50","mGal","bouguer_anomaly"
"9330006","-20.54170","-68.87980","-322.89","3725.20","","","3.27","mGal","bouguer_anomaly"
"9340009","-20.43320","-68.87580","-328.02","3839.00","","","2.83","mGal","bouguer_anomaly"
"930092","-20.92561","-68.87067","-322.19","3522.00","","","2.36","mGal","bouguer_anomaly"
"9310015","-20.86160","-68.86680","-344.18","3911.10","","","4.49","mGal","bouguer_anomaly"
"9320035","-20.81720","-68.86660","-343.79","3929.80","","","4.21","mGal","bouguer_anomaly"
"9340005","-20.42560","-68.85900","-330.01","3856.70","","","2.70","mGal","bouguer_anomaly"
"9330001","-20.53780","-68.85780","-322.73","3828.80","","","3.35","mGal","bouguer_anomaly"
"9320041","-20.81140","-68.85160","-343.74","3947.40","","","3.93","mGal","bouguer_anomaly"
"9310006","-20.85430","-68.84920","-346.59","3984.70","","","4.07","mGal","bouguer_anomaly"
"930091","-20.97132","-68.84797","-326.66","4074.00","","","1.84","mGal","bouguer_anomaly"
"9340001","-20.41880","-68.84290","-335.68","3885.80","","","2.42","mGal","bouguer_anomaly"
"9320046","-20.80740","-68.84170","-346.80","3961.50","","","3.77","mGal","bouguer_anomaly"
"930382","-20.44655","-68.83400","-304.76","4110.00","","","1.05","mGal","bouguer_anomaly"
"930090","-20.97578","-68.81731","-322.33","4318.00","","","1.95","mGal","bouguer_anomaly"
"930384","-20.64607","-68.80292","-302.71","4336.00","","","1.82","mGal","bouguer_anomaly"
"930383","-20.61151","-68.80137","-301.78","4188.00","","","1.27","mGal","bouguer_anomaly"
"930381","-20.46542","-68.79898","-314.09","4177.00","","","1.02","mGal","bouguer_anomaly"
"930380","-20.50267","-68.79642","-312.81","4217.00","","","1.13","mGal","bouguer_anomaly"
"930385","-20.69335","-68.79430","-309.89","4227.00","","","1.40","mGal","bouguer_anomaly"
"930360","-21.25165","-68.79102","-316.33","4218.00","","","1.83","mGal","bouguer_anomaly"
"930379","-20.54441","-68.78670","-307.62","4130.00","","","0.98","mGal","bouguer_anomaly"
"930358","-21.33197","-68.78155","-308.01","4050.00","","","1.40","mGal","bouguer_anomaly"
"930359","-21.29016","-68.78101","-310.36","4071.00","","","1.42","mGal","bouguer_anomaly"
"930386","-20.73647","-68.77850","-311.36","4346.00","","","1.70","mGal","bouguer_anomaly"
"930089","-20.98399","-68.77608","-337.43","4383.00","","","1.68","mGal","bouguer_anomaly"
"930378","-20.58653","-68.77094","-306.68","4090.00","","","0.97","mGal","bouguer_anomaly"
"930087","-20.96318","-68.76733","-333.91","4293.00","","","1.46","mGal","bouguer_anomaly"
"930387","-20.77478","-68.76724","-314.78","4258.00","","","1.27","mGal","bouguer_anomaly"
"930088","-20.98664","-68.76508","-338.74","4440.00","","","1.72","mGal","bouguer_anomaly"
"930362","-21.19140","-68.76221","-313.51","4337.00","","","1.88","mGal","bouguer_anomaly"
"930361","-21.22755","-68.76041","-315.54","4380.00","","","2.18","mGal","bouguer_anomaly"
"930388","-20.82123","-68.76019","-325.44","4206.00","","","1.18","mGal","bouguer_anomaly"
"930363","-21.14910","-68.75840","-320.02","4285.00","","","1.63","mGal","bouguer_anomaly"
"930389","-20.85623","-68.75449","-328.38","4281.00","","","1.28","mGal","bouguer_anomaly"
"930367","-21.02629","-68.74216","-333.23","4506.00","","","1.75","mGal","bouguer_anomaly"
"930377","-20.61236","-68.73994","-314.36","3956.00","","","0.78","mGal","bouguer_anomaly"
"930364","-21.11598","-68.73502","-320.71","4506.00","","","1.91","mGal","bouguer_anomaly"
"930365","-21.08625","-68.70801","-325.58","4544.00","","","1.74","mGal","bouguer_anomaly"
"930376","-20.63205","-68.70720","-315.96","3745.00","","","0.83","mGal","bouguer_anomaly"
"930366","-21.05720","-68.70386","-329.18","4526.00","","","1.56","mGal","bouguer_anomaly"
"930375","-20.68503","-68.70258","-311.10","3745.00","","","0.86","mGal","bouguer_anomaly"
"930374","-20.71119","-68.68135","-326.43","3765.00","","","0.82","mGal","bouguer_anomaly"
"930539","-20.97321","-68.67867","-336.07","4754.00","","","2.02","mGal","bouguer_anomaly"
"930550","-21.27587","-68.67402","-326.28","3820.00","","","1.13","mGal","bouguer_anomaly"
"930551","-21.32690","-68.67252","-326.17","3722.00","","","1.01","mGal","bouguer_anomaly"
"930549","-21.24115","-68.67027","-321.62","3870.00","","","1.26","mGal","bouguer_anomaly"
"930548","-21.21002","-68.66850","-326.40","3858.00","","","1.47","mGal","bouguer_anomaly"
"930547","-21.17843","-68.66448","-328.72","3873.00","","","1.54","mGal","bouguer_anomaly"
"930373","-20.75176","-68.66232","-340.54","3824.00","","","0.82","mGal","bouguer_anomaly"
"930546","-21.13471","-68.64746","-341.09","3962.00","","","1.27","mGal","bouguer_anomaly"
"930372","-20.79368","-68.63538","-344.98","3874.00","","","0.90","mGal","bouguer_anomaly"
"930552","-21.34240","-68.63485","-335.75","3720.00","","","1.03","mGal","bouguer_anomaly"
"930369","-20.96673","-68.61958","-337.27","4247.00","","","0.90","mGal","bouguer_anomaly"
"930545","-21.10988","-68.61546","-351.47","3920.00","","","1.30","mGal","bouguer_anomaly"
"930371","-20.83250","-68.61246","-340.65","3947.00","","","1.12","mGal","bouguer_anomaly"
"930540","-20.99725","-68.60622","-344.18","4225.00","","","0.79","mGal","bouguer_anomaly"
"930541","-21.04618","-68.60558","-348.62","4174.00","","","0.81","mGal","bouguer_anomaly"
"930553","-21.34521","-68.60291","-340.87","3745.00","","","1.16","mGal","bouguer_anomaly"
"930370","-20.86783","-68.59815","-350.79","3992.00","","","0.79","mGal","bouguer_anomaly"
"930542","-21.07392","-68.59611","-346.11","4045.00","","","0.96","mGal","bouguer_anomaly"
"930543","-21.11175","-68.57874","-358.05","4023.00","","","1.13","mGal","bouguer_anomaly"
"930368","-20.93648","-68.57535","-346.11","4150.00","","","0.92","mGal","bouguer_anomaly"
"930559","-21.33470","-68.56450","-332.43","3978.00","","","1.32","mGal","bouguer_anomaly"
"930544","-21.13190","-68.55309","-371.82","4194.00","","","1.22","mGal","bouguer_anomaly"
"930560","-21.30203","-68.54043","-349.21","4200.00","","","1.18","mGal","bouguer_anomaly"
"930390","-20.96172","-68.53950","-356.75","4204.00","","","0.77","mGal","bouguer_anomaly"
"930532","-21.18867","-68.53214","-363.48","4679.00","","","1.71","mGal","bouguer_anomaly"
"930533","-21.15889","-68.52048","-371.59","4508.00","","","1.29","mGal","bouguer_anomaly"
"930531","-21.22300","-68.51850","-369.30","4935.00","","","2.18","mGal","bouguer_anomaly"
"930391","-20.98786","-68.50968","-361.08","4248.00","","","0.95","mGal","bouguer_anomaly"
"930525","-21.32403","-68.50703","-369.29","4360.00","","","1.20","mGal","bouguer_anomaly"
"930526","-21.29063","-68.50258","-351.51","4517.00","","","1.45","mGal","bouguer_anomaly"
"930527","-21.26140","-68.49921","-358.13","4681.00","","","1.52","mGal","bouguer_anomaly"
"930534","-21.16653","-68.49408","-374.33","4707.00","","","1.56","mGal","bouguer_anomaly"
"930536","-21.11770","-68.48251","-368.31","4368.00","","","1.20","mGal","bouguer_anomaly"
"930528","-21.26696","-68.47520","-359.70","4726.00","","","1.59","mGal","bouguer_anomaly"
"930537","-21.07400","-68.47165","-363.40","4200.00","","","0.74","mGal","bouguer_anomaly"
"930524","-21.34903","-68.46847","-356.50","4050.00","","","1.26","mGal","bouguer_anomaly"
"930392","-21.00747","-68.46775","-366.06","4351.00","","","0.74","mGal","bouguer_anomaly"
"930538","-21.03909","-68.46530","-361.15","4160.00","","","0.72","mGal","bouguer_anomaly"
"930535","-21.19182","-68.45238","-387.58","5081.00","","","2.87","mGal","bouguer_anomaly"
"930402","-21.18456","-68.44453","-399.91","4918.00","","","2.36","mGal","bouguer_anomaly"
"930529","-21.25698","-68.43513","-363.80","4705.00","","","1.93","mGal","bouguer_anomaly"
"930393","-21.00825","-68.42084","-366.97","4302.00","","","0.67","mGal","bouguer_anomaly"
"930401","-21.18423","-68.40130","-382.32","4489.00","","","1.44","mGal","bouguer_anomaly"
"930530","-21.22703","-68.40110","-361.60","4469.00","","","1.43","mGal","bouguer_anomaly"
"930394","-21.02275","-68.37788","-366.84","4125.00","","","0.52","mGal","bouguer_anomaly"
"930400","-21.20086","-68.37399","-374.37","4125.00","","","1.27","mGal","bouguer_anomaly"
"930395","-21.06407","-68.36549","-362.62","3995.00","","","0.56","mGal","bouguer_anomaly"
"930399","-21.20115","-68.32118","-370.26","3800.00","","","0.82","mGal","bouguer_anomaly"
"930396","-21.09416","-68.31865","-361.64","3955.00","","","0.49","mGal","bouguer_anomaly"
"20421","-21.35150","-68.28833","-367.41","3690.00","","","3.85","mGal","bouguer_anomaly"
"930397","-21.12685","-68.28588","-362.30","3809.00","","","0.45","mGal","bouguer_anomaly"
"930398","-21.16263","-68.27178","-363.58","3715.00","","","0.57","mGal","bouguer_anomaly"
"20422","-21.30833","-68.26850","-382.08","3797.00","","","2.00","mGal","bouguer_anomaly"
"20423","-21.27117","-68.26650","-385.42","3731.00","","","1.80","mGal","bouguer_anomaly"
"20424","-21.22150","-68.25167","-371.84","3707.00","","","1.71","mGal","bouguer_anomaly"
"43129","-20.23203","-70.14493","19.56","2.00","","","3.74","mGal","bouguer_anomaly"
"43127","-20.32468","-70.13957","14.77","46.00","","","10.30","mGal","bouguer_anomaly"
"43128","-20.28838","-70.13624","11.12","27.00","","","4.83","mGal","bouguer_anomaly"
"43001","-20.25080","-70.10754","8.91","516.00","","","5.45","mGal","bouguer_anomaly"
"43002","-20.32874","-70.09823","7.58","637.00","","","4.83","mGal","bouguer_anomaly"
"43003","-20.28934","-70.08359","5.38","650.00","","","3.09","mGal","bouguer_anomaly"
"43314","-20.30214","-70.06021","4.23","742.00","","","2.11","mGal","bouguer_anomaly"
"43004","-20.23664","-70.05881","6.60","674.00","","","1.82","mGal","bouguer_anomaly"
"43005","-20.22761","-70.02754","5.55","982.00","","","1.97","mGal","bouguer_anomaly"
"43006","-20.30868","-70.02329","0.45","915.00","","","1.69","mGal","bouguer_anomaly"
"43313","-20.34611","-70.01884","2.14","932.00","","","1.47","mGal","bouguer_anomaly"
"43007","-20.23665","-69.98012","1.07","873.00","","","1.21","mGal","bouguer_anomaly"
"43008","-20.22244","-69.93342","-7.33","1012.00","","","1.09","mGal","bouguer_anomaly"
"43009","-20.21038","-69.89076","-9.53","1094.00","","","1.11","mGal","bouguer_anomaly"
"43010","-20.20709","-69.84231","-9.85","1080.00","","","0.97","mGal","bouguer_anomaly"
"43011","-20.33041","-69.78818","-16.60","1034.74","","","0.77","mGal","bouguer_anomaly"
"43401","-20.25688","-69.78369","-13.97","1026.58","","","0.85","mGal","bouguer_anomaly"
"43402","-20.29355","-69.76597","-19.72","1021.00","","","0.85","mGal","bouguer_anomaly"
"43403","-20.33448","-69.74519","-26.16","1014.00","","","0.82","mGal","bouguer_anomaly"
"930040","-20.25639","-69.74165","-24.95","1024.00","","","0.33","mGal","bouguer_anomaly"
"43501","-20.32543","-69.70454","-39.22","1012.00","","","0.86","mGal","bouguer_anomaly"
"930041","-20.25250","-69.69506","-37.10","1032.00","","","0.37","mGal","bouguer_anomaly"
"43502","-20.33105","-69.65475","-63.07","1009.00","","","1.00","mGal","bouguer_anomaly"
"930042","-20.24634","-69.65327","-51.31","1035.00","","","0.43","mGal","bouguer_anomaly"
"930043","-20.22238","-69.60710","-70.12","1050.00","","","0.56","mGal","bouguer_anomaly"
"930044","-20.19396","-69.56532","-89.18","1103.00","","","0.71","mGal","bouguer_anomaly"
"930066","-20.24908","-69.56224","-87.00","1074.00","","","0.67","mGal","bouguer_anomaly"
"930045","-20.17040","-69.52541","-120.64","1162.00","","","0.94","mGal","bouguer_anomaly"
"930065","-20.24940","-69.49730","-124.37","1181.00","","","0.94","mGal","bouguer_anomaly"
"930046","-20.13343","-69.48323","-138.41","1302.00","","","1.20","mGal","bouguer_anomaly"
"930064","-20.25077","-69.45062","-147.11","1275.00","","","1.19","mGal","bouguer_anomaly"
"930047","-20.13213","-69.44094","-156.61","1464.00","","","1.41","mGal","bouguer_anomaly"
"930048","-20.10018","-69.41132","-153.73","1654.00","","","1.51","mGal","bouguer_anomaly"
"930063","-20.24296","-69.40625","-153.29","1386.00","","","1.49","mGal","bouguer_anomaly"
"930062","-20.21575","-69.38042","-168.29","1617.00","","","1.47","mGal","bouguer_anomaly"
"930049","-20.07468","-69.37937","-168.19","1866.00","","","1.57","mGal","bouguer_anomaly"
"930061","-20.18641","-69.34821","-177.29","1874.00","","","1.62","mGal","bouguer_anomaly"
"930050","-20.08548","-69.33515","-190.76","2100.00","","","1.67","mGal","bouguer_anomaly"
"930060","-20.16175","-69.31627","-196.38","2062.00","","","1.69","mGal","bouguer_anomaly"
"930051","-20.08773","-69.29669","-204.00","2282.00","","","1.78","mGal","bouguer_anomaly"
"930059","-20.13225","-69.27805","-202.34","2332.00","","","1.84","mGal","bouguer_anomaly"
"930052","-20.07283","-69.25940","-215.73","2512.00","","","1.95","mGal","bouguer_anomaly"
"930058","-20.11491","-69.24401","-220.66","2485.00","","","2.05","mGal","bouguer_anomaly"
"930053","-20.05826","-69.22318","-225.48","2767.00","","","2.16","mGal","bouguer_anomaly"
"930057","-20.10441","-69.20768","-233.09","2730.00","","","2.36","mGal","bouguer_anomaly"
"930054","-20.07297","-69.20728","-228.20","2766.00","","","2.26","mGal","bouguer_anomaly"
"930055","-20.07117","-69.18197","-254.53","2775.00","","","2.46","mGal","bouguer_anomaly"
"930056","-20.08615","-69.18042","-240.60","2955.00","","","2.39","mGal","bouguer_anomaly"
"43620","-20.34312","-68.98802","-291.24","4115.00","","","5.47","mGal","bouguer_anomaly"
"9360040","-20.14350","-68.98110","-329.12","4430.40","","","6.84","mGal","bouguer_anomaly"
"9360036","-20.14310","-68.97070","-332.61","4397.50","","","5.93","mGal","bouguer_anomaly"
"43621","-20.32703","-68.96025","-296.79","4175.00","","","4.87","mGal","bouguer_anomaly"
"9360032","-20.14330","-68.95370","-338.53","4347.50","","","5.20","mGal","bouguer_anomaly"
"9360028","-20.14120","-68.93360","-344.04","4245.60","","","3.96","mGal","bouguer_anomaly"
"43623","-20.30163","-68.92290","-306.09","4126.00","","","3.74","mGal","bouguer_anomaly"
"9360024","-20.13950","-68.91700","-346.45","4167.20","","","3.39","mGal","bouguer_anomaly"
"9360020","-20.14240","-68.89930","-347.23","4013.70","","","2.77","mGal","bouguer_anomaly"
"43624","-20.27414","-68.88633","-313.47","3768.00","","","2.88","mGal","bouguer_anomaly"
"9360016","-20.14250","-68.87700","-349.76","3875.90","","","2.61","mGal","bouguer_anomaly"
"43625","-20.31244","-68.87395","-312.49","3770.00","","","2.72","mGal","bouguer_anomaly"
"43626","-20.25054","-68.87046","-319.06","3782.00","","","2.54","mGal","bouguer_anomaly"
"9350090","-20.24510","-68.85000","-347.34","3661.70","","","3.17","mGal","bouguer_anomaly"
"43628","-20.33582","-68.84835","-315.94","3789.00","","","2.42","mGal","bouguer_anomaly"
"9360015","-20.13920","-68.84740","-356.84","3736.60","","","3.12","mGal","bouguer_anomaly"
"9360011","-20.13620","-68.83160","-358.41","3736.60","","","3.55","mGal","bouguer_anomaly"
"9350094","-20.24310","-68.83100","-354.93","3666.10","","","3.34","mGal","bouguer_anomaly"
"9360007","-20.13320","-68.81310","-373.52","3776.00","","","4.94","mGal","bouguer_anomaly"
"9350098","-20.24110","-68.81250","-355.96","3673.10","","","4.57","mGal","bouguer_anomaly"
"9360001","-20.13130","-68.79550","-378.04","3915.50","","","2.59","mGal","bouguer_anomaly"
"9350003","-20.23960","-68.79370","-358.91","3710.50","","","3.74","mGal","bouguer_anomaly"
"9350009","-20.23820","-68.77500","-357.33","3823.70","","","4.76","mGal","bouguer_anomaly"
