station_id,x_m,z_m,elevation_m,g,unit,gravity_type
1,0.00000000,0.00000000,0.00000000,0.01493623,mGal,synthetic_demo
2,50.00000000,0.00000000,0.00000000,0.00234215,mGal,synthetic_demo
3,100.00000000,0.00000000,0.00000000,0.02115439,mGal,synthetic_demo
4,150.00000000,0.00000000,0.00000000,0.02401818,mGal,synthetic_demo
5,200.00000000,0.00000000,0.00000000,-0.00388178,mGal,synthetic_demo
6,250.00000000,0.00000000,0.00000000,0.00367331,mGal,synthetic_demo
7,300.00000000,0.00000000,0.00000000,0.01908587,mGal,synthetic_demo
8,350.00000000,0.00000000,0.00000000,0.01579645,mGal,synthetic_demo
9,400.00000000,0.00000000,0.00000000,0.01997214,mGal,synthetic_demo
10,450.00000000,0.00000000,0.00000000,0.01280906,mGal,synthetic_demo
11,500.00000000,0.00000000,0.00000000,0.03133634,mGal,synthetic_demo
12,550.00000000,0.00000000,0.00000000,0.03150932,mGal,synthetic_demo
13,600.00000000,0.00000000,0.00000000,0.02554700,mGal,synthetic_demo
14,650.00000000,0.00000000,0.00000000,0.03725857,mGal,synthetic_demo
15,700.00000000,0.00000000,0.00000000,0.03168127,mGal,synthetic_demo
16,750.00000000,0.00000000,0.00000000,0.01932961,mGal,synthetic_demo
17,800.00000000,0.00000000,0.00000000,0.03239903,mGal,synthetic_demo
18,850.00000000,0.00000000,0.00000000,0.01976241,mGal,synthetic_demo
19,900.00000000,0.00000000,0.00000000,0.03860736,mGal,synthetic_demo
20,950.00000000,0.00000000,0.00000000,0.02961268,mGal,synthetic_demo
21,1000.00000000,0.00000000,0.00000000,0.02836071,mGal,synthetic_demo
22,1050.00000000,0.00000000,0.00000000,0.02330264,mGal,synthetic_demo
23,1100.00000000,0.00000000,0.00000000,0.04204827,mGal,synthetic_demo
24,1150.00000000,0.00000000,0.00000000,0.02780594,mGal,synthetic_demo
25,1200.00000000,0.00000000,0.00000000,0.02442824,mGal,synthetic_demo
26,1250.00000000,0.00000000,0.00000000,0.02440120,mGal,synthetic_demo
27,1300.00000000,0.00000000,0.00000000,0.03232927,mGal,synthetic_demo
28,1350.00000000,0.00000000,0.00000000,0.02964060,mGal,synthetic_demo
29,1400.00000000,0.00000000,0.00000000,0.02901402,mGal,synthetic_demo
30,1450.00000000,0.00000000,0.00000000,0.02803961,mGal,synthetic_demo
31,1500.00000000,0.00000000,0.00000000,0.04395884,mGal,synthetic_demo
32,1550.00000000,0.00000000,0.00000000,0.01727535,mGal,synthetic_demo
33,1600.00000000,0.00000000,0.00000000,0.01501772,mGal,synthetic_demo
34,1650.00000000,0.00000000,0.00000000,0.01082115,mGal,synthetic_demo
35,1700.00000000,0.00000000,0.00000000,0.02396726,mGal,synthetic_demo
36,1750.00000000,0.00000000,0.00000000,0.02798483,mGal,synthetic_demo
37,1800.00000000,0.00000000,0.00000000,0.01448910,mGal,synthetic_demo
38,1850.00000000,0.00000000,0.00000000,0.00621097,mGal,synthetic_demo
39,1900.00000000,0.00000000,0.00000000,0.00540507,mGal,synthetic_demo
40,1950.00000000,0.00000000,0.00000000,0.01924792,mGal,synthetic_demo
41,2000.00000000,0.00000000,0.00000000,0.01932160,mGal,synthetic_demo
42,0.00000000,50.00000000,0.00000000,0.01817353,mGal,synthetic_demo
43,50.00000000,50.00000000,0.00000000,0.00704691,mGal,synthetic_demo
44,100.00000000,50.00000000,0.00000000,0.01705136,mGal,synthetic_demo
45,150.00000000,50.00000000,0.00000000,0.01699284,mGal,synthetic_demo
46,200.00000000,50.00000000,0.00000000,0.01917704,mGal,synthetic_demo
47,250.00000000,50.00000000,0.00000000,0.02693427,mGal,synthetic_demo
48,300.00000000,50.00000000,0.00000000,0.02174701,mGal,synthetic_demo
49,350.00000000,50.00000000,0.00000000,0.02764549,mGal,synthetic_demo
50,400.00000000,50.00000000,0.00000000,0.02292168,mGal,synthetic_demo
51,450.00000000,50.00000000,0.00000000,0.02655743,mGal,synthetic_demo
52,500.00000000,50.00000000,0.00000000,0.03141320,mGal,synthetic_demo
53,550.00000000,50.00000000,0.00000000,0.01195570,mGal,synthetic_demo
54,600.00000000,50.00000000,0.00000000,0.02472582,mGal,synthetic_demo
55,650.00000000,50.00000000,0.00000000,0.02455467,mGal,synthetic_demo
56,700.00000000,50.00000000,0.00000000,0.02411592,mGal,synthetic_demo
57,750.00000000,50.00000000,0.00000000,0.02887859,mGal,synthetic_demo
58,800.00000000,50.00000000,0.00000000,0.04755261,mGal,synthetic_demo
59,850.00000000,50.00000000,0.00000000,0.02473685,mGal,synthetic_demo
60,900.00000000,50.00000000,0.00000000,0.04366347,mGal,synthetic_demo
61,950.00000000,50.00000000,0.00000000,0.01751157,mGal,synthetic_demo
62,1000.00000000,50.00000000,0.00000000,0.03111269,mGal,synthetic_demo
63,1050.00000000,50.00000000,0.00000000,0.03596780,mGal,synthetic_demo
64,1100.00000000,50.00000000,0.00000000,0.03984291,mGal,synthetic_demo
65,1150.00000000,50.00000000,0.00000000,0.04050742,mGal,synthetic_demo
66,1200.00000000,50.00000000,0.00000000,0.04053667,mGal,synthetic_demo
67,1250.00000000,50.00000000,0.00000000,0.02814276,mGal,synthetic_demo
68,1300.00000000,50.00000000,0.00000000,0.02588118,mGal,synthetic_demo
69,1350.00000000,50.00000000,0.00000000,0.03783816,mGal,synthetic_demo
70,1400.00000000,50.00000000,0.00000000,0.02600949,mGal,synthetic_demo
71,1450.00000000,50.00000000,0.00000000,0.01377039,mGal,synthetic_demo
72,1500.00000000,50.00000000,0.00000000,0.01376744,mGal,synthetic_demo
73,1550.00000000,50.00000000,0.00000000,0.01447171,mGal,synthetic_demo
74,1600.00000000,50.00000000,0.00000000,0.02721749,mGal,synthetic_demo
75,1650.00000000,50.00000000,0.00000000,0.02228061,mGal,synthetic_demo
76,1700.00000000,50.00000000,0.00000000,0.02641591,mGal,synthetic_demo
77,1750.00000000,50.00000000,0.00000000,0.01394746,mGal,synthetic_demo
78,1800.00000000,50.00000000,0.00000000,0.01857556,mGal,synthetic_demo
79,1850.00000000,50.00000000,0.00000000,0.02208189,mGal,synthetic_demo
80,1900.00000000,50.00000000,0.00000000,0.01163628,mGal,synthetic_demo
81,1950.00000000,50.00000000,0.00000000,0.01826976,mGal,synthetic_demo
82,2000.00000000,50.00000000,0.00000000,0.00612273,mGal,synthetic_demo
83,0.00000000,100.00000000,0.00000000,0.01001934,mGal,synthetic_demo
84,50.00000000,100.00000000,0.00000000,0.01091237,mGal,synthetic_demo
85,100.00000000,100.00000000,0.00000000,0.00393432,mGal,synthetic_demo
86,150.00000000,100.00000000,0.00000000,0.02201068,mGal,synthetic_demo
87,200.00000000,100.00000000,0.00000000,0.01378118,mGal,synthetic_demo
88,250.00000000,100.00000000,0.00000000,0.02001918,mGal,synthetic_demo
89,300.00000000,100.00000000,0.00000000,0.02620180,mGal,synthetic_demo
90,350.00000000,100.00000000,0.00000000,0.02743395,mGal,synthetic_demo
91,400.00000000,100.00000000,0.00000000,0.03126040,mGal,synthetic_demo
92,450.00000000,100.00000000,0.00000000,0.02530822,mGal,synthetic_demo
93,500.00000000,100.00000000,0.00000000,0.02377542,mGal,synthetic_demo
94,550.00000000,100.00000000,0.00000000,0.02893035,mGal,synthetic_demo
95,600.00000000,100.00000000,0.00000000,0.01454696,mGal,synthetic_demo
96,650.00000000,100.00000000,0.00000000,0.01858074,mGal,synthetic_demo
97,700.00000000,100.00000000,0.00000000,0.02135653,mGal,synthetic_demo
98,750.00000000,100.00000000,0.00000000,0.02600189,mGal,synthetic_demo
99,800.00000000,100.00000000,0.00000000,0.04118088,mGal,synthetic_demo
100,850.00000000,100.00000000,0.00000000,0.02911610,mGal,synthetic_demo
101,900.00000000,100.00000000,0.00000000,0.03512190,mGal,synthetic_demo
102,950.00000000,100.00000000,0.00000000,0.05234672,mGal,synthetic_demo
103,1000.00000000,100.00000000,0.00000000,0.03594404,mGal,synthetic_demo
104,1050.00000000,100.00000000,0.00000000,0.04672959,mGal,synthetic_demo
105,1100.00000000,100.00000000,0.00000000,0.02956735,mGal,synthetic_demo
106,1150.00000000,100.00000000,0.00000000,0.03611652,mGal,synthetic_demo
107,1200.00000000,100.00000000,0.00000000,0.02768292,mGal,synthetic_demo
108,1250.00000000,100.00000000,0.00000000,0.03258402,mGal,synthetic_demo
109,1300.00000000,100.00000000,0.00000000,0.04298661,mGal,synthetic_demo
110,1350.00000000,100.00000000,0.00000000,0.01577866,mGal,synthetic_demo
111,1400.00000000,100.00000000,0.00000000,0.03576454,mGal,synthetic_demo
112,1450.00000000,100.00000000,0.00000000,0.03210489,mGal,synthetic_demo
113,1500.00000000,100.00000000,0.00000000,0.02206690,mGal,synthetic_demo
114,1550.00000000,100.00000000,0.00000000,0.01183250,mGal,synthetic_demo
115,1600.00000000,100.00000000,0.00000000,0.02532784,mGal,synthetic_demo
116,1650.00000000,100.00000000,0.00000000,0.01767371,mGal,synthetic_demo
117,1700.00000000,100.00000000,0.00000000,0.02372110,mGal,synthetic_demo
118,1750.00000000,100.00000000,0.00000000,0.02011276,mGal,synthetic_demo
119,1800.00000000,100.00000000,0.00000000,0.03449299,mGal,synthetic_demo
120,1850.00000000,100.00000000,0.00000000,0.01474740,mGal,synthetic_demo
121,1900.00000000,100.00000000,0.00000000,0.00565774,mGal,synthetic_demo
122,1950.00000000,100.00000000,0.00000000,0.01652251,mGal,synthetic_demo
123,2000.00000000,100.00000000,0.00000000,0.01584984,mGal,synthetic_demo
124,0.00000000,150.00000000,0.00000000,0.02820441,mGal,synthetic_demo
125,50.00000000,150.00000000,0.00000000,0.02417710,mGal,synthetic_demo
126,100.00000000,150.00000000,0.00000000,0.02070967,mGal,synthetic_demo
127,150.00000000,150.00000000,0.00000000,0.03319463,mGal,synthetic_demo
128,200.00000000,150.00000000,0.00000000,0.00820293,mGal,synthetic_demo
129,250.00000000,150.00000000,0.00000000,0.01533081,mGal,synthetic_demo
130,300.00000000,150.00000000,0.00000000,0.01420675,mGal,synthetic_demo
131,350.00000000,150.00000000,0.00000000,0.02141891,mGal,synthetic_demo
132,400.00000000,150.00000000,0.00000000,0.01348421,mGal,synthetic_demo
133,450.00000000,150.00000000,0.00000000,0.03560991,mGal,synthetic_demo
134,500.00000000,150.00000000,0.00000000,0.02909410,mGal,synthetic_demo
135,550.00000000,150.00000000,0.00000000,0.01868709,mGal,synthetic_demo
136,600.00000000,150.00000000,0.00000000,0.02530219,mGal,synthetic_demo
137,650.00000000,150.00000000,0.00000000,0.04059611,mGal,synthetic_demo
138,700.00000000,150.00000000,0.00000000,0.04773570,mGal,synthetic_demo
139,750.00000000,150.00000000,0.00000000,0.06105203,mGal,synthetic_demo
140,800.00000000,150.00000000,0.00000000,0.07173558,mGal,synthetic_demo
141,850.00000000,150.00000000,0.00000000,0.04798255,mGal,synthetic_demo
142,900.00000000,150.00000000,0.00000000,0.03486727,mGal,synthetic_demo
143,950.00000000,150.00000000,0.00000000,0.02401241,mGal,synthetic_demo
144,1000.00000000,150.00000000,0.00000000,0.04820275,mGal,synthetic_demo
145,1050.00000000,150.00000000,0.00000000,0.03720346,mGal,synthetic_demo
146,1100.00000000,150.00000000,0.00000000,0.04060907,mGal,synthetic_demo
147,1150.00000000,150.00000000,0.00000000,0.03771749,mGal,synthetic_demo
148,1200.00000000,150.00000000,0.00000000,0.04118904,mGal,synthetic_demo
149,1250.00000000,150.00000000,0.00000000,0.05174453,mGal,synthetic_demo
150,1300.00000000,150.00000000,0.00000000,0.04092492,mGal,synthetic_demo
151,1350.00000000,150.00000000,0.00000000,0.03587462,mGal,synthetic_demo
152,1400.00000000,150.00000000,0.00000000,0.02510144,mGal,synthetic_demo
153,1450.00000000,150.00000000,0.00000000,0.01664833,mGal,synthetic_demo
154,1500.00000000,150.00000000,0.00000000,0.02645325,mGal,synthetic_demo
155,1550.00000000,150.00000000,0.00000000,0.02872057,mGal,synthetic_demo
156,1600.00000000,150.00000000,0.00000000,0.04493037,mGal,synthetic_demo
157,1650.00000000,150.00000000,0.00000000,0.02661975,mGal,synthetic_demo
158,1700.00000000,150.00000000,0.00000000,0.03329991,mGal,synthetic_demo
159,1750.00000000,150.00000000,0.00000000,0.01673537,mGal,synthetic_demo
160,1800.00000000,150.00000000,0.00000000,0.00824113,mGal,synthetic_demo
161,1850.00000000,150.00000000,0.00000000,0.00891044,mGal,synthetic_demo
162,1900.00000000,150.00000000,0.00000000,0.00988870,mGal,synthetic_demo
163,1950.00000000,150.00000000,0.00000000,0.03711068,mGal,synthetic_demo
164,2000.00000000,150.00000000,0.00000000,0.00639867,mGal,synthetic_demo
165,0.00000000,200.00000000,0.00000000,0.02401347,mGal,synthetic_demo
166,50.00000000,200.00000000,0.00000000,0.00796089,mGal,synthetic_demo
167,100.00000000,200.00000000,0.00000000,0.02779094,mGal,synthetic_demo
168,150.00000000,200.00000000,0.00000000,0.02394007,mGal,synthetic_demo
169,200.00000000,200.00000000,0.00000000,0.02027522,mGal,synthetic_demo
170,250.00000000,200.00000000,0.00000000,0.02332377,mGal,synthetic_demo
171,300.00000000,200.00000000,0.00000000,0.01921199,mGal,synthetic_demo
172,350.00000000,200.00000000,0.00000000,0.03238325,mGal,synthetic_demo
173,400.00000000,200.00000000,0.00000000,0.02565950,mGal,synthetic_demo
174,450.00000000,200.00000000,0.00000000,0.02034714,mGal,synthetic_demo
175,500.00000000,200.00000000,0.00000000,0.02229938,mGal,synthetic_demo
176,550.00000000,200.00000000,0.00000000,0.03932706,mGal,synthetic_demo
177,600.00000000,200.00000000,0.00000000,0.05591649,mGal,synthetic_demo
178,650.00000000,200.00000000,0.00000000,0.04419687,mGal,synthetic_demo
179,700.00000000,200.00000000,0.00000000,0.04376500,mGal,synthetic_demo
180,750.00000000,200.00000000,0.00000000,0.04997654,mGal,synthetic_demo
181,800.00000000,200.00000000,0.00000000,0.06208407,mGal,synthetic_demo
182,850.00000000,200.00000000,0.00000000,0.05279076,mGal,synthetic_demo
183,900.00000000,200.00000000,0.00000000,0.04766340,mGal,synthetic_demo
184,950.00000000,200.00000000,0.00000000,0.06356304,mGal,synthetic_demo
185,1000.00000000,200.00000000,0.00000000,0.05703400,mGal,synthetic_demo
186,1050.00000000,200.00000000,0.00000000,0.06785771,mGal,synthetic_demo
187,1100.00000000,200.00000000,0.00000000,0.05360502,mGal,synthetic_demo
188,1150.00000000,200.00000000,0.00000000,0.03835225,mGal,synthetic_demo
189,1200.00000000,200.00000000,0.00000000,0.03534246,mGal,synthetic_demo
190,1250.00000000,200.00000000,0.00000000,0.06362756,mGal,synthetic_demo
191,1300.00000000,200.00000000,0.00000000,0.06218804,mGal,synthetic_demo
192,1350.00000000,200.00000000,0.00000000,0.04080176,mGal,synthetic_demo
193,1400.00000000,200.00000000,0.00000000,0.03629370,mGal,synthetic_demo
194,1450.00000000,200.00000000,0.00000000,0.05221563,mGal,synthetic_demo
195,1500.00000000,200.00000000,0.00000000,0.02400830,mGal,synthetic_demo
196,1550.00000000,200.00000000,0.00000000,0.02365593,mGal,synthetic_demo
197,1600.00000000,200.00000000,0.00000000,0.03664260,mGal,synthetic_demo
198,1650.00000000,200.00000000,0.00000000,0.02397648,mGal,synthetic_demo
199,1700.00000000,200.00000000,0.00000000,0.02570864,mGal,synthetic_demo
200,1750.00000000,200.00000000,0.00000000,0.02209697,mGal,synthetic_demo
201,1800.00000000,200.00000000,0.00000000,0.02521734,mGal,synthetic_demo
202,1850.00000000,200.00000000,0.00000000,0.03416538,mGal,synthetic_demo
203,1900.00000000,200.00000000,0.00000000,0.01938105,mGal,synthetic_demo
204,1950.00000000,200.00000000,0.00000000,0.02342955,mGal,synthetic_demo
205,2000.00000000,200.00000000,0.00000000,-0.00487315,mGal,synthetic_demo
206,0.00000000,250.00000000,0.00000000,0.01620792,mGal,synthetic_demo
207,50.00000000,250.00000000,0.00000000,0.00978768,mGal,synthetic_demo
208,100.00000000,250.00000000,0.00000000,0.00770611,mGal,synthetic_demo
209,150.00000000,250.00000000,0.00000000,0.01294681,mGal,synthetic_demo
210,200.00000000,250.00000000,0.00000000,0.02039016,mGal,synthetic_demo
211,250.00000000,250.00000000,0.00000000,0.03506938,mGal,synthetic_demo
212,300.00000000,250.00000000,0.00000000,0.01500475,mGal,synthetic_demo
213,350.00000000,250.00000000,0.00000000,0.03111122,mGal,synthetic_demo
214,400.00000000,250.00000000,0.00000000,0.02866922,mGal,synthetic_demo
215,450.00000000,250.00000000,0.00000000,0.03309319,mGal,synthetic_demo
216,500.00000000,250.00000000,0.00000000,0.04938201,mGal,synthetic_demo
217,550.00000000,250.00000000,0.00000000,0.04780553,mGal,synthetic_demo
218,600.00000000,250.00000000,0.00000000,0.05889962,mGal,synthetic_demo
219,650.00000000,250.00000000,0.00000000,0.04704451,mGal,synthetic_demo
220,700.00000000,250.00000000,0.00000000,0.04457448,mGal,synthetic_demo
221,750.00000000,250.00000000,0.00000000,0.05202689,mGal,synthetic_demo
222,800.00000000,250.00000000,0.00000000,0.05910999,mGal,synthetic_demo
223,850.00000000,250.00000000,0.00000000,0.06045973,mGal,synthetic_demo
224,900.00000000,250.00000000,0.00000000,0.04935891,mGal,synthetic_demo
225,950.00000000,250.00000000,0.00000000,0.06204429,mGal,synthetic_demo
226,1000.00000000,250.00000000,0.00000000,0.06373928,mGal,synthetic_demo
227,1050.00000000,250.00000000,0.00000000,0.08631413,mGal,synthetic_demo
228,1100.00000000,250.00000000,0.00000000,0.07897124,mGal,synthetic_demo
229,1150.00000000,250.00000000,0.00000000,0.05016156,mGal,synthetic_demo
230,1200.00000000,250.00000000,0.00000000,0.05381119,mGal,synthetic_demo
231,1250.00000000,250.00000000,0.00000000,0.03963106,mGal,synthetic_demo
232,1300.00000000,250.00000000,0.00000000,0.04562683,mGal,synthetic_demo
233,1350.00000000,250.00000000,0.00000000,0.05174562,mGal,synthetic_demo
234,1400.00000000,250.00000000,0.00000000,0.05758417,mGal,synthetic_demo
235,1450.00000000,250.00000000,0.00000000,0.03513354,mGal,synthetic_demo
236,1500.00000000,250.00000000,0.00000000,0.03281297,mGal,synthetic_demo
237,1550.00000000,250.00000000,0.00000000,0.01489703,mGal,synthetic_demo
238,1600.00000000,250.00000000,0.00000000,0.03188425,mGal,synthetic_demo
239,1650.00000000,250.00000000,0.00000000,0.02018076,mGal,synthetic_demo
240,1700.00000000,250.00000000,0.00000000,0.02297428,mGal,synthetic_demo
241,1750.00000000,250.00000000,0.00000000,0.01714175,mGal,synthetic_demo
242,1800.00000000,250.00000000,0.00000000,0.02278877,mGal,synthetic_demo
243,1850.00000000,250.00000000,0.00000000,0.00415105,mGal,synthetic_demo
244,1900.00000000,250.00000000,0.00000000,0.00522379,mGal,synthetic_demo
245,1950.00000000,250.00000000,0.00000000,0.03951246,mGal,synthetic_demo
246,2000.00000000,250.00000000,0.00000000,0.00382088,mGal,synthetic_demo
247,0.00000000,300.00000000,0.00000000,0.00683961,mGal,synthetic_demo
248,50.00000000,300.00000000,0.00000000,0.03788019,mGal,synthetic_demo
249,100.00000000,300.00000000,0.00000000,0.05044501,mGal,synthetic_demo
250,150.00000000,300.00000000,0.00000000,0.01175685,mGal,synthetic_demo
251,200.00000000,300.00000000,0.00000000,0.02207737,mGal,synthetic_demo
252,250.00000000,300.00000000,0.00000000,0.03168423,mGal,synthetic_demo
253,300.00000000,300.00000000,0.00000000,0.04829477,mGal,synthetic_demo
254,350.00000000,300.00000000,0.00000000,0.02411212,mGal,synthetic_demo
255,400.00000000,300.00000000,0.00000000,0.03473036,mGal,synthetic_demo
256,450.00000000,300.00000000,0.00000000,0.04837380,mGal,synthetic_demo
257,500.00000000,300.00000000,0.00000000,0.04855194,mGal,synthetic_demo
258,550.00000000,300.00000000,0.00000000,0.04418821,mGal,synthetic_demo
259,600.00000000,300.00000000,0.00000000,0.05043444,mGal,synthetic_demo
260,650.00000000,300.00000000,0.00000000,0.04183895,mGal,synthetic_demo
261,700.00000000,300.00000000,0.00000000,0.05690814,mGal,synthetic_demo
262,750.00000000,300.00000000,0.00000000,0.06009148,mGal,synthetic_demo
263,800.00000000,300.00000000,0.00000000,0.06817150,mGal,synthetic_demo
264,850.00000000,300.00000000,0.00000000,0.06288352,mGal,synthetic_demo
265,900.00000000,300.00000000,0.00000000,0.07510559,mGal,synthetic_demo
266,950.00000000,300.00000000,0.00000000,0.08173446,mGal,synthetic_demo
267,1000.00000000,300.00000000,0.00000000,0.07357511,mGal,synthetic_demo
268,1050.00000000,300.00000000,0.00000000,0.07512487,mGal,synthetic_demo
269,1100.00000000,300.00000000,0.00000000,0.07092175,mGal,synthetic_demo
270,1150.00000000,300.00000000,0.00000000,0.06843764,mGal,synthetic_demo
271,1200.00000000,300.00000000,0.00000000,0.05863422,mGal,synthetic_demo
272,1250.00000000,300.00000000,0.00000000,0.06592030,mGal,synthetic_demo
273,1300.00000000,300.00000000,0.00000000,0.05831701,mGal,synthetic_demo
274,1350.00000000,300.00000000,0.00000000,0.07651960,mGal,synthetic_demo
275,1400.00000000,300.00000000,0.00000000,0.06750622,mGal,synthetic_demo
276,1450.00000000,300.00000000,0.00000000,0.05180823,mGal,synthetic_demo
277,1500.00000000,300.00000000,0.00000000,0.03657371,mGal,synthetic_demo
278,1550.00000000,300.00000000,0.00000000,0.02947631,mGal,synthetic_demo
279,1600.00000000,300.00000000,0.00000000,0.04909457,mGal,synthetic_demo
280,1650.00000000,300.00000000,0.00000000,0.03660818,mGal,synthetic_demo
281,1700.00000000,300.00000000,0.00000000,0.03580922,mGal,synthetic_demo
282,1750.00000000,300.00000000,0.00000000,0.01082282,mGal,synthetic_demo
283,1800.00000000,300.00000000,0.00000000,0.03503425,mGal,synthetic_demo
284,1850.00000000,300.00000000,0.00000000,0.02801672,mGal,synthetic_demo
285,1900.00000000,300.00000000,0.00000000,0.01029003,mGal,synthetic_demo
286,1950.00000000,300.00000000,0.00000000,0.01479580,mGal,synthetic_demo
287,2000.00000000,300.00000000,0.00000000,0.02044464,mGal,synthetic_demo
288,0.00000000,350.00000000,0.00000000,0.01948354,mGal,synthetic_demo
289,50.00000000,350.00000000,0.00000000,0.01793464,mGal,synthetic_demo
290,100.00000000,350.00000000,0.00000000,0.02193376,mGal,synthetic_demo
291,150.00000000,350.00000000,0.00000000,0.02279723,mGal,synthetic_demo
292,200.00000000,350.00000000,0.00000000,0.02944816,mGal,synthetic_demo
293,250.00000000,350.00000000,0.00000000,0.04551982,mGal,synthetic_demo
294,300.00000000,350.00000000,0.00000000,0.00831410,mGal,synthetic_demo
295,350.00000000,350.00000000,0.00000000,0.03509247,mGal,synthetic_demo
296,400.00000000,350.00000000,0.00000000,0.04301343,mGal,synthetic_demo
297,450.00000000,350.00000000,0.00000000,0.04829281,mGal,synthetic_demo
298,500.00000000,350.00000000,0.00000000,0.04596888,mGal,synthetic_demo
299,550.00000000,350.00000000,0.00000000,0.03669826,mGal,synthetic_demo
300,600.00000000,350.00000000,0.00000000,0.06227064,mGal,synthetic_demo
301,650.00000000,350.00000000,0.00000000,0.08103293,mGal,synthetic_demo
302,700.00000000,350.00000000,0.00000000,0.05309818,mGal,synthetic_demo
303,750.00000000,350.00000000,0.00000000,0.08149817,mGal,synthetic_demo
304,800.00000000,350.00000000,0.00000000,0.07356036,mGal,synthetic_demo
305,850.00000000,350.00000000,0.00000000,0.07959057,mGal,synthetic_demo
306,900.00000000,350.00000000,0.00000000,0.07222627,mGal,synthetic_demo
307,950.00000000,350.00000000,0.00000000,0.08100723,mGal,synthetic_demo
308,1000.00000000,350.00000000,0.00000000,0.09789586,mGal,synthetic_demo
309,1050.00000000,350.00000000,0.00000000,0.09017834,mGal,synthetic_demo
310,1100.00000000,350.00000000,0.00000000,0.10007837,mGal,synthetic_demo
311,1150.00000000,350.00000000,0.00000000,0.09197794,mGal,synthetic_demo
312,1200.00000000,350.00000000,0.00000000,0.08123648,mGal,synthetic_demo
313,1250.00000000,350.00000000,0.00000000,0.09029924,mGal,synthetic_demo
314,1300.00000000,350.00000000,0.00000000,0.07282673,mGal,synthetic_demo
315,1350.00000000,350.00000000,0.00000000,0.07203931,mGal,synthetic_demo
316,1400.00000000,350.00000000,0.00000000,0.05602497,mGal,synthetic_demo
317,1450.00000000,350.00000000,0.00000000,0.05493093,mGal,synthetic_demo
318,1500.00000000,350.00000000,0.00000000,0.04271379,mGal,synthetic_demo
319,1550.00000000,350.00000000,0.00000000,0.05522871,mGal,synthetic_demo
320,1600.00000000,350.00000000,0.00000000,0.02946526,mGal,synthetic_demo
321,1650.00000000,350.00000000,0.00000000,0.04528447,mGal,synthetic_demo
322,1700.00000000,350.00000000,0.00000000,0.03207418,mGal,synthetic_demo
323,1750.00000000,350.00000000,0.00000000,0.04251738,mGal,synthetic_demo
324,1800.00000000,350.00000000,0.00000000,0.03543122,mGal,synthetic_demo
325,1850.00000000,350.00000000,0.00000000,0.04352347,mGal,synthetic_demo
326,1900.00000000,350.00000000,0.00000000,0.03027639,mGal,synthetic_demo
327,1950.00000000,350.00000000,0.00000000,0.00513595,mGal,synthetic_demo
328,2000.00000000,350.00000000,0.00000000,0.01828934,mGal,synthetic_demo
329,0.00000000,400.00000000,0.00000000,0.00842008,mGal,synthetic_demo
330,50.00000000,400.00000000,0.00000000,0.01706309,mGal,synthetic_demo
331,100.00000000,400.00000000,0.00000000,0.03971883,mGal,synthetic_demo
332,150.00000000,400.00000000,0.00000000,0.03362640,mGal,synthetic_demo
333,200.00000000,400.00000000,0.00000000,0.02322003,mGal,synthetic_demo
334,250.00000000,400.00000000,0.00000000,0.02337374,mGal,synthetic_demo
335,300.00000000,400.00000000,0.00000000,0.03751096,mGal,synthetic_demo
336,350.00000000,400.00000000,0.00000000,0.02908270,mGal,synthetic_demo
337,400.00000000,400.00000000,0.00000000,0.03900837,mGal,synthetic_demo
338,450.00000000,400.00000000,0.00000000,0.05371703,mGal,synthetic_demo
339,500.00000000,400.00000000,0.00000000,0.06741197,mGal,synthetic_demo
340,550.00000000,400.00000000,0.00000000,0.06754461,mGal,synthetic_demo
341,600.00000000,400.00000000,0.00000000,0.04439480,mGal,synthetic_demo
342,650.00000000,400.00000000,0.00000000,0.07632923,mGal,synthetic_demo
343,700.00000000,400.00000000,0.00000000,0.07994006,mGal,synthetic_demo
344,750.00000000,400.00000000,0.00000000,0.08903431,mGal,synthetic_demo
345,800.00000000,400.00000000,0.00000000,0.10622502,mGal,synthetic_demo
346,850.00000000,400.00000000,0.00000000,0.07382339,mGal,synthetic_demo
347,900.00000000,400.00000000,0.00000000,0.09190596,mGal,synthetic_demo
348,950.00000000,400.00000000,0.00000000,0.10583970,mGal,synthetic_demo
349,1000.00000000,400.00000000,0.00000000,0.08483621,mGal,synthetic_demo
350,1050.00000000,400.00000000,0.00000000,0.11469013,mGal,synthetic_demo
351,1100.00000000,400.00000000,0.00000000,0.10150056,mGal,synthetic_demo
352,1150.00000000,400.00000000,0.00000000,0.10292161,mGal,synthetic_demo
353,1200.00000000,400.00000000,0.00000000,0.08435349,mGal,synthetic_demo
354,1250.00000000,400.00000000,0.00000000,0.09303305,mGal,synthetic_demo
355,1300.00000000,400.00000000,0.00000000,0.08990444,mGal,synthetic_demo
356,1350.00000000,400.00000000,0.00000000,0.07561434,mGal,synthetic_demo
357,1400.00000000,400.00000000,0.00000000,0.06965171,mGal,synthetic_demo
358,1450.00000000,400.00000000,0.00000000,0.06416043,mGal,synthetic_demo
359,1500.00000000,400.00000000,0.00000000,0.04722540,mGal,synthetic_demo
360,1550.00000000,400.00000000,0.00000000,0.04912165,mGal,synthetic_demo
361,1600.00000000,400.00000000,0.00000000,0.04419455,mGal,synthetic_demo
362,1650.00000000,400.00000000,0.00000000,0.04508224,mGal,synthetic_demo
363,1700.00000000,400.00000000,0.00000000,0.04718138,mGal,synthetic_demo
364,1750.00000000,400.00000000,0.00000000,0.02292555,mGal,synthetic_demo
365,1800.00000000,400.00000000,0.00000000,0.02895924,mGal,synthetic_demo
366,1850.00000000,400.00000000,0.00000000,0.04206562,mGal,synthetic_demo
367,1900.00000000,400.00000000,0.00000000,0.01717066,mGal,synthetic_demo
368,1950.00000000,400.00000000,0.00000000,0.01402338,mGal,synthetic_demo
369,2000.00000000,400.00000000,0.00000000,0.02216321,mGal,synthetic_demo
370,0.00000000,450.00000000,0.00000000,0.02978335,mGal,synthetic_demo
371,50.00000000,450.00000000,0.00000000,0.02378049,mGal,synthetic_demo
372,100.00000000,450.00000000,0.00000000,0.03958268,mGal,synthetic_demo
373,150.00000000,450.00000000,0.00000000,0.03782634,mGal,synthetic_demo
374,200.00000000,450.00000000,0.00000000,0.04102140,mGal,synthetic_demo
375,250.00000000,450.00000000,0.00000000,0.04191108,mGal,synthetic_demo
376,300.00000000,450.00000000,0.00000000,0.06387696,mGal,synthetic_demo
377,350.00000000,450.00000000,0.00000000,0.04328125,mGal,synthetic_demo
378,400.00000000,450.00000000,0.00000000,0.03056172,mGal,synthetic_demo
379,450.00000000,450.00000000,0.00000000,0.07244993,mGal,synthetic_demo
380,500.00000000,450.00000000,0.00000000,0.05817836,mGal,synthetic_demo
381,550.00000000,450.00000000,0.00000000,0.07067662,mGal,synthetic_demo
382,600.00000000,450.00000000,0.00000000,0.08994112,mGal,synthetic_demo
383,650.00000000,450.00000000,0.00000000,0.06832919,mGal,synthetic_demo
384,700.00000000,450.00000000,0.00000000,0.07938653,mGal,synthetic_demo
385,750.00000000,450.00000000,0.00000000,0.08320492,mGal,synthetic_demo
386,800.00000000,450.00000000,0.00000000,0.09801426,mGal,synthetic_demo
387,850.00000000,450.00000000,0.00000000,0.11613812,mGal,synthetic_demo
388,900.00000000,450.00000000,0.00000000,0.12144703,mGal,synthetic_demo
389,950.00000000,450.00000000,0.00000000,0.12179061,mGal,synthetic_demo
390,1000.00000000,450.00000000,0.00000000,0.10586661,mGal,synthetic_demo
391,1050.00000000,450.00000000,0.00000000,0.09592684,mGal,synthetic_demo
392,1100.00000000,450.00000000,0.00000000,0.11674869,mGal,synthetic_demo
393,1150.00000000,450.00000000,0.00000000,0.10702400,mGal,synthetic_demo
394,1200.00000000,450.00000000,0.00000000,0.11054948,mGal,synthetic_demo
395,1250.00000000,450.00000000,0.00000000,0.10623723,mGal,synthetic_demo
396,1300.00000000,450.00000000,0.00000000,0.09328541,mGal,synthetic_demo
397,1350.00000000,450.00000000,0.00000000,0.09195312,mGal,synthetic_demo
398,1400.00000000,450.00000000,0.00000000,0.07913772,mGal,synthetic_demo
399,1450.00000000,450.00000000,0.00000000,0.07489847,mGal,synthetic_demo
400,1500.00000000,450.00000000,0.00000000,0.05570862,mGal,synthetic_demo
401,1550.00000000,450.00000000,0.00000000,0.05461127,mGal,synthetic_demo
402,1600.00000000,450.00000000,0.00000000,0.05256470,mGal,synthetic_demo
403,1650.00000000,450.00000000,0.00000000,0.05353815,mGal,synthetic_demo
404,1700.00000000,450.00000000,0.00000000,0.03666302,mGal,synthetic_demo
405,1750.00000000,450.00000000,0.00000000,0.04158159,mGal,synthetic_demo
406,1800.00000000,450.00000000,0.00000000,0.02994481,mGal,synthetic_demo
407,1850.00000000,450.00000000,0.00000000,0.02808298,mGal,synthetic_demo
408,1900.00000000,450.00000000,0.00000000,0.03458827,mGal,synthetic_demo
409,1950.00000000,450.00000000,0.00000000,0.00373563,mGal,synthetic_demo
410,2000.00000000,450.00000000,0.00000000,0.00837478,mGal,synthetic_demo
411,0.00000000,500.00000000,0.00000000,0.00772051,mGal,synthetic_demo
412,50.00000000,500.00000000,0.00000000,0.00176415,mGal,synthetic_demo
413,100.00000000,500.00000000,0.00000000,0.02122576,mGal,synthetic_demo
414,150.00000000,500.00000000,0.00000000,0.03881066,mGal,synthetic_demo
415,200.00000000,500.00000000,0.00000000,0.03222991,mGal,synthetic_demo
416,250.00000000,500.00000000,0.00000000,0.04133234,mGal,synthetic_demo
417,300.00000000,500.00000000,0.00000000,0.05509646,mGal,synthetic_demo
418,350.00000000,500.00000000,0.00000000,0.06296489,mGal,synthetic_demo
419,400.00000000,500.00000000,0.00000000,0.05516747,mGal,synthetic_demo
420,450.00000000,500.00000000,0.00000000,0.07629122,mGal,synthetic_demo
421,500.00000000,500.00000000,0.00000000,0.07131147,mGal,synthetic_demo
422,550.00000000,500.00000000,0.00000000,0.07036122,mGal,synthetic_demo
423,600.00000000,500.00000000,0.00000000,0.08175927,mGal,synthetic_demo
424,650.00000000,500.00000000,0.00000000,0.08232358,mGal,synthetic_demo
425,700.00000000,500.00000000,0.00000000,0.09786994,mGal,synthetic_demo
426,750.00000000,500.00000000,0.00000000,0.11262498,mGal,synthetic_demo
427,800.00000000,500.00000000,0.00000000,0.13306444,mGal,synthetic_demo
428,850.00000000,500.00000000,0.00000000,0.14990098,mGal,synthetic_demo
429,900.00000000,500.00000000,0.00000000,0.12483913,mGal,synthetic_demo
430,950.00000000,500.00000000,0.00000000,0.14638802,mGal,synthetic_demo
431,1000.00000000,500.00000000,0.00000000,0.13335928,mGal,synthetic_demo
432,1050.00000000,500.00000000,0.00000000,0.14720672,mGal,synthetic_demo
433,1100.00000000,500.00000000,0.00000000,0.13735008,mGal,synthetic_demo
434,1150.00000000,500.00000000,0.00000000,0.11438422,mGal,synthetic_demo
435,1200.00000000,500.00000000,0.00000000,0.13431156,mGal,synthetic_demo
436,1250.00000000,500.00000000,0.00000000,0.11015514,mGal,synthetic_demo
437,1300.00000000,500.00000000,0.00000000,0.10141228,mGal,synthetic_demo
438,1350.00000000,500.00000000,0.00000000,0.08643142,mGal,synthetic_demo
439,1400.00000000,500.00000000,0.00000000,0.08116044,mGal,synthetic_demo
440,1450.00000000,500.00000000,0.00000000,0.08301411,mGal,synthetic_demo
441,1500.00000000,500.00000000,0.00000000,0.06849776,mGal,synthetic_demo
442,1550.00000000,500.00000000,0.00000000,0.06604198,mGal,synthetic_demo
443,1600.00000000,500.00000000,0.00000000,0.05947807,mGal,synthetic_demo
444,1650.00000000,500.00000000,0.00000000,0.06289464,mGal,synthetic_demo
445,1700.00000000,500.00000000,0.00000000,0.04077642,mGal,synthetic_demo
446,1750.00000000,500.00000000,0.00000000,0.02458586,mGal,synthetic_demo
447,1800.00000000,500.00000000,0.00000000,0.04575098,mGal,synthetic_demo
448,1850.00000000,500.00000000,0.00000000,0.02800144,mGal,synthetic_demo
449,1900.00000000,500.00000000,0.00000000,0.03915433,mGal,synthetic_demo
450,1950.00000000,500.00000000,0.00000000,0.02893408,mGal,synthetic_demo
451,2000.00000000,500.00000000,0.00000000,0.02123099,mGal,synthetic_demo
452,0.00000000,550.00000000,0.00000000,0.02721916,mGal,synthetic_demo
453,50.00000000,550.00000000,0.00000000,0.04603738,mGal,synthetic_demo
454,100.00000000,550.00000000,0.00000000,0.05049734,mGal,synthetic_demo
455,150.00000000,550.00000000,0.00000000,0.03408897,mGal,synthetic_demo
456,200.00000000,550.00000000,0.00000000,0.03920309,mGal,synthetic_demo
457,250.00000000,550.00000000,0.00000000,0.05318678,mGal,synthetic_demo
458,300.00000000,550.00000000,0.00000000,0.03949316,mGal,synthetic_demo
459,350.00000000,550.00000000,0.00000000,0.05759618,mGal,synthetic_demo
460,400.00000000,550.00000000,0.00000000,0.06119837,mGal,synthetic_demo
461,450.00000000,550.00000000,0.00000000,0.07273690,mGal,synthetic_demo
462,500.00000000,550.00000000,0.00000000,0.07040152,mGal,synthetic_demo
463,550.00000000,550.00000000,0.00000000,0.07297438,mGal,synthetic_demo
464,600.00000000,550.00000000,0.00000000,0.07920080,mGal,synthetic_demo
465,650.00000000,550.00000000,0.00000000,0.10056792,mGal,synthetic_demo
466,700.00000000,550.00000000,0.00000000,0.11940712,mGal,synthetic_demo
467,750.00000000,550.00000000,0.00000000,0.13328929,mGal,synthetic_demo
468,800.00000000,550.00000000,0.00000000,0.16717396,mGal,synthetic_demo
469,850.00000000,550.00000000,0.00000000,0.16905263,mGal,synthetic_demo
470,900.00000000,550.00000000,0.00000000,0.15639078,mGal,synthetic_demo
471,950.00000000,550.00000000,0.00000000,0.17463177,mGal,synthetic_demo
472,1000.00000000,550.00000000,0.00000000,0.16885752,mGal,synthetic_demo
473,1050.00000000,550.00000000,0.00000000,0.16831105,mGal,synthetic_demo
474,1100.00000000,550.00000000,0.00000000,0.16786495,mGal,synthetic_demo
475,1150.00000000,550.00000000,0.00000000,0.16418441,mGal,synthetic_demo
476,1200.00000000,550.00000000,0.00000000,0.14440906,mGal,synthetic_demo
477,1250.00000000,550.00000000,0.00000000,0.14685972,mGal,synthetic_demo
478,1300.00000000,550.00000000,0.00000000,0.11257449,mGal,synthetic_demo
479,1350.00000000,550.00000000,0.00000000,0.11180515,mGal,synthetic_demo
480,1400.00000000,550.00000000,0.00000000,0.12590738,mGal,synthetic_demo
481,1450.00000000,550.00000000,0.00000000,0.09110085,mGal,synthetic_demo
482,1500.00000000,550.00000000,0.00000000,0.09306735,mGal,synthetic_demo
483,1550.00000000,550.00000000,0.00000000,0.07051302,mGal,synthetic_demo
484,1600.00000000,550.00000000,0.00000000,0.06726477,mGal,synthetic_demo
485,1650.00000000,550.00000000,0.00000000,0.05369764,mGal,synthetic_demo
486,1700.00000000,550.00000000,0.00000000,0.04624569,mGal,synthetic_demo
487,1750.00000000,550.00000000,0.00000000,0.03462956,mGal,synthetic_demo
488,1800.00000000,550.00000000,0.00000000,0.04190420,mGal,synthetic_demo
489,1850.00000000,550.00000000,0.00000000,0.02487979,mGal,synthetic_demo
490,1900.00000000,550.00000000,0.00000000,0.03638338,mGal,synthetic_demo
491,1950.00000000,550.00000000,0.00000000,0.03738013,mGal,synthetic_demo
492,2000.00000000,550.00000000,0.00000000,0.02739671,mGal,synthetic_demo
493,0.00000000,600.00000000,0.00000000,0.02202421,mGal,synthetic_demo
494,50.00000000,600.00000000,0.00000000,0.03246219,mGal,synthetic_demo
495,100.00000000,600.00000000,0.00000000,0.02833358,mGal,synthetic_demo
496,150.00000000,600.00000000,0.00000000,0.04481345,mGal,synthetic_demo
497,200.00000000,600.00000000,0.00000000,0.02181151,mGal,synthetic_demo
498,250.00000000,600.00000000,0.00000000,0.04216956,mGal,synthetic_demo
499,300.00000000,600.00000000,0.00000000,0.03186455,mGal,synthetic_demo
500,350.00000000,600.00000000,0.00000000,0.04404007,mGal,synthetic_demo
501,400.00000000,600.00000000,0.00000000,0.08094632,mGal,synthetic_demo
502,450.00000000,600.00000000,0.00000000,0.08579746,mGal,synthetic_demo
503,500.00000000,600.00000000,0.00000000,0.08050847,mGal,synthetic_demo
504,550.00000000,600.00000000,0.00000000,0.08490560,mGal,synthetic_demo
505,600.00000000,600.00000000,0.00000000,0.08384697,mGal,synthetic_demo
506,650.00000000,600.00000000,0.00000000,0.12278576,mGal,synthetic_demo
507,700.00000000,600.00000000,0.00000000,0.16796887,mGal,synthetic_demo
508,750.00000000,600.00000000,0.00000000,0.16389301,mGal,synthetic_demo
509,800.00000000,600.00000000,0.00000000,0.16913704,mGal,synthetic_demo
510,850.00000000,600.00000000,0.00000000,0.19294513,mGal,synthetic_demo
511,900.00000000,600.00000000,0.00000000,0.18348397,mGal,synthetic_demo
512,950.00000000,600.00000000,0.00000000,0.20310566,mGal,synthetic_demo
513,1000.00000000,600.00000000,0.00000000,0.20949337,mGal,synthetic_demo
514,1050.00000000,600.00000000,0.00000000,0.20521789,mGal,synthetic_demo
515,1100.00000000,600.00000000,0.00000000,0.20700161,mGal,synthetic_demo
516,1150.00000000,600.00000000,0.00000000,0.19174078,mGal,synthetic_demo
517,1200.00000000,600.00000000,0.00000000,0.18141603,mGal,synthetic_demo
518,1250.00000000,600.00000000,0.00000000,0.15266045,mGal,synthetic_demo
519,1300.00000000,600.00000000,0.00000000,0.15274287,mGal,synthetic_demo
520,1350.00000000,600.00000000,0.00000000,0.14451008,mGal,synthetic_demo
521,1400.00000000,600.00000000,0.00000000,0.10379077,mGal,synthetic_demo
522,1450.00000000,600.00000000,0.00000000,0.09105368,mGal,synthetic_demo
523,1500.00000000,600.00000000,0.00000000,0.10106112,mGal,synthetic_demo
524,1550.00000000,600.00000000,0.00000000,0.07493217,mGal,synthetic_demo
525,1600.00000000,600.00000000,0.00000000,0.08134591,mGal,synthetic_demo
526,1650.00000000,600.00000000,0.00000000,0.05456532,mGal,synthetic_demo
527,1700.00000000,600.00000000,0.00000000,0.06632313,mGal,synthetic_demo
528,1750.00000000,600.00000000,0.00000000,0.04684050,mGal,synthetic_demo
529,1800.00000000,600.00000000,0.00000000,0.04270786,mGal,synthetic_demo
530,1850.00000000,600.00000000,0.00000000,0.05110516,mGal,synthetic_demo
531,1900.00000000,600.00000000,0.00000000,0.02780260,mGal,synthetic_demo
532,1950.00000000,600.00000000,0.00000000,0.01851131,mGal,synthetic_demo
533,2000.00000000,600.00000000,0.00000000,0.02040105,mGal,synthetic_demo
534,0.00000000,650.00000000,0.00000000,0.03050950,mGal,synthetic_demo
535,50.00000000,650.00000000,0.00000000,0.01360081,mGal,synthetic_demo
536,100.00000000,650.00000000,0.00000000,0.03942657,mGal,synthetic_demo
537,150.00000000,650.00000000,0.00000000,0.03207326,mGal,synthetic_demo
538,200.00000000,650.00000000,0.00000000,0.05407508,mGal,synthetic_demo
539,250.00000000,650.00000000,0.00000000,0.02464696,mGal,synthetic_demo
540,300.00000000,650.00000000,0.00000000,0.04772226,mGal,synthetic_demo
541,350.00000000,650.00000000,0.00000000,0.04689475,mGal,synthetic_demo
542,400.00000000,650.00000000,0.00000000,0.06502326,mGal,synthetic_demo
543,450.00000000,650.00000000,0.00000000,0.08682845,mGal,synthetic_demo
544,500.00000000,650.00000000,0.00000000,0.09533668,mGal,synthetic_demo
545,550.00000000,650.00000000,0.00000000,0.10920798,mGal,synthetic_demo
546,600.00000000,650.00000000,0.00000000,0.12662886,mGal,synthetic_demo
547,650.00000000,650.00000000,0.00000000,0.14846911,mGal,synthetic_demo
548,700.00000000,650.00000000,0.00000000,0.15592634,mGal,synthetic_demo
549,750.00000000,650.00000000,0.00000000,0.19331986,mGal,synthetic_demo
550,800.00000000,650.00000000,0.00000000,0.21270556,mGal,synthetic_demo
551,850.00000000,650.00000000,0.00000000,0.22791761,mGal,synthetic_demo
552,900.00000000,650.00000000,0.00000000,0.24414822,mGal,synthetic_demo
553,950.00000000,650.00000000,0.00000000,0.25102651,mGal,synthetic_demo
554,1000.00000000,650.00000000,0.00000000,0.27171320,mGal,synthetic_demo
555,1050.00000000,650.00000000,0.00000000,0.24719138,mGal,synthetic_demo
556,1100.00000000,650.00000000,0.00000000,0.23551206,mGal,synthetic_demo
557,1150.00000000,650.00000000,0.00000000,0.21653195,mGal,synthetic_demo
558,1200.00000000,650.00000000,0.00000000,0.19575627,mGal,synthetic_demo
559,1250.00000000,650.00000000,0.00000000,0.17380664,mGal,synthetic_demo
560,1300.00000000,650.00000000,0.00000000,0.15712372,mGal,synthetic_demo
561,1350.00000000,650.00000000,0.00000000,0.14572842,mGal,synthetic_demo
562,1400.00000000,650.00000000,0.00000000,0.13156366,mGal,synthetic_demo
563,1450.00000000,650.00000000,0.00000000,0.11225318,mGal,synthetic_demo
564,1500.00000000,650.00000000,0.00000000,0.08947359,mGal,synthetic_demo
565,1550.00000000,650.00000000,0.00000000,0.09335364,mGal,synthetic_demo
566,1600.00000000,650.00000000,0.00000000,0.08067969,mGal,synthetic_demo
567,1650.00000000,650.00000000,0.00000000,0.06216295,mGal,synthetic_demo
568,1700.00000000,650.00000000,0.00000000,0.04905875,mGal,synthetic_demo
569,1750.00000000,650.00000000,0.00000000,0.05407385,mGal,synthetic_demo
570,1800.00000000,650.00000000,0.00000000,0.04447669,mGal,synthetic_demo
571,1850.00000000,650.00000000,0.00000000,0.02297970,mGal,synthetic_demo
572,1900.00000000,650.00000000,0.00000000,0.03237206,mGal,synthetic_demo
573,1950.00000000,650.00000000,0.00000000,0.03187876,mGal,synthetic_demo
574,2000.00000000,650.00000000,0.00000000,0.01698921,mGal,synthetic_demo
575,0.00000000,700.00000000,0.00000000,0.02890461,mGal,synthetic_demo
576,50.00000000,700.00000000,0.00000000,0.01595647,mGal,synthetic_demo
577,100.00000000,700.00000000,0.00000000,0.04794539,mGal,synthetic_demo
578,150.00000000,700.00000000,0.00000000,0.05183394,mGal,synthetic_demo
579,200.00000000,700.00000000,0.00000000,0.04242621,mGal,synthetic_demo
580,250.00000000,700.00000000,0.00000000,0.05516845,mGal,synthetic_demo
581,300.00000000,700.00000000,0.00000000,0.03519065,mGal,synthetic_demo
582,350.00000000,700.00000000,0.00000000,0.05687332,mGal,synthetic_demo
583,400.00000000,700.00000000,0.00000000,0.07628194,mGal,synthetic_demo
584,450.00000000,700.00000000,0.00000000,0.08118167,mGal,synthetic_demo
585,500.00000000,700.00000000,0.00000000,0.11389525,mGal,synthetic_demo
586,550.00000000,700.00000000,0.00000000,0.14396684,mGal,synthetic_demo
587,600.00000000,700.00000000,0.00000000,0.13199857,mGal,synthetic_demo
588,650.00000000,700.00000000,0.00000000,0.15763706,mGal,synthetic_demo
589,700.00000000,700.00000000,0.00000000,0.19272940,mGal,synthetic_demo
590,750.00000000,700.00000000,0.00000000,0.23216056,mGal,synthetic_demo
591,800.00000000,700.00000000,0.00000000,0.22945091,mGal,synthetic_demo
592,850.00000000,700.00000000,0.00000000,0.26781546,mGal,synthetic_demo
593,900.00000000,700.00000000,0.00000000,0.30290028,mGal,synthetic_demo
594,950.00000000,700.00000000,0.00000000,0.28094751,mGal,synthetic_demo
595,1000.00000000,700.00000000,0.00000000,0.28912753,mGal,synthetic_demo
596,1050.00000000,700.00000000,0.00000000,0.29322904,mGal,synthetic_demo
597,1100.00000000,700.00000000,0.00000000,0.27948141,mGal,synthetic_demo
598,1150.00000000,700.00000000,0.00000000,0.27345112,mGal,synthetic_demo
599,1200.00000000,700.00000000,0.00000000,0.24409125,mGal,synthetic_demo
600,1250.00000000,700.00000000,0.00000000,0.19829978,mGal,synthetic_demo
601,1300.00000000,700.00000000,0.00000000,0.19552902,mGal,synthetic_demo
602,1350.00000000,700.00000000,0.00000000,0.16023631,mGal,synthetic_demo
603,1400.00000000,700.00000000,0.00000000,0.15650919,mGal,synthetic_demo
604,1450.00000000,700.00000000,0.00000000,0.11771800,mGal,synthetic_demo
605,1500.00000000,700.00000000,0.00000000,0.10038513,mGal,synthetic_demo
606,1550.00000000,700.00000000,0.00000000,0.09731431,mGal,synthetic_demo
607,1600.00000000,700.00000000,0.00000000,0.08684899,mGal,synthetic_demo
608,1650.00000000,700.00000000,0.00000000,0.07291779,mGal,synthetic_demo
609,1700.00000000,700.00000000,0.00000000,0.04243390,mGal,synthetic_demo
610,1750.00000000,700.00000000,0.00000000,0.05691425,mGal,synthetic_demo
611,1800.00000000,700.00000000,0.00000000,0.03460831,mGal,synthetic_demo
612,1850.00000000,700.00000000,0.00000000,0.04170720,mGal,synthetic_demo
613,1900.00000000,700.00000000,0.00000000,0.02034618,mGal,synthetic_demo
614,1950.00000000,700.00000000,0.00000000,0.03496792,mGal,synthetic_demo
615,2000.00000000,700.00000000,0.00000000,0.01894019,mGal,synthetic_demo
616,0.00000000,750.00000000,0.00000000,0.01509619,mGal,synthetic_demo
617,50.00000000,750.00000000,0.00000000,0.03876821,mGal,synthetic_demo
618,100.00000000,750.00000000,0.00000000,0.03839080,mGal,synthetic_demo
619,150.00000000,750.00000000,0.00000000,0.03494496,mGal,synthetic_demo
620,200.00000000,750.00000000,0.00000000,0.06163007,mGal,synthetic_demo
621,250.00000000,750.00000000,0.00000000,0.04985895,mGal,synthetic_demo
622,300.00000000,750.00000000,0.00000000,0.06307643,mGal,synthetic_demo
623,350.00000000,750.00000000,0.00000000,0.07554903,mGal,synthetic_demo
624,400.00000000,750.00000000,0.00000000,0.07869875,mGal,synthetic_demo
625,450.00000000,750.00000000,0.00000000,0.10392906,mGal,synthetic_demo
626,500.00000000,750.00000000,0.00000000,0.11087063,mGal,synthetic_demo
627,550.00000000,750.00000000,0.00000000,0.13210482,mGal,synthetic_demo
628,600.00000000,750.00000000,0.00000000,0.17317060,mGal,synthetic_demo
629,650.00000000,750.00000000,0.00000000,0.17584550,mGal,synthetic_demo
630,700.00000000,750.00000000,0.00000000,0.19192160,mGal,synthetic_demo
631,750.00000000,750.00000000,0.00000000,0.26417170,mGal,synthetic_demo
632,800.00000000,750.00000000,0.00000000,0.30612331,mGal,synthetic_demo
633,850.00000000,750.00000000,0.00000000,0.30717553,mGal,synthetic_demo
634,900.00000000,750.00000000,0.00000000,0.31729328,mGal,synthetic_demo
635,950.00000000,750.00000000,0.00000000,0.35052941,mGal,synthetic_demo
636,1000.00000000,750.00000000,0.00000000,0.35674886,mGal,synthetic_demo
637,1050.00000000,750.00000000,0.00000000,0.35173501,mGal,synthetic_demo
638,1100.00000000,750.00000000,0.00000000,0.32552778,mGal,synthetic_demo
639,1150.00000000,750.00000000,0.00000000,0.31702384,mGal,synthetic_demo
640,1200.00000000,750.00000000,0.00000000,0.28587510,mGal,synthetic_demo
641,1250.00000000,750.00000000,0.00000000,0.23311827,mGal,synthetic_demo
642,1300.00000000,750.00000000,0.00000000,0.22304137,mGal,synthetic_demo
643,1350.00000000,750.00000000,0.00000000,0.20677821,mGal,synthetic_demo
644,1400.00000000,750.00000000,0.00000000,0.16126377,mGal,synthetic_demo
645,1450.00000000,750.00000000,0.00000000,0.13284795,mGal,synthetic_demo
646,1500.00000000,750.00000000,0.00000000,0.11478512,mGal,synthetic_demo
647,1550.00000000,750.00000000,0.00000000,0.10537027,mGal,synthetic_demo
648,1600.00000000,750.00000000,0.00000000,0.06758869,mGal,synthetic_demo
649,1650.00000000,750.00000000,0.00000000,0.07450380,mGal,synthetic_demo
650,1700.00000000,750.00000000,0.00000000,0.05885072,mGal,synthetic_demo
651,1750.00000000,750.00000000,0.00000000,0.07274373,mGal,synthetic_demo
652,1800.00000000,750.00000000,0.00000000,0.04537655,mGal,synthetic_demo
653,1850.00000000,750.00000000,0.00000000,0.05776360,mGal,synthetic_demo
654,1900.00000000,750.00000000,0.00000000,0.02493695,mGal,synthetic_demo
655,1950.00000000,750.00000000,0.00000000,0.03750260,mGal,synthetic_demo
656,2000.00000000,750.00000000,0.00000000,0.03111653,mGal,synthetic_demo
657,0.00000000,800.00000000,0.00000000,0.02002105,mGal,synthetic_demo
658,50.00000000,800.00000000,0.00000000,0.03437716,mGal,synthetic_demo
659,100.00000000,800.00000000,0.00000000,0.04930833,mGal,synthetic_demo
660,150.00000000,800.00000000,0.00000000,0.03935904,mGal,synthetic_demo
661,200.00000000,800.00000000,0.00000000,0.03210442,mGal,synthetic_demo
662,250.00000000,800.00000000,0.00000000,0.05650940,mGal,synthetic_demo
663,300.00000000,800.00000000,0.00000000,0.05682557,mGal,synthetic_demo
664,350.00000000,800.00000000,0.00000000,0.07342220,mGal,synthetic_demo
665,400.00000000,800.00000000,0.00000000,0.08924705,mGal,synthetic_demo
666,450.00000000,800.00000000,0.00000000,0.08889910,mGal,synthetic_demo
667,500.00000000,800.00000000,0.00000000,0.10887201,mGal,synthetic_demo
668,550.00000000,800.00000000,0.00000000,0.15262232,mGal,synthetic_demo
669,600.00000000,800.00000000,0.00000000,0.16950558,mGal,synthetic_demo
670,650.00000000,800.00000000,0.00000000,0.18043145,mGal,synthetic_demo
671,700.00000000,800.00000000,0.00000000,0.24952309,mGal,synthetic_demo
672,750.00000000,800.00000000,0.00000000,0.28335373,mGal,synthetic_demo
673,800.00000000,800.00000000,0.00000000,0.31386584,mGal,synthetic_demo
674,850.00000000,800.00000000,0.00000000,0.34644279,mGal,synthetic_demo
675,900.00000000,800.00000000,0.00000000,0.40055047,mGal,synthetic_demo
676,950.00000000,800.00000000,0.00000000,0.41767488,mGal,synthetic_demo
677,1000.00000000,800.00000000,0.00000000,0.44579751,mGal,synthetic_demo
678,1050.00000000,800.00000000,0.00000000,0.41838326,mGal,synthetic_demo
679,1100.00000000,800.00000000,0.00000000,0.39606942,mGal,synthetic_demo
680,1150.00000000,800.00000000,0.00000000,0.35794181,mGal,synthetic_demo
681,1200.00000000,800.00000000,0.00000000,0.32917235,mGal,synthetic_demo
682,1250.00000000,800.00000000,0.00000000,0.28688088,mGal,synthetic_demo
683,1300.00000000,800.00000000,0.00000000,0.25419190,mGal,synthetic_demo
684,1350.00000000,800.00000000,0.00000000,0.20086567,mGal,synthetic_demo
685,1400.00000000,800.00000000,0.00000000,0.17037869,mGal,synthetic_demo
686,1450.00000000,800.00000000,0.00000000,0.14301062,mGal,synthetic_demo
687,1500.00000000,800.00000000,0.00000000,0.13293661,mGal,synthetic_demo
688,1550.00000000,800.00000000,0.00000000,0.12093937,mGal,synthetic_demo
689,1600.00000000,800.00000000,0.00000000,0.08547452,mGal,synthetic_demo
690,1650.00000000,800.00000000,0.00000000,0.07259787,mGal,synthetic_demo
691,1700.00000000,800.00000000,0.00000000,0.06899057,mGal,synthetic_demo
692,1750.00000000,800.00000000,0.00000000,0.05422741,mGal,synthetic_demo
693,1800.00000000,800.00000000,0.00000000,0.05854458,mGal,synthetic_demo
694,1850.00000000,800.00000000,0.00000000,0.02007918,mGal,synthetic_demo
695,1900.00000000,800.00000000,0.00000000,0.02891609,mGal,synthetic_demo
696,1950.00000000,800.00000000,0.00000000,0.02477903,mGal,synthetic_demo
697,2000.00000000,800.00000000,0.00000000,0.00550796,mGal,synthetic_demo
698,0.00000000,850.00000000,0.00000000,0.01971485,mGal,synthetic_demo
699,50.00000000,850.00000000,0.00000000,0.02424360,mGal,synthetic_demo
700,100.00000000,850.00000000,0.00000000,0.03615985,mGal,synthetic_demo
701,150.00000000,850.00000000,0.00000000,0.05496811,mGal,synthetic_demo
702,200.00000000,850.00000000,0.00000000,0.04814633,mGal,synthetic_demo
703,250.00000000,850.00000000,0.00000000,0.04838586,mGal,synthetic_demo
704,300.00000000,850.00000000,0.00000000,0.06786725,mGal,synthetic_demo
705,350.00000000,850.00000000,0.00000000,0.09069555,mGal,synthetic_demo
706,400.00000000,850.00000000,0.00000000,0.08469618,mGal,synthetic_demo
707,450.00000000,850.00000000,0.00000000,0.10263601,mGal,synthetic_demo
708,500.00000000,850.00000000,0.00000000,0.13827877,mGal,synthetic_demo
709,550.00000000,850.00000000,0.00000000,0.15577733,mGal,synthetic_demo
710,600.00000000,850.00000000,0.00000000,0.19476917,mGal,synthetic_demo
711,650.00000000,850.00000000,0.00000000,0.22393076,mGal,synthetic_demo
712,700.00000000,850.00000000,0.00000000,0.27234174,mGal,synthetic_demo
713,750.00000000,850.00000000,0.00000000,0.30087744,mGal,synthetic_demo
714,800.00000000,850.00000000,0.00000000,0.35949025,mGal,synthetic_demo
715,850.00000000,850.00000000,0.00000000,0.40452113,mGal,synthetic_demo
716,900.00000000,850.00000000,0.00000000,0.43471191,mGal,synthetic_demo
717,950.00000000,850.00000000,0.00000000,0.45868421,mGal,synthetic_demo
718,1000.00000000,850.00000000,0.00000000,0.49095606,mGal,synthetic_demo
719,1050.00000000,850.00000000,0.00000000,0.47080946,mGal,synthetic_demo
720,1100.00000000,850.00000000,0.00000000,0.43664802,mGal,synthetic_demo
721,1150.00000000,850.00000000,0.00000000,0.40566624,mGal,synthetic_demo
722,1200.00000000,850.00000000,0.00000000,0.37089128,mGal,synthetic_demo
723,1250.00000000,850.00000000,0.00000000,0.28842085,mGal,synthetic_demo
724,1300.00000000,850.00000000,0.00000000,0.25035872,mGal,synthetic_demo
725,1350.00000000,850.00000000,0.00000000,0.21483836,mGal,synthetic_demo
726,1400.00000000,850.00000000,0.00000000,0.20290612,mGal,synthetic_demo
727,1450.00000000,850.00000000,0.00000000,0.16081856,mGal,synthetic_demo
728,1500.00000000,850.00000000,0.00000000,0.14036645,mGal,synthetic_demo
729,1550.00000000,850.00000000,0.00000000,0.10034015,mGal,synthetic_demo
730,1600.00000000,850.00000000,0.00000000,0.08326041,mGal,synthetic_demo
731,1650.00000000,850.00000000,0.00000000,0.08468195,mGal,synthetic_demo
732,1700.00000000,850.00000000,0.00000000,0.06901954,mGal,synthetic_demo
733,1750.00000000,850.00000000,0.00000000,0.06418139,mGal,synthetic_demo
734,1800.00000000,850.00000000,0.00000000,0.04872023,mGal,synthetic_demo
735,1850.00000000,850.00000000,0.00000000,0.04661989,mGal,synthetic_demo
736,1900.00000000,850.00000000,0.00000000,0.03975208,mGal,synthetic_demo
737,1950.00000000,850.00000000,0.00000000,0.04117283,mGal,synthetic_demo
738,2000.00000000,850.00000000,0.00000000,0.03742132,mGal,synthetic_demo
739,0.00000000,900.00000000,0.00000000,0.01362414,mGal,synthetic_demo
740,50.00000000,900.00000000,0.00000000,0.01150800,mGal,synthetic_demo
741,100.00000000,900.00000000,0.00000000,0.04892098,mGal,synthetic_demo
742,150.00000000,900.00000000,0.00000000,0.05663990,mGal,synthetic_demo
743,200.00000000,900.00000000,0.00000000,0.04156644,mGal,synthetic_demo
744,250.00000000,900.00000000,0.00000000,0.04160444,mGal,synthetic_demo
745,300.00000000,900.00000000,0.00000000,0.07138055,mGal,synthetic_demo
746,350.00000000,900.00000000,0.00000000,0.09206364,mGal,synthetic_demo
747,400.00000000,900.00000000,0.00000000,0.11579294,mGal,synthetic_demo
748,450.00000000,900.00000000,0.00000000,0.12136813,mGal,synthetic_demo
749,500.00000000,900.00000000,0.00000000,0.13494378,mGal,synthetic_demo
750,550.00000000,900.00000000,0.00000000,0.15708039,mGal,synthetic_demo
751,600.00000000,900.00000000,0.00000000,0.19920806,mGal,synthetic_demo
752,650.00000000,900.00000000,0.00000000,0.23559024,mGal,synthetic_demo
753,700.00000000,900.00000000,0.00000000,0.27453661,mGal,synthetic_demo
754,750.00000000,900.00000000,0.00000000,0.35714922,mGal,synthetic_demo
755,800.00000000,900.00000000,0.00000000,0.41004407,mGal,synthetic_demo
756,850.00000000,900.00000000,0.00000000,0.45823131,mGal,synthetic_demo
757,900.00000000,900.00000000,0.00000000,0.48501039,mGal,synthetic_demo
758,950.00000000,900.00000000,0.00000000,0.53534860,mGal,synthetic_demo
759,1000.00000000,900.00000000,0.00000000,0.54485784,mGal,synthetic_demo
760,1050.00000000,900.00000000,0.00000000,0.53122386,mGal,synthetic_demo
761,1100.00000000,900.00000000,0.00000000,0.50671555,mGal,synthetic_demo
762,1150.00000000,900.00000000,0.00000000,0.45322454,mGal,synthetic_demo
763,1200.00000000,900.00000000,0.00000000,0.39959253,mGal,synthetic_demo
764,1250.00000000,900.00000000,0.00000000,0.34303073,mGal,synthetic_demo
765,1300.00000000,900.00000000,0.00000000,0.28809520,mGal,synthetic_demo
766,1350.00000000,900.00000000,0.00000000,0.22074678,mGal,synthetic_demo
767,1400.00000000,900.00000000,0.00000000,0.19992976,mGal,synthetic_demo
768,1450.00000000,900.00000000,0.00000000,0.16044978,mGal,synthetic_demo
769,1500.00000000,900.00000000,0.00000000,0.12586254,mGal,synthetic_demo
770,1550.00000000,900.00000000,0.00000000,0.13302332,mGal,synthetic_demo
771,1600.00000000,900.00000000,0.00000000,0.11510694,mGal,synthetic_demo
772,1650.00000000,900.00000000,0.00000000,0.09634746,mGal,synthetic_demo
773,1700.00000000,900.00000000,0.00000000,0.07294233,mGal,synthetic_demo
774,1750.00000000,900.00000000,0.00000000,0.07370905,mGal,synthetic_demo
775,1800.00000000,900.00000000,0.00000000,0.05189320,mGal,synthetic_demo
776,1850.00000000,900.00000000,0.00000000,0.04679062,mGal,synthetic_demo
777,1900.00000000,900.00000000,0.00000000,0.02796881,mGal,synthetic_demo
778,1950.00000000,900.00000000,0.00000000,0.03795060,mGal,synthetic_demo
779,2000.00000000,900.00000000,0.00000000,0.03042672,mGal,synthetic_demo
780,0.00000000,950.00000000,0.00000000,0.01708541,mGal,synthetic_demo
781,50.00000000,950.00000000,0.00000000,0.03382830,mGal,synthetic_demo
782,100.00000000,950.00000000,0.00000000,0.03855714,mGal,synthetic_demo
783,150.00000000,950.00000000,0.00000000,0.06330848,mGal,synthetic_demo
784,200.00000000,950.00000000,0.00000000,0.06144228,mGal,synthetic_demo
785,250.00000000,950.00000000,0.00000000,0.06125384,mGal,synthetic_demo
786,300.00000000,950.00000000,0.00000000,0.07409518,mGal,synthetic_demo
787,350.00000000,950.00000000,0.00000000,0.08479391,mGal,synthetic_demo
788,400.00000000,950.00000000,0.00000000,0.09790150,mGal,synthetic_demo
789,450.00000000,950.00000000,0.00000000,0.10820360,mGal,synthetic_demo
790,500.00000000,950.00000000,0.00000000,0.14094923,mGal,synthetic_demo
791,550.00000000,950.00000000,0.00000000,0.16369371,mGal,synthetic_demo
792,600.00000000,950.00000000,0.00000000,0.19357574,mGal,synthetic_demo
793,650.00000000,950.00000000,0.00000000,0.25317454,mGal,synthetic_demo
794,700.00000000,950.00000000,0.00000000,0.30137775,mGal,synthetic_demo
795,750.00000000,950.00000000,0.00000000,0.33576718,mGal,synthetic_demo
796,800.00000000,950.00000000,0.00000000,0.41295452,mGal,synthetic_demo
797,850.00000000,950.00000000,0.00000000,0.48427600,mGal,synthetic_demo
798,900.00000000,950.00000000,0.00000000,0.53739064,mGal,synthetic_demo
799,950.00000000,950.00000000,0.00000000,0.57337997,mGal,synthetic_demo
800,1000.00000000,950.00000000,0.00000000,0.57655570,mGal,synthetic_demo
801,1050.00000000,950.00000000,0.00000000,0.55467115,mGal,synthetic_demo
802,1100.00000000,950.00000000,0.00000000,0.51596142,mGal,synthetic_demo
803,1150.00000000,950.00000000,0.00000000,0.47776503,mGal,synthetic_demo
804,1200.00000000,950.00000000,0.00000000,0.41797417,mGal,synthetic_demo
805,1250.00000000,950.00000000,0.00000000,0.36650756,mGal,synthetic_demo
806,1300.00000000,950.00000000,0.00000000,0.30846490,mGal,synthetic_demo
807,1350.00000000,950.00000000,0.00000000,0.24674004,mGal,synthetic_demo
808,1400.00000000,950.00000000,0.00000000,0.19363684,mGal,synthetic_demo
809,1450.00000000,950.00000000,0.00000000,0.16796362,mGal,synthetic_demo
810,1500.00000000,950.00000000,0.00000000,0.14463206,mGal,synthetic_demo
811,1550.00000000,950.00000000,0.00000000,0.11700704,mGal,synthetic_demo
812,1600.00000000,950.00000000,0.00000000,0.09415170,mGal,synthetic_demo
813,1650.00000000,950.00000000,0.00000000,0.08688064,mGal,synthetic_demo
814,1700.00000000,950.00000000,0.00000000,0.06656773,mGal,synthetic_demo
815,1750.00000000,950.00000000,0.00000000,0.05485873,mGal,synthetic_demo
816,1800.00000000,950.00000000,0.00000000,0.05561468,mGal,synthetic_demo
817,1850.00000000,950.00000000,0.00000000,0.04131294,mGal,synthetic_demo
818,1900.00000000,950.00000000,0.00000000,0.04179548,mGal,synthetic_demo
819,1950.00000000,950.00000000,0.00000000,0.03707231,mGal,synthetic_demo
820,2000.00000000,950.00000000,0.00000000,0.01871764,mGal,synthetic_demo
821,0.00000000,1000.00000000,0.00000000,0.02539692,mGal,synthetic_demo
822,50.00000000,1000.00000000,0.00000000,0.04883931,mGal,synthetic_demo
823,100.00000000,1000.00000000,0.00000000,0.02788588,mGal,synthetic_demo
824,150.00000000,1000.00000000,0.00000000,0.02435909,mGal,synthetic_demo
825,200.00000000,1000.00000000,0.00000000,0.03412798,mGal,synthetic_demo
826,250.00000000,1000.00000000,0.00000000,0.06174809,mGal,synthetic_demo
827,300.00000000,1000.00000000,0.00000000,0.07232999,mGal,synthetic_demo
828,350.00000000,1000.00000000,0.00000000,0.08371930,mGal,synthetic_demo
829,400.00000000,1000.00000000,0.00000000,0.11279406,mGal,synthetic_demo
830,450.00000000,1000.00000000,0.00000000,0.09326592,mGal,synthetic_demo
831,500.00000000,1000.00000000,0.00000000,0.14772406,mGal,synthetic_demo
832,550.00000000,1000.00000000,0.00000000,0.18854269,mGal,synthetic_demo
833,600.00000000,1000.00000000,0.00000000,0.19722079,mGal,synthetic_demo
834,650.00000000,1000.00000000,0.00000000,0.24756440,mGal,synthetic_demo
835,700.00000000,1000.00000000,0.00000000,0.29440930,mGal,synthetic_demo
836,750.00000000,1000.00000000,0.00000000,0.35066763,mGal,synthetic_demo
837,800.00000000,1000.00000000,0.00000000,0.41870887,mGal,synthetic_demo
838,850.00000000,1000.00000000,0.00000000,0.49837342,mGal,synthetic_demo
839,900.00000000,1000.00000000,0.00000000,0.55683544,mGal,synthetic_demo
840,950.00000000,1000.00000000,0.00000000,0.57280717,mGal,synthetic_demo
841,1000.00000000,1000.00000000,0.00000000,0.60877369,mGal,synthetic_demo
842,1050.00000000,1000.00000000,0.00000000,0.57652233,mGal,synthetic_demo
843,1100.00000000,1000.00000000,0.00000000,0.55599849,mGal,synthetic_demo
844,1150.00000000,1000.00000000,0.00000000,0.48316558,mGal,synthetic_demo
845,1200.00000000,1000.00000000,0.00000000,0.42328207,mGal,synthetic_demo
846,1250.00000000,1000.00000000,0.00000000,0.36326584,mGal,synthetic_demo
847,1300.00000000,1000.00000000,0.00000000,0.33372676,mGal,synthetic_demo
848,1350.00000000,1000.00000000,0.00000000,0.25987532,mGal,synthetic_demo
849,1400.00000000,1000.00000000,0.00000000,0.20142595,mGal,synthetic_demo
850,1450.00000000,1000.00000000,0.00000000,0.18261828,mGal,synthetic_demo
851,1500.00000000,1000.00000000,0.00000000,0.14014639,mGal,synthetic_demo
852,1550.00000000,1000.00000000,0.00000000,0.11509676,mGal,synthetic_demo
853,1600.00000000,1000.00000000,0.00000000,0.10973817,mGal,synthetic_demo
854,1650.00000000,1000.00000000,0.00000000,0.08520627,mGal,synthetic_demo
855,1700.00000000,1000.00000000,0.00000000,0.07480658,mGal,synthetic_demo
856,1750.00000000,1000.00000000,0.00000000,0.06159685,mGal,synthetic_demo
857,1800.00000000,1000.00000000,0.00000000,0.05611227,mGal,synthetic_demo
858,1850.00000000,1000.00000000,0.00000000,0.04977530,mGal,synthetic_demo
859,1900.00000000,1000.00000000,0.00000000,0.02013701,mGal,synthetic_demo
860,1950.00000000,1000.00000000,0.00000000,0.04112727,mGal,synthetic_demo
861,2000.00000000,1000.00000000,0.00000000,0.02038914,mGal,synthetic_demo
862,0.00000000,1050.00000000,0.00000000,0.01568894,mGal,synthetic_demo
863,50.00000000,1050.00000000,0.00000000,0.03375616,mGal,synthetic_demo
864,100.00000000,1050.00000000,0.00000000,0.04019425,mGal,synthetic_demo
865,150.00000000,1050.00000000,0.00000000,0.03839781,mGal,synthetic_demo
866,200.00000000,1050.00000000,0.00000000,0.06081047,mGal,synthetic_demo
867,250.00000000,1050.00000000,0.00000000,0.04771764,mGal,synthetic_demo
868,300.00000000,1050.00000000,0.00000000,0.06753787,mGal,synthetic_demo
869,350.00000000,1050.00000000,0.00000000,0.07850305,mGal,synthetic_demo
870,400.00000000,1050.00000000,0.00000000,0.09946477,mGal,synthetic_demo
871,450.00000000,1050.00000000,0.00000000,0.12181652,mGal,synthetic_demo
872,500.00000000,1050.00000000,0.00000000,0.13238082,mGal,synthetic_demo
873,550.00000000,1050.00000000,0.00000000,0.17839752,mGal,synthetic_demo
874,600.00000000,1050.00000000,0.00000000,0.20670892,mGal,synthetic_demo
875,650.00000000,1050.00000000,0.00000000,0.22914286,mGal,synthetic_demo
876,700.00000000,1050.00000000,0.00000000,0.27787919,mGal,synthetic_demo
877,750.00000000,1050.00000000,0.00000000,0.35351106,mGal,synthetic_demo
878,800.00000000,1050.00000000,0.00000000,0.41197170,mGal,synthetic_demo
879,850.00000000,1050.00000000,0.00000000,0.47328478,mGal,synthetic_demo
880,900.00000000,1050.00000000,0.00000000,0.52651858,mGal,synthetic_demo
881,950.00000000,1050.00000000,0.00000000,0.56537720,mGal,synthetic_demo
882,1000.00000000,1050.00000000,0.00000000,0.58564306,mGal,synthetic_demo
883,1050.00000000,1050.00000000,0.00000000,0.55201055,mGal,synthetic_demo
884,1100.00000000,1050.00000000,0.00000000,0.51507869,mGal,synthetic_demo
885,1150.00000000,1050.00000000,0.00000000,0.46338575,mGal,synthetic_demo
886,1200.00000000,1050.00000000,0.00000000,0.41707054,mGal,synthetic_demo
887,1250.00000000,1050.00000000,0.00000000,0.36608373,mGal,synthetic_demo
888,1300.00000000,1050.00000000,0.00000000,0.29315171,mGal,synthetic_demo
889,1350.00000000,1050.00000000,0.00000000,0.22304533,mGal,synthetic_demo
890,1400.00000000,1050.00000000,0.00000000,0.18903897,mGal,synthetic_demo
891,1450.00000000,1050.00000000,0.00000000,0.16282432,mGal,synthetic_demo
892,1500.00000000,1050.00000000,0.00000000,0.13688246,mGal,synthetic_demo
893,1550.00000000,1050.00000000,0.00000000,0.11494399,mGal,synthetic_demo
894,1600.00000000,1050.00000000,0.00000000,0.10031645,mGal,synthetic_demo
895,1650.00000000,1050.00000000,0.00000000,0.08123433,mGal,synthetic_demo
896,1700.00000000,1050.00000000,0.00000000,0.08210070,mGal,synthetic_demo
897,1750.00000000,1050.00000000,0.00000000,0.05437922,mGal,synthetic_demo
898,1800.00000000,1050.00000000,0.00000000,0.04387697,mGal,synthetic_demo
899,1850.00000000,1050.00000000,0.00000000,0.05012162,mGal,synthetic_demo
900,1900.00000000,1050.00000000,0.00000000,0.02399801,mGal,synthetic_demo
901,1950.00000000,1050.00000000,0.00000000,0.03823719,mGal,synthetic_demo
902,2000.00000000,1050.00000000,0.00000000,0.03113747,mGal,synthetic_demo
903,0.00000000,1100.00000000,0.00000000,0.02834844,mGal,synthetic_demo
904,50.00000000,1100.00000000,0.00000000,0.04986345,mGal,synthetic_demo
905,100.00000000,1100.00000000,0.00000000,0.03268145,mGal,synthetic_demo
906,150.00000000,1100.00000000,0.00000000,0.06536563,mGal,synthetic_demo
907,200.00000000,1100.00000000,0.00000000,0.04951836,mGal,synthetic_demo
908,250.00000000,1100.00000000,0.00000000,0.04743263,mGal,synthetic_demo
909,300.00000000,1100.00000000,0.00000000,0.07108940,mGal,synthetic_demo
910,350.00000000,1100.00000000,0.00000000,0.07199280,mGal,synthetic_demo
911,400.00000000,1100.00000000,0.00000000,0.09029943,mGal,synthetic_demo
912,450.00000000,1100.00000000,0.00000000,0.12017548,mGal,synthetic_demo
913,500.00000000,1100.00000000,0.00000000,0.14421677,mGal,synthetic_demo
914,550.00000000,1100.00000000,0.00000000,0.15979002,mGal,synthetic_demo
915,600.00000000,1100.00000000,0.00000000,0.20896760,mGal,synthetic_demo
916,650.00000000,1100.00000000,0.00000000,0.25015797,mGal,synthetic_demo
917,700.00000000,1100.00000000,0.00000000,0.29905031,mGal,synthetic_demo
918,750.00000000,1100.00000000,0.00000000,0.34195580,mGal,synthetic_demo
919,800.00000000,1100.00000000,0.00000000,0.40582667,mGal,synthetic_demo
920,850.00000000,1100.00000000,0.00000000,0.42806284,mGal,synthetic_demo
921,900.00000000,1100.00000000,0.00000000,0.49103983,mGal,synthetic_demo
922,950.00000000,1100.00000000,0.00000000,0.51812835,mGal,synthetic_demo
923,1000.00000000,1100.00000000,0.00000000,0.53965384,mGal,synthetic_demo
924,1050.00000000,1100.00000000,0.00000000,0.52108391,mGal,synthetic_demo
925,1100.00000000,1100.00000000,0.00000000,0.49255731,mGal,synthetic_demo
926,1150.00000000,1100.00000000,0.00000000,0.46569257,mGal,synthetic_demo
927,1200.00000000,1100.00000000,0.00000000,0.39049519,mGal,synthetic_demo
928,1250.00000000,1100.00000000,0.00000000,0.34079959,mGal,synthetic_demo
929,1300.00000000,1100.00000000,0.00000000,0.28236460,mGal,synthetic_demo
930,1350.00000000,1100.00000000,0.00000000,0.23934002,mGal,synthetic_demo
931,1400.00000000,1100.00000000,0.00000000,0.19915372,mGal,synthetic_demo
932,1450.00000000,1100.00000000,0.00000000,0.17049494,mGal,synthetic_demo
933,1500.00000000,1100.00000000,0.00000000,0.15031402,mGal,synthetic_demo
934,1550.00000000,1100.00000000,0.00000000,0.13267909,mGal,synthetic_demo
935,1600.00000000,1100.00000000,0.00000000,0.10091319,mGal,synthetic_demo
936,1650.00000000,1100.00000000,0.00000000,0.08865072,mGal,synthetic_demo
937,1700.00000000,1100.00000000,0.00000000,0.05888155,mGal,synthetic_demo
938,1750.00000000,1100.00000000,0.00000000,0.05932403,mGal,synthetic_demo
939,1800.00000000,1100.00000000,0.00000000,0.06117557,mGal,synthetic_demo
940,1850.00000000,1100.00000000,0.00000000,0.05342233,mGal,synthetic_demo
941,1900.00000000,1100.00000000,0.00000000,0.04101963,mGal,synthetic_demo
942,1950.00000000,1100.00000000,0.00000000,0.04284463,mGal,synthetic_demo
943,2000.00000000,1100.00000000,0.00000000,0.03473053,mGal,synthetic_demo
944,0.00000000,1150.00000000,0.00000000,0.04135430,mGal,synthetic_demo
945,50.00000000,1150.00000000,0.00000000,0.03628875,mGal,synthetic_demo
946,100.00000000,1150.00000000,0.00000000,0.03461391,mGal,synthetic_demo
947,150.00000000,1150.00000000,0.00000000,0.04719687,mGal,synthetic_demo
948,200.00000000,1150.00000000,0.00000000,0.02129099,mGal,synthetic_demo
949,250.00000000,1150.00000000,0.00000000,0.06252286,mGal,synthetic_demo
950,300.00000000,1150.00000000,0.00000000,0.03195267,mGal,synthetic_demo
951,350.00000000,1150.00000000,0.00000000,0.06296918,mGal,synthetic_demo
952,400.00000000,1150.00000000,0.00000000,0.09897345,mGal,synthetic_demo
953,450.00000000,1150.00000000,0.00000000,0.11651705,mGal,synthetic_demo
954,500.00000000,1150.00000000,0.00000000,0.12106899,mGal,synthetic_demo
955,550.00000000,1150.00000000,0.00000000,0.15087167,mGal,synthetic_demo
956,600.00000000,1150.00000000,0.00000000,0.20199974,mGal,synthetic_demo
957,650.00000000,1150.00000000,0.00000000,0.21922693,mGal,synthetic_demo
958,700.00000000,1150.00000000,0.00000000,0.28775431,mGal,synthetic_demo
959,750.00000000,1150.00000000,0.00000000,0.31120903,mGal,synthetic_demo
960,800.00000000,1150.00000000,0.00000000,0.36369145,mGal,synthetic_demo
961,850.00000000,1150.00000000,0.00000000,0.42279677,mGal,synthetic_demo
962,900.00000000,1150.00000000,0.00000000,0.44818110,mGal,synthetic_demo
963,950.00000000,1150.00000000,0.00000000,0.46429555,mGal,synthetic_demo
964,1000.00000000,1150.00000000,0.00000000,0.48300129,mGal,synthetic_demo
965,1050.00000000,1150.00000000,0.00000000,0.47396288,mGal,synthetic_demo
966,1100.00000000,1150.00000000,0.00000000,0.43322341,mGal,synthetic_demo
967,1150.00000000,1150.00000000,0.00000000,0.40406971,mGal,synthetic_demo
968,1200.00000000,1150.00000000,0.00000000,0.35218917,mGal,synthetic_demo
969,1250.00000000,1150.00000000,0.00000000,0.32047180,mGal,synthetic_demo
970,1300.00000000,1150.00000000,0.00000000,0.26567122,mGal,synthetic_demo
971,1350.00000000,1150.00000000,0.00000000,0.22123927,mGal,synthetic_demo
972,1400.00000000,1150.00000000,0.00000000,0.18723251,mGal,synthetic_demo
973,1450.00000000,1150.00000000,0.00000000,0.16022392,mGal,synthetic_demo
974,1500.00000000,1150.00000000,0.00000000,0.13886142,mGal,synthetic_demo
975,1550.00000000,1150.00000000,0.00000000,0.10174463,mGal,synthetic_demo
976,1600.00000000,1150.00000000,0.00000000,0.08403989,mGal,synthetic_demo
977,1650.00000000,1150.00000000,0.00000000,0.09125061,mGal,synthetic_demo
978,1700.00000000,1150.00000000,0.00000000,0.06431343,mGal,synthetic_demo
979,1750.00000000,1150.00000000,0.00000000,0.04452558,mGal,synthetic_demo
980,1800.00000000,1150.00000000,0.00000000,0.05503507,mGal,synthetic_demo
981,1850.00000000,1150.00000000,0.00000000,0.04847215,mGal,synthetic_demo
982,1900.00000000,1150.00000000,0.00000000,0.02286374,mGal,synthetic_demo
983,1950.00000000,1150.00000000,0.00000000,0.03568997,mGal,synthetic_demo
984,2000.00000000,1150.00000000,0.00000000,0.03670707,mGal,synthetic_demo
985,0.00000000,1200.00000000,0.00000000,0.03245539,mGal,synthetic_demo
986,50.00000000,1200.00000000,0.00000000,0.03892301,mGal,synthetic_demo
987,100.00000000,1200.00000000,0.00000000,0.02314045,mGal,synthetic_demo
988,150.00000000,1200.00000000,0.00000000,0.04590735,mGal,synthetic_demo
989,200.00000000,1200.00000000,0.00000000,0.04599785,mGal,synthetic_demo
990,250.00000000,1200.00000000,0.00000000,0.05185712,mGal,synthetic_demo
991,300.00000000,1200.00000000,0.00000000,0.07455536,mGal,synthetic_demo
992,350.00000000,1200.00000000,0.00000000,0.09163836,mGal,synthetic_demo
993,400.00000000,1200.00000000,0.00000000,0.10800663,mGal,synthetic_demo
994,450.00000000,1200.00000000,0.00000000,0.11910370,mGal,synthetic_demo
995,500.00000000,1200.00000000,0.00000000,0.12393125,mGal,synthetic_demo
996,550.00000000,1200.00000000,0.00000000,0.15132885,mGal,synthetic_demo
997,600.00000000,1200.00000000,0.00000000,0.18240099,mGal,synthetic_demo
998,650.00000000,1200.00000000,0.00000000,0.20729068,mGal,synthetic_demo
999,700.00000000,1200.00000000,0.00000000,0.24298230,mGal,synthetic_demo
1000,750.00000000,1200.00000000,0.00000000,0.28886756,mGal,synthetic_demo
1001,800.00000000,1200.00000000,0.00000000,0.32041176,mGal,synthetic_demo
1002,850.00000000,1200.00000000,0.00000000,0.35231822,mGal,synthetic_demo
1003,900.00000000,1200.00000000,0.00000000,0.38804766,mGal,synthetic_demo
1004,950.00000000,1200.00000000,0.00000000,0.42052047,mGal,synthetic_demo
1005,1000.00000000,1200.00000000,0.00000000,0.42200142,mGal,synthetic_demo
1006,1050.00000000,1200.00000000,0.00000000,0.41758347,mGal,synthetic_demo
1007,1100.00000000,1200.00000000,0.00000000,0.39889318,mGal,synthetic_demo
1008,1150.00000000,1200.00000000,0.00000000,0.35586268,mGal,synthetic_demo
1009,1200.00000000,1200.00000000,0.00000000,0.32856707,mGal,synthetic_demo
1010,1250.00000000,1200.00000000,0.00000000,0.28441845,mGal,synthetic_demo
1011,1300.00000000,1200.00000000,0.00000000,0.22932652,mGal,synthetic_demo
1012,1350.00000000,1200.00000000,0.00000000,0.22050195,mGal,synthetic_demo
1013,1400.00000000,1200.00000000,0.00000000,0.16972532,mGal,synthetic_demo
1014,1450.00000000,1200.00000000,0.00000000,0.13125069,mGal,synthetic_demo
1015,1500.00000000,1200.00000000,0.00000000,0.11457815,mGal,synthetic_demo
1016,1550.00000000,1200.00000000,0.00000000,0.09574517,mGal,synthetic_demo
1017,1600.00000000,1200.00000000,0.00000000,0.09058466,mGal,synthetic_demo
1018,1650.00000000,1200.00000000,0.00000000,0.07410711,mGal,synthetic_demo
1019,1700.00000000,1200.00000000,0.00000000,0.06248148,mGal,synthetic_demo
1020,1750.00000000,1200.00000000,0.00000000,0.06288204,mGal,synthetic_demo
1021,1800.00000000,1200.00000000,0.00000000,0.05242280,mGal,synthetic_demo
1022,1850.00000000,1200.00000000,0.00000000,0.04575743,mGal,synthetic_demo
1023,1900.00000000,1200.00000000,0.00000000,0.04128142,mGal,synthetic_demo
1024,1950.00000000,1200.00000000,0.00000000,0.03876454,mGal,synthetic_demo
1025,2000.00000000,1200.00000000,0.00000000,0.00763199,mGal,synthetic_demo
1026,0.00000000,1250.00000000,0.00000000,0.02427815,mGal,synthetic_demo
1027,50.00000000,1250.00000000,0.00000000,0.00982791,mGal,synthetic_demo
1028,100.00000000,1250.00000000,0.00000000,0.03633495,mGal,synthetic_demo
1029,150.00000000,1250.00000000,0.00000000,0.04103840,mGal,synthetic_demo
1030,200.00000000,1250.00000000,0.00000000,0.05757360,mGal,synthetic_demo
1031,250.00000000,1250.00000000,0.00000000,0.06614182,mGal,synthetic_demo
1032,300.00000000,1250.00000000,0.00000000,0.06478311,mGal,synthetic_demo
1033,350.00000000,1250.00000000,0.00000000,0.06785628,mGal,synthetic_demo
1034,400.00000000,1250.00000000,0.00000000,0.08974702,mGal,synthetic_demo
1035,450.00000000,1250.00000000,0.00000000,0.09393852,mGal,synthetic_demo
1036,500.00000000,1250.00000000,0.00000000,0.11619123,mGal,synthetic_demo
1037,550.00000000,1250.00000000,0.00000000,0.14608256,mGal,synthetic_demo
1038,600.00000000,1250.00000000,0.00000000,0.15396646,mGal,synthetic_demo
1039,650.00000000,1250.00000000,0.00000000,0.19430815,mGal,synthetic_demo
1040,700.00000000,1250.00000000,0.00000000,0.22282342,mGal,synthetic_demo
1041,750.00000000,1250.00000000,0.00000000,0.23851441,mGal,synthetic_demo
1042,800.00000000,1250.00000000,0.00000000,0.29036897,mGal,synthetic_demo
1043,850.00000000,1250.00000000,0.00000000,0.31821389,mGal,synthetic_demo
1044,900.00000000,1250.00000000,0.00000000,0.33768092,mGal,synthetic_demo
1045,950.00000000,1250.00000000,0.00000000,0.34601102,mGal,synthetic_demo
1046,1000.00000000,1250.00000000,0.00000000,0.35101903,mGal,synthetic_demo
1047,1050.00000000,1250.00000000,0.00000000,0.34825763,mGal,synthetic_demo
1048,1100.00000000,1250.00000000,0.00000000,0.34208761,mGal,synthetic_demo
1049,1150.00000000,1250.00000000,0.00000000,0.30167197,mGal,synthetic_demo
1050,1200.00000000,1250.00000000,0.00000000,0.28500515,mGal,synthetic_demo
1051,1250.00000000,1250.00000000,0.00000000,0.23564477,mGal,synthetic_demo
1052,1300.00000000,1250.00000000,0.00000000,0.21400872,mGal,synthetic_demo
1053,1350.00000000,1250.00000000,0.00000000,0.18734784,mGal,synthetic_demo
1054,1400.00000000,1250.00000000,0.00000000,0.18399547,mGal,synthetic_demo
1055,1450.00000000,1250.00000000,0.00000000,0.12244804,mGal,synthetic_demo
1056,1500.00000000,1250.00000000,0.00000000,0.13092530,mGal,synthetic_demo
1057,1550.00000000,1250.00000000,0.00000000,0.10071612,mGal,synthetic_demo
1058,1600.00000000,1250.00000000,0.00000000,0.08900713,mGal,synthetic_demo
1059,1650.00000000,1250.00000000,0.00000000,0.07404337,mGal,synthetic_demo
1060,1700.00000000,1250.00000000,0.00000000,0.06720262,mGal,synthetic_demo
1061,1750.00000000,1250.00000000,0.00000000,0.05272862,mGal,synthetic_demo
1062,1800.00000000,1250.00000000,0.00000000,0.06165878,mGal,synthetic_demo
1063,1850.00000000,1250.00000000,0.00000000,0.03652001,mGal,synthetic_demo
1064,1900.00000000,1250.00000000,0.00000000,0.04729670,mGal,synthetic_demo
1065,1950.00000000,1250.00000000,0.00000000,0.02518634,mGal,synthetic_demo
1066,2000.00000000,1250.00000000,0.00000000,0.02732001,mGal,synthetic_demo
1067,0.00000000,1300.00000000,0.00000000,0.01628655,mGal,synthetic_demo
1068,50.00000000,1300.00000000,0.00000000,0.03505493,mGal,synthetic_demo
1069,100.00000000,1300.00000000,0.00000000,0.04903479,mGal,synthetic_demo
1070,150.00000000,1300.00000000,0.00000000,0.03858087,mGal,synthetic_demo
1071,200.00000000,1300.00000000,0.00000000,0.04298253,mGal,synthetic_demo
1072,250.00000000,1300.00000000,0.00000000,0.04038773,mGal,synthetic_demo
1073,300.00000000,1300.00000000,0.00000000,0.05699695,mGal,synthetic_demo
1074,350.00000000,1300.00000000,0.00000000,0.05250885,mGal,synthetic_demo
1075,400.00000000,1300.00000000,0.00000000,0.07009095,mGal,synthetic_demo
1076,450.00000000,1300.00000000,0.00000000,0.09417086,mGal,synthetic_demo
1077,500.00000000,1300.00000000,0.00000000,0.11994141,mGal,synthetic_demo
1078,550.00000000,1300.00000000,0.00000000,0.15208598,mGal,synthetic_demo
1079,600.00000000,1300.00000000,0.00000000,0.13789887,mGal,synthetic_demo
1080,650.00000000,1300.00000000,0.00000000,0.18036470,mGal,synthetic_demo
1081,700.00000000,1300.00000000,0.00000000,0.19281244,mGal,synthetic_demo
1082,750.00000000,1300.00000000,0.00000000,0.21453693,mGal,synthetic_demo
1083,800.00000000,1300.00000000,0.00000000,0.24600060,mGal,synthetic_demo
1084,850.00000000,1300.00000000,0.00000000,0.26594427,mGal,synthetic_demo
1085,900.00000000,1300.00000000,0.00000000,0.28579125,mGal,synthetic_demo
1086,950.00000000,1300.00000000,0.00000000,0.29338177,mGal,synthetic_demo
1087,1000.00000000,1300.00000000,0.00000000,0.28795712,mGal,synthetic_demo
1088,1050.00000000,1300.00000000,0.00000000,0.28202885,mGal,synthetic_demo
1089,1100.00000000,1300.00000000,0.00000000,0.29121974,mGal,synthetic_demo
1090,1150.00000000,1300.00000000,0.00000000,0.26255810,mGal,synthetic_demo
1091,1200.00000000,1300.00000000,0.00000000,0.23571376,mGal,synthetic_demo
1092,1250.00000000,1300.00000000,0.00000000,0.21613446,mGal,synthetic_demo
1093,1300.00000000,1300.00000000,0.00000000,0.19832424,mGal,synthetic_demo
1094,1350.00000000,1300.00000000,0.00000000,0.16781534,mGal,synthetic_demo
1095,1400.00000000,1300.00000000,0.00000000,0.13720417,mGal,synthetic_demo
1096,1450.00000000,1300.00000000,0.00000000,0.13625680,mGal,synthetic_demo
1097,1500.00000000,1300.00000000,0.00000000,0.12254314,mGal,synthetic_demo
1098,1550.00000000,1300.00000000,0.00000000,0.09684856,mGal,synthetic_demo
1099,1600.00000000,1300.00000000,0.00000000,0.08895636,mGal,synthetic_demo
1100,1650.00000000,1300.00000000,0.00000000,0.08085640,mGal,synthetic_demo
1101,1700.00000000,1300.00000000,0.00000000,0.07059087,mGal,synthetic_demo
1102,1750.00000000,1300.00000000,0.00000000,0.05767490,mGal,synthetic_demo
1103,1800.00000000,1300.00000000,0.00000000,0.05093486,mGal,synthetic_demo
1104,1850.00000000,1300.00000000,0.00000000,0.04455104,mGal,synthetic_demo
1105,1900.00000000,1300.00000000,0.00000000,0.02361015,mGal,synthetic_demo
1106,1950.00000000,1300.00000000,0.00000000,0.03751193,mGal,synthetic_demo
1107,2000.00000000,1300.00000000,0.00000000,0.01344804,mGal,synthetic_demo
1108,0.00000000,1350.00000000,0.00000000,0.01804016,mGal,synthetic_demo
1109,50.00000000,1350.00000000,0.00000000,0.04229405,mGal,synthetic_demo
1110,100.00000000,1350.00000000,0.00000000,0.04145406,mGal,synthetic_demo
1111,150.00000000,1350.00000000,0.00000000,0.05233495,mGal,synthetic_demo
1112,200.00000000,1350.00000000,0.00000000,0.03988021,mGal,synthetic_demo
1113,250.00000000,1350.00000000,0.00000000,0.03706708,mGal,synthetic_demo
1114,300.00000000,1350.00000000,0.00000000,0.05318354,mGal,synthetic_demo
1115,350.00000000,1350.00000000,0.00000000,0.06477974,mGal,synthetic_demo
1116,400.00000000,1350.00000000,0.00000000,0.07407545,mGal,synthetic_demo
1117,450.00000000,1350.00000000,0.00000000,0.09568859,mGal,synthetic_demo
1118,500.00000000,1350.00000000,0.00000000,0.09351624,mGal,synthetic_demo
1119,550.00000000,1350.00000000,0.00000000,0.11526210,mGal,synthetic_demo
1120,600.00000000,1350.00000000,0.00000000,0.11833444,mGal,synthetic_demo
1121,650.00000000,1350.00000000,0.00000000,0.15093840,mGal,synthetic_demo
1122,700.00000000,1350.00000000,0.00000000,0.16604278,mGal,synthetic_demo
1123,750.00000000,1350.00000000,0.00000000,0.17875323,mGal,synthetic_demo
1124,800.00000000,1350.00000000,0.00000000,0.20372060,mGal,synthetic_demo
1125,850.00000000,1350.00000000,0.00000000,0.22222547,mGal,synthetic_demo
1126,900.00000000,1350.00000000,0.00000000,0.23588134,mGal,synthetic_demo
1127,950.00000000,1350.00000000,0.00000000,0.26577574,mGal,synthetic_demo
1128,1000.00000000,1350.00000000,0.00000000,0.25037800,mGal,synthetic_demo
1129,1050.00000000,1350.00000000,0.00000000,0.24562336,mGal,synthetic_demo
1130,1100.00000000,1350.00000000,0.00000000,0.21760838,mGal,synthetic_demo
1131,1150.00000000,1350.00000000,0.00000000,0.21512516,mGal,synthetic_demo
1132,1200.00000000,1350.00000000,0.00000000,0.20344816,mGal,synthetic_demo
1133,1250.00000000,1350.00000000,0.00000000,0.17939284,mGal,synthetic_demo
1134,1300.00000000,1350.00000000,0.00000000,0.17982877,mGal,synthetic_demo
1135,1350.00000000,1350.00000000,0.00000000,0.14478585,mGal,synthetic_demo
1136,1400.00000000,1350.00000000,0.00000000,0.14110516,mGal,synthetic_demo
1137,1450.00000000,1350.00000000,0.00000000,0.11235880,mGal,synthetic_demo
1138,1500.00000000,1350.00000000,0.00000000,0.09750123,mGal,synthetic_demo
1139,1550.00000000,1350.00000000,0.00000000,0.08346383,mGal,synthetic_demo
1140,1600.00000000,1350.00000000,0.00000000,0.07332352,mGal,synthetic_demo
1141,1650.00000000,1350.00000000,0.00000000,0.08094738,mGal,synthetic_demo
1142,1700.00000000,1350.00000000,0.00000000,0.03239181,mGal,synthetic_demo
1143,1750.00000000,1350.00000000,0.00000000,0.02857411,mGal,synthetic_demo
1144,1800.00000000,1350.00000000,0.00000000,0.03716525,mGal,synthetic_demo
1145,1850.00000000,1350.00000000,0.00000000,0.03760625,mGal,synthetic_demo
1146,1900.00000000,1350.00000000,0.00000000,0.03995291,mGal,synthetic_demo
1147,1950.00000000,1350.00000000,0.00000000,0.03398927,mGal,synthetic_demo
1148,2000.00000000,1350.00000000,0.00000000,0.02214370,mGal,synthetic_demo
1149,0.00000000,1400.00000000,0.00000000,0.03507713,mGal,synthetic_demo
1150,50.00000000,1400.00000000,0.00000000,0.03822449,mGal,synthetic_demo
1151,100.00000000,1400.00000000,0.00000000,0.03326089,mGal,synthetic_demo
1152,150.00000000,1400.00000000,0.00000000,0.04508456,mGal,synthetic_demo
1153,200.00000000,1400.00000000,0.00000000,0.04285203,mGal,synthetic_demo
1154,250.00000000,1400.00000000,0.00000000,0.03991081,mGal,synthetic_demo
1155,300.00000000,1400.00000000,0.00000000,0.05875084,mGal,synthetic_demo
1156,350.00000000,1400.00000000,0.00000000,0.06009681,mGal,synthetic_demo
1157,400.00000000,1400.00000000,0.00000000,0.06732110,mGal,synthetic_demo
1158,450.00000000,1400.00000000,0.00000000,0.09157515,mGal,synthetic_demo
1159,500.00000000,1400.00000000,0.00000000,0.06319456,mGal,synthetic_demo
1160,550.00000000,1400.00000000,0.00000000,0.08575380,mGal,synthetic_demo
1161,600.00000000,1400.00000000,0.00000000,0.10162156,mGal,synthetic_demo
1162,650.00000000,1400.00000000,0.00000000,0.12458811,mGal,synthetic_demo
1163,700.00000000,1400.00000000,0.00000000,0.14121864,mGal,synthetic_demo
1164,750.00000000,1400.00000000,0.00000000,0.14447091,mGal,synthetic_demo
1165,800.00000000,1400.00000000,0.00000000,0.16488119,mGal,synthetic_demo
1166,850.00000000,1400.00000000,0.00000000,0.17968591,mGal,synthetic_demo
1167,900.00000000,1400.00000000,0.00000000,0.22366779,mGal,synthetic_demo
1168,950.00000000,1400.00000000,0.00000000,0.22409632,mGal,synthetic_demo
1169,1000.00000000,1400.00000000,0.00000000,0.20438110,mGal,synthetic_demo
1170,1050.00000000,1400.00000000,0.00000000,0.20244306,mGal,synthetic_demo
1171,1100.00000000,1400.00000000,0.00000000,0.18760151,mGal,synthetic_demo
1172,1150.00000000,1400.00000000,0.00000000,0.16921302,mGal,synthetic_demo
1173,1200.00000000,1400.00000000,0.00000000,0.17356396,mGal,synthetic_demo
1174,1250.00000000,1400.00000000,0.00000000,0.14956565,mGal,synthetic_demo
1175,1300.00000000,1400.00000000,0.00000000,0.14291621,mGal,synthetic_demo
1176,1350.00000000,1400.00000000,0.00000000,0.11221865,mGal,synthetic_demo
1177,1400.00000000,1400.00000000,0.00000000,0.10587252,mGal,synthetic_demo
1178,1450.00000000,1400.00000000,0.00000000,0.10141691,mGal,synthetic_demo
1179,1500.00000000,1400.00000000,0.00000000,0.09136537,mGal,synthetic_demo
1180,1550.00000000,1400.00000000,0.00000000,0.08102033,mGal,synthetic_demo
1181,1600.00000000,1400.00000000,0.00000000,0.05410281,mGal,synthetic_demo
1182,1650.00000000,1400.00000000,0.00000000,0.06753754,mGal,synthetic_demo
1183,1700.00000000,1400.00000000,0.00000000,0.04377055,mGal,synthetic_demo
1184,1750.00000000,1400.00000000,0.00000000,0.05185422,mGal,synthetic_demo
1185,1800.00000000,1400.00000000,0.00000000,0.04001919,mGal,synthetic_demo
1186,1850.00000000,1400.00000000,0.00000000,0.02169411,mGal,synthetic_demo
1187,1900.00000000,1400.00000000,0.00000000,0.02825833,mGal,synthetic_demo
1188,1950.00000000,1400.00000000,0.00000000,0.03157617,mGal,synthetic_demo
1189,2000.00000000,1400.00000000,0.00000000,0.03101635,mGal,synthetic_demo
1190,0.00000000,1450.00000000,0.00000000,0.02232152,mGal,synthetic_demo
1191,50.00000000,1450.00000000,0.00000000,0.04184504,mGal,synthetic_demo
1192,100.00000000,1450.00000000,0.00000000,0.03980264,mGal,synthetic_demo
1193,150.00000000,1450.00000000,0.00000000,0.03082862,mGal,synthetic_demo
1194,200.00000000,1450.00000000,0.00000000,0.04510240,mGal,synthetic_demo
1195,250.00000000,1450.00000000,0.00000000,0.06176231,mGal,synthetic_demo
1196,300.00000000,1450.00000000,0.00000000,0.06755462,mGal,synthetic_demo
1197,350.00000000,1450.00000000,0.00000000,0.04198548,mGal,synthetic_demo
1198,400.00000000,1450.00000000,0.00000000,0.05219166,mGal,synthetic_demo
1199,450.00000000,1450.00000000,0.00000000,0.08444701,mGal,synthetic_demo
1200,500.00000000,1450.00000000,0.00000000,0.06815239,mGal,synthetic_demo
1201,550.00000000,1450.00000000,0.00000000,0.07564464,mGal,synthetic_demo
1202,600.00000000,1450.00000000,0.00000000,0.09506870,mGal,synthetic_demo
1203,650.00000000,1450.00000000,0.00000000,0.11594402,mGal,synthetic_demo
1204,700.00000000,1450.00000000,0.00000000,0.12296991,mGal,synthetic_demo
1205,750.00000000,1450.00000000,0.00000000,0.12971557,mGal,synthetic_demo
1206,800.00000000,1450.00000000,0.00000000,0.14105952,mGal,synthetic_demo
1207,850.00000000,1450.00000000,0.00000000,0.15086932,mGal,synthetic_demo
1208,900.00000000,1450.00000000,0.00000000,0.15721660,mGal,synthetic_demo
1209,950.00000000,1450.00000000,0.00000000,0.19397102,mGal,synthetic_demo
1210,1000.00000000,1450.00000000,0.00000000,0.17590342,mGal,synthetic_demo
1211,1050.00000000,1450.00000000,0.00000000,0.18002228,mGal,synthetic_demo
1212,1100.00000000,1450.00000000,0.00000000,0.16112092,mGal,synthetic_demo
1213,1150.00000000,1450.00000000,0.00000000,0.15613313,mGal,synthetic_demo
1214,1200.00000000,1450.00000000,0.00000000,0.14066611,mGal,synthetic_demo
1215,1250.00000000,1450.00000000,0.00000000,0.10970412,mGal,synthetic_demo
1216,1300.00000000,1450.00000000,0.00000000,0.11021378,mGal,synthetic_demo
1217,1350.00000000,1450.00000000,0.00000000,0.09363557,mGal,synthetic_demo
1218,1400.00000000,1450.00000000,0.00000000,0.07743280,mGal,synthetic_demo
1219,1450.00000000,1450.00000000,0.00000000,0.07691646,mGal,synthetic_demo
1220,1500.00000000,1450.00000000,0.00000000,0.09198476,mGal,synthetic_demo
1221,1550.00000000,1450.00000000,0.00000000,0.06915346,mGal,synthetic_demo
1222,1600.00000000,1450.00000000,0.00000000,0.07436263,mGal,synthetic_demo
1223,1650.00000000,1450.00000000,0.00000000,0.05837530,mGal,synthetic_demo
1224,1700.00000000,1450.00000000,0.00000000,0.05577536,mGal,synthetic_demo
1225,1750.00000000,1450.00000000,0.00000000,0.03341541,mGal,synthetic_demo
1226,1800.00000000,1450.00000000,0.00000000,0.04284069,mGal,synthetic_demo
1227,1850.00000000,1450.00000000,0.00000000,0.04068230,mGal,synthetic_demo
1228,1900.00000000,1450.00000000,0.00000000,0.02396106,mGal,synthetic_demo
1229,1950.00000000,1450.00000000,0.00000000,0.03212266,mGal,synthetic_demo
1230,2000.00000000,1450.00000000,0.00000000,0.02939328,mGal,synthetic_demo
1231,0.00000000,1500.00000000,0.00000000,0.01704684,mGal,synthetic_demo
1232,50.00000000,1500.00000000,0.00000000,0.01387263,mGal,synthetic_demo
1233,100.00000000,1500.00000000,0.00000000,0.01616712,mGal,synthetic_demo
1234,150.00000000,1500.00000000,0.00000000,0.03218138,mGal,synthetic_demo
1235,200.00000000,1500.00000000,0.00000000,0.03834885,mGal,synthetic_demo
1236,250.00000000,1500.00000000,0.00000000,0.03142918,mGal,synthetic_demo
1237,300.00000000,1500.00000000,0.00000000,0.04447014,mGal,synthetic_demo
1238,350.00000000,1500.00000000,0.00000000,0.05539340,mGal,synthetic_demo
1239,400.00000000,1500.00000000,0.00000000,0.06204076,mGal,synthetic_demo
1240,450.00000000,1500.00000000,0.00000000,0.07827416,mGal,synthetic_demo
1241,500.00000000,1500.00000000,0.00000000,0.08316001,mGal,synthetic_demo
1242,550.00000000,1500.00000000,0.00000000,0.06872229,mGal,synthetic_demo
1243,600.00000000,1500.00000000,0.00000000,0.10453914,mGal,synthetic_demo
1244,650.00000000,1500.00000000,0.00000000,0.09181918,mGal,synthetic_demo
1245,700.00000000,1500.00000000,0.00000000,0.11720001,mGal,synthetic_demo
1246,750.00000000,1500.00000000,0.00000000,0.11688502,mGal,synthetic_demo
1247,800.00000000,1500.00000000,0.00000000,0.12090710,mGal,synthetic_demo
1248,850.00000000,1500.00000000,0.00000000,0.11461631,mGal,synthetic_demo
1249,900.00000000,1500.00000000,0.00000000,0.13694530,mGal,synthetic_demo
1250,950.00000000,1500.00000000,0.00000000,0.12686592,mGal,synthetic_demo
1251,1000.00000000,1500.00000000,0.00000000,0.15343771,mGal,synthetic_demo
1252,1050.00000000,1500.00000000,0.00000000,0.15762767,mGal,synthetic_demo
1253,1100.00000000,1500.00000000,0.00000000,0.13069184,mGal,synthetic_demo
1254,1150.00000000,1500.00000000,0.00000000,0.13571299,mGal,synthetic_demo
1255,1200.00000000,1500.00000000,0.00000000,0.11777467,mGal,synthetic_demo
1256,1250.00000000,1500.00000000,0.00000000,0.10992030,mGal,synthetic_demo
1257,1300.00000000,1500.00000000,0.00000000,0.11449623,mGal,synthetic_demo
1258,1350.00000000,1500.00000000,0.00000000,0.09674357,mGal,synthetic_demo
1259,1400.00000000,1500.00000000,0.00000000,0.10509976,mGal,synthetic_demo
1260,1450.00000000,1500.00000000,0.00000000,0.07391288,mGal,synthetic_demo
1261,1500.00000000,1500.00000000,0.00000000,0.08038356,mGal,synthetic_demo
1262,1550.00000000,1500.00000000,0.00000000,0.06372949,mGal,synthetic_demo
1263,1600.00000000,1500.00000000,0.00000000,0.06381663,mGal,synthetic_demo
1264,1650.00000000,1500.00000000,0.00000000,0.04521645,mGal,synthetic_demo
1265,1700.00000000,1500.00000000,0.00000000,0.04370869,mGal,synthetic_demo
1266,1750.00000000,1500.00000000,0.00000000,0.03819945,mGal,synthetic_demo
1267,1800.00000000,1500.00000000,0.00000000,0.02671818,mGal,synthetic_demo
1268,1850.00000000,1500.00000000,0.00000000,0.03793714,mGal,synthetic_demo
1269,1900.00000000,1500.00000000,0.00000000,0.03451089,mGal,synthetic_demo
1270,1950.00000000,1500.00000000,0.00000000,0.03103586,mGal,synthetic_demo
1271,2000.00000000,1500.00000000,0.00000000,0.03791202,mGal,synthetic_demo
1272,0.00000000,1550.00000000,0.00000000,0.03583295,mGal,synthetic_demo
1273,50.00000000,1550.00000000,0.00000000,0.01991679,mGal,synthetic_demo
1274,100.00000000,1550.00000000,0.00000000,0.03002360,mGal,synthetic_demo
1275,150.00000000,1550.00000000,0.00000000,0.02302239,mGal,synthetic_demo
1276,200.00000000,1550.00000000,0.00000000,0.03283675,mGal,synthetic_demo
1277,250.00000000,1550.00000000,0.00000000,0.03037242,mGal,synthetic_demo
1278,300.00000000,1550.00000000,0.00000000,0.05680113,mGal,synthetic_demo
1279,350.00000000,1550.00000000,0.00000000,0.04896985,mGal,synthetic_demo
1280,400.00000000,1550.00000000,0.00000000,0.04841665,mGal,synthetic_demo
1281,450.00000000,1550.00000000,0.00000000,0.06834357,mGal,synthetic_demo
1282,500.00000000,1550.00000000,0.00000000,0.04104920,mGal,synthetic_demo
1283,550.00000000,1550.00000000,0.00000000,0.04945679,mGal,synthetic_demo
1284,600.00000000,1550.00000000,0.00000000,0.08480400,mGal,synthetic_demo
1285,650.00000000,1550.00000000,0.00000000,0.08495647,mGal,synthetic_demo
1286,700.00000000,1550.00000000,0.00000000,0.09440746,mGal,synthetic_demo
1287,750.00000000,1550.00000000,0.00000000,0.08595374,mGal,synthetic_demo
1288,800.00000000,1550.00000000,0.00000000,0.10572328,mGal,synthetic_demo
1289,850.00000000,1550.00000000,0.00000000,0.13177685,mGal,synthetic_demo
1290,900.00000000,1550.00000000,0.00000000,0.12444715,mGal,synthetic_demo
1291,950.00000000,1550.00000000,0.00000000,0.12072494,mGal,synthetic_demo
1292,1000.00000000,1550.00000000,0.00000000,0.11560373,mGal,synthetic_demo
1293,1050.00000000,1550.00000000,0.00000000,0.11508214,mGal,synthetic_demo
1294,1100.00000000,1550.00000000,0.00000000,0.09491317,mGal,synthetic_demo
1295,1150.00000000,1550.00000000,0.00000000,0.11431816,mGal,synthetic_demo
1296,1200.00000000,1550.00000000,0.00000000,0.11441045,mGal,synthetic_demo
1297,1250.00000000,1550.00000000,0.00000000,0.08346150,mGal,synthetic_demo
1298,1300.00000000,1550.00000000,0.00000000,0.08528883,mGal,synthetic_demo
1299,1350.00000000,1550.00000000,0.00000000,0.07277714,mGal,synthetic_demo
1300,1400.00000000,1550.00000000,0.00000000,0.06719210,mGal,synthetic_demo
1301,1450.00000000,1550.00000000,0.00000000,0.07013264,mGal,synthetic_demo
1302,1500.00000000,1550.00000000,0.00000000,0.04191133,mGal,synthetic_demo
1303,1550.00000000,1550.00000000,0.00000000,0.06255009,mGal,synthetic_demo
1304,1600.00000000,1550.00000000,0.00000000,0.05813549,mGal,synthetic_demo
1305,1650.00000000,1550.00000000,0.00000000,0.04282184,mGal,synthetic_demo
1306,1700.00000000,1550.00000000,0.00000000,0.01579334,mGal,synthetic_demo
1307,1750.00000000,1550.00000000,0.00000000,0.02640573,mGal,synthetic_demo
1308,1800.00000000,1550.00000000,0.00000000,0.04493222,mGal,synthetic_demo
1309,1850.00000000,1550.00000000,0.00000000,0.00147846,mGal,synthetic_demo
1310,1900.00000000,1550.00000000,0.00000000,0.02281784,mGal,synthetic_demo
1311,1950.00000000,1550.00000000,0.00000000,0.01186622,mGal,synthetic_demo
1312,2000.00000000,1550.00000000,0.00000000,0.02938521,mGal,synthetic_demo
1313,0.00000000,1600.00000000,0.00000000,0.01338901,mGal,synthetic_demo
1314,50.00000000,1600.00000000,0.00000000,0.02628543,mGal,synthetic_demo
1315,100.00000000,1600.00000000,0.00000000,0.03026115,mGal,synthetic_demo
1316,150.00000000,1600.00000000,0.00000000,0.04561333,mGal,synthetic_demo
1317,200.00000000,1600.00000000,0.00000000,0.02817991,mGal,synthetic_demo
1318,250.00000000,1600.00000000,0.00000000,0.03727136,mGal,synthetic_demo
1319,300.00000000,1600.00000000,0.00000000,0.02233258,mGal,synthetic_demo
1320,350.00000000,1600.00000000,0.00000000,0.05315244,mGal,synthetic_demo
1321,400.00000000,1600.00000000,0.00000000,0.03811469,mGal,synthetic_demo
1322,450.00000000,1600.00000000,0.00000000,0.04498940,mGal,synthetic_demo
1323,500.00000000,1600.00000000,0.00000000,0.05563638,mGal,synthetic_demo
1324,550.00000000,1600.00000000,0.00000000,0.04582815,mGal,synthetic_demo
1325,600.00000000,1600.00000000,0.00000000,0.06959540,mGal,synthetic_demo
1326,650.00000000,1600.00000000,0.00000000,0.08296022,mGal,synthetic_demo
1327,700.00000000,1600.00000000,0.00000000,0.08214907,mGal,synthetic_demo
1328,750.00000000,1600.00000000,0.00000000,0.06900643,mGal,synthetic_demo
1329,800.00000000,1600.00000000,0.00000000,0.08882483,mGal,synthetic_demo
1330,850.00000000,1600.00000000,0.00000000,0.10187606,mGal,synthetic_demo
1331,900.00000000,1600.00000000,0.00000000,0.07903710,mGal,synthetic_demo
1332,950.00000000,1600.00000000,0.00000000,0.08918298,mGal,synthetic_demo
1333,1000.00000000,1600.00000000,0.00000000,0.10941759,mGal,synthetic_demo
1334,1050.00000000,1600.00000000,0.00000000,0.10263159,mGal,synthetic_demo
1335,1100.00000000,1600.00000000,0.00000000,0.10193671,mGal,synthetic_demo
1336,1150.00000000,1600.00000000,0.00000000,0.11305072,mGal,synthetic_demo
1337,1200.00000000,1600.00000000,0.00000000,0.09474846,mGal,synthetic_demo
1338,1250.00000000,1600.00000000,0.00000000,0.09147429,mGal,synthetic_demo
1339,1300.00000000,1600.00000000,0.00000000,0.10632718,mGal,synthetic_demo
1340,1350.00000000,1600.00000000,0.00000000,0.07114751,mGal,synthetic_demo
1341,1400.00000000,1600.00000000,0.00000000,0.05932887,mGal,synthetic_demo
1342,1450.00000000,1600.00000000,0.00000000,0.06573496,mGal,synthetic_demo
1343,1500.00000000,1600.00000000,0.00000000,0.06024876,mGal,synthetic_demo
1344,1550.00000000,1600.00000000,0.00000000,0.04532978,mGal,synthetic_demo
1345,1600.00000000,1600.00000000,0.00000000,0.03539581,mGal,synthetic_demo
1346,1650.00000000,1600.00000000,0.00000000,0.06434675,mGal,synthetic_demo
1347,1700.00000000,1600.00000000,0.00000000,0.04045157,mGal,synthetic_demo
1348,1750.00000000,1600.00000000,0.00000000,0.02618806,mGal,synthetic_demo
1349,1800.00000000,1600.00000000,0.00000000,0.03936863,mGal,synthetic_demo
1350,1850.00000000,1600.00000000,0.00000000,0.02615962,mGal,synthetic_demo
1351,1900.00000000,1600.00000000,0.00000000,0.02207773,mGal,synthetic_demo
1352,1950.00000000,1600.00000000,0.00000000,0.02786861,mGal,synthetic_demo
1353,2000.00000000,1600.00000000,0.00000000,0.00722133,mGal,synthetic_demo
1354,0.00000000,1650.00000000,0.00000000,0.02248515,mGal,synthetic_demo
1355,50.00000000,1650.00000000,0.00000000,0.03998590,mGal,synthetic_demo
1356,100.00000000,1650.00000000,0.00000000,0.02763042,mGal,synthetic_demo
1357,150.00000000,1650.00000000,0.00000000,0.02155488,mGal,synthetic_demo
1358,200.00000000,1650.00000000,0.00000000,0.02285148,mGal,synthetic_demo
1359,250.00000000,1650.00000000,0.00000000,0.02670151,mGal,synthetic_demo
1360,300.00000000,1650.00000000,0.00000000,0.03144106,mGal,synthetic_demo
1361,350.00000000,1650.00000000,0.00000000,0.03368290,mGal,synthetic_demo
1362,400.00000000,1650.00000000,0.00000000,0.05041142,mGal,synthetic_demo
1363,450.00000000,1650.00000000,0.00000000,0.02800078,mGal,synthetic_demo
1364,500.00000000,1650.00000000,0.00000000,0.05830803,mGal,synthetic_demo
1365,550.00000000,1650.00000000,0.00000000,0.05046861,mGal,synthetic_demo
1366,600.00000000,1650.00000000,0.00000000,0.06276016,mGal,synthetic_demo
1367,650.00000000,1650.00000000,0.00000000,0.05248955,mGal,synthetic_demo
1368,700.00000000,1650.00000000,0.00000000,0.08172311,mGal,synthetic_demo
1369,750.00000000,1650.00000000,0.00000000,0.08531624,mGal,synthetic_demo
1370,800.00000000,1650.00000000,0.00000000,0.08644152,mGal,synthetic_demo
1371,850.00000000,1650.00000000,0.00000000,0.06505627,mGal,synthetic_demo
1372,900.00000000,1650.00000000,0.00000000,0.09104646,mGal,synthetic_demo
1373,950.00000000,1650.00000000,0.00000000,0.08840034,mGal,synthetic_demo
1374,1000.00000000,1650.00000000,0.00000000,0.06884270,mGal,synthetic_demo
1375,1050.00000000,1650.00000000,0.00000000,0.08410882,mGal,synthetic_demo
1376,1100.00000000,1650.00000000,0.00000000,0.08640060,mGal,synthetic_demo
1377,1150.00000000,1650.00000000,0.00000000,0.08576457,mGal,synthetic_demo
1378,1200.00000000,1650.00000000,0.00000000,0.07861822,mGal,synthetic_demo
1379,1250.00000000,1650.00000000,0.00000000,0.07577221,mGal,synthetic_demo
1380,1300.00000000,1650.00000000,0.00000000,0.08317291,mGal,synthetic_demo
1381,1350.00000000,1650.00000000,0.00000000,0.07601977,mGal,synthetic_demo
1382,1400.00000000,1650.00000000,0.00000000,0.03032013,mGal,synthetic_demo
1383,1450.00000000,1650.00000000,0.00000000,0.05109109,mGal,synthetic_demo
1384,1500.00000000,1650.00000000,0.00000000,0.04804152,mGal,synthetic_demo
1385,1550.00000000,1650.00000000,0.00000000,0.02781188,mGal,synthetic_demo
1386,1600.00000000,1650.00000000,0.00000000,0.04219013,mGal,synthetic_demo
1387,1650.00000000,1650.00000000,0.00000000,0.04994855,mGal,synthetic_demo
1388,1700.00000000,1650.00000000,0.00000000,0.02311501,mGal,synthetic_demo
1389,1750.00000000,1650.00000000,0.00000000,0.03416891,mGal,synthetic_demo
1390,1800.00000000,1650.00000000,0.00000000,0.01876430,mGal,synthetic_demo
1391,1850.00000000,1650.00000000,0.00000000,0.01859789,mGal,synthetic_demo
1392,1900.00000000,1650.00000000,0.00000000,0.03774258,mGal,synthetic_demo
1393,1950.00000000,1650.00000000,0.00000000,0.01543078,mGal,synthetic_demo
1394,2000.00000000,1650.00000000,0.00000000,0.02358100,mGal,synthetic_demo
1395,0.00000000,1700.00000000,0.00000000,-0.00090471,mGal,synthetic_demo
1396,50.00000000,1700.00000000,0.00000000,0.03813423,mGal,synthetic_demo
1397,100.00000000,1700.00000000,0.00000000,0.02742086,mGal,synthetic_demo
1398,150.00000000,1700.00000000,0.00000000,0.02164751,mGal,synthetic_demo
1399,200.00000000,1700.00000000,0.00000000,0.03151533,mGal,synthetic_demo
1400,250.00000000,1700.00000000,0.00000000,0.01417048,mGal,synthetic_demo
1401,300.00000000,1700.00000000,0.00000000,0.04283310,mGal,synthetic_demo
1402,350.00000000,1700.00000000,0.00000000,0.03074084,mGal,synthetic_demo
1403,400.00000000,1700.00000000,0.00000000,0.03514244,mGal,synthetic_demo
1404,450.00000000,1700.00000000,0.00000000,0.03568387,mGal,synthetic_demo
1405,500.00000000,1700.00000000,0.00000000,0.03839777,mGal,synthetic_demo
1406,550.00000000,1700.00000000,0.00000000,0.05489648,mGal,synthetic_demo
1407,600.00000000,1700.00000000,0.00000000,0.05433174,mGal,synthetic_demo
1408,650.00000000,1700.00000000,0.00000000,0.06210539,mGal,synthetic_demo
1409,700.00000000,1700.00000000,0.00000000,0.05920193,mGal,synthetic_demo
1410,750.00000000,1700.00000000,0.00000000,0.06788735,mGal,synthetic_demo
1411,800.00000000,1700.00000000,0.00000000,0.06166131,mGal,synthetic_demo
1412,850.00000000,1700.00000000,0.00000000,0.09073411,mGal,synthetic_demo
1413,900.00000000,1700.00000000,0.00000000,0.05471090,mGal,synthetic_demo
1414,950.00000000,1700.00000000,0.00000000,0.08421668,mGal,synthetic_demo
1415,1000.00000000,1700.00000000,0.00000000,0.08569990,mGal,synthetic_demo
1416,1050.00000000,1700.00000000,0.00000000,0.06308572,mGal,synthetic_demo
1417,1100.00000000,1700.00000000,0.00000000,0.09268294,mGal,synthetic_demo
1418,1150.00000000,1700.00000000,0.00000000,0.07839170,mGal,synthetic_demo
1419,1200.00000000,1700.00000000,0.00000000,0.07556119,mGal,synthetic_demo
1420,1250.00000000,1700.00000000,0.00000000,0.06303558,mGal,synthetic_demo
1421,1300.00000000,1700.00000000,0.00000000,0.05711761,mGal,synthetic_demo
1422,1350.00000000,1700.00000000,0.00000000,0.05349382,mGal,synthetic_demo
1423,1400.00000000,1700.00000000,0.00000000,0.05567798,mGal,synthetic_demo
1424,1450.00000000,1700.00000000,0.00000000,0.06196163,mGal,synthetic_demo
1425,1500.00000000,1700.00000000,0.00000000,0.04601742,mGal,synthetic_demo
1426,1550.00000000,1700.00000000,0.00000000,0.03148599,mGal,synthetic_demo
1427,1600.00000000,1700.00000000,0.00000000,0.04542741,mGal,synthetic_demo
1428,1650.00000000,1700.00000000,0.00000000,0.04319219,mGal,synthetic_demo
1429,1700.00000000,1700.00000000,0.00000000,0.03755439,mGal,synthetic_demo
1430,1750.00000000,1700.00000000,0.00000000,0.03572367,mGal,synthetic_demo
1431,1800.00000000,1700.00000000,0.00000000,0.02305058,mGal,synthetic_demo
1432,1850.00000000,1700.00000000,0.00000000,0.01418262,mGal,synthetic_demo
1433,1900.00000000,1700.00000000,0.00000000,0.01271240,mGal,synthetic_demo
1434,1950.00000000,1700.00000000,0.00000000,0.00315642,mGal,synthetic_demo
1435,2000.00000000,1700.00000000,0.00000000,0.02017695,mGal,synthetic_demo
1436,0.00000000,1750.00000000,0.00000000,0.01586062,mGal,synthetic_demo
1437,50.00000000,1750.00000000,0.00000000,0.01382011,mGal,synthetic_demo
1438,100.00000000,1750.00000000,0.00000000,-0.00966195,mGal,synthetic_demo
1439,150.00000000,1750.00000000,0.00000000,0.00925515,mGal,synthetic_demo
1440,200.00000000,1750.00000000,0.00000000,0.03493981,mGal,synthetic_demo
1441,250.00000000,1750.00000000,0.00000000,0.01926410,mGal,synthetic_demo
1442,300.00000000,1750.00000000,0.00000000,0.03187459,mGal,synthetic_demo
1443,350.00000000,1750.00000000,0.00000000,0.01689805,mGal,synthetic_demo
1444,400.00000000,1750.00000000,0.00000000,0.04789797,mGal,synthetic_demo
1445,450.00000000,1750.00000000,0.00000000,0.03492964,mGal,synthetic_demo
1446,500.00000000,1750.00000000,0.00000000,0.04225484,mGal,synthetic_demo
1447,550.00000000,1750.00000000,0.00000000,0.06568218,mGal,synthetic_demo
1448,600.00000000,1750.00000000,0.00000000,0.06069004,mGal,synthetic_demo
1449,650.00000000,1750.00000000,0.00000000,0.04552391,mGal,synthetic_demo
1450,700.00000000,1750.00000000,0.00000000,0.04560170,mGal,synthetic_demo
1451,750.00000000,1750.00000000,0.00000000,0.05101003,mGal,synthetic_demo
1452,800.00000000,1750.00000000,0.00000000,0.06178401,mGal,synthetic_demo
1453,850.00000000,1750.00000000,0.00000000,0.05764176,mGal,synthetic_demo
1454,900.00000000,1750.00000000,0.00000000,0.05625035,mGal,synthetic_demo
1455,950.00000000,1750.00000000,0.00000000,0.07581120,mGal,synthetic_demo
1456,1000.00000000,1750.00000000,0.00000000,0.06031490,mGal,synthetic_demo
1457,1050.00000000,1750.00000000,0.00000000,0.08413528,mGal,synthetic_demo
1458,1100.00000000,1750.00000000,0.00000000,0.06111022,mGal,synthetic_demo
1459,1150.00000000,1750.00000000,0.00000000,0.07654718,mGal,synthetic_demo
1460,1200.00000000,1750.00000000,0.00000000,0.06025822,mGal,synthetic_demo
1461,1250.00000000,1750.00000000,0.00000000,0.06389508,mGal,synthetic_demo
1462,1300.00000000,1750.00000000,0.00000000,0.04428779,mGal,synthetic_demo
1463,1350.00000000,1750.00000000,0.00000000,0.04005198,mGal,synthetic_demo
1464,1400.00000000,1750.00000000,0.00000000,0.05012270,mGal,synthetic_demo
1465,1450.00000000,1750.00000000,0.00000000,0.05230991,mGal,synthetic_demo
1466,1500.00000000,1750.00000000,0.00000000,0.03975700,mGal,synthetic_demo
1467,1550.00000000,1750.00000000,0.00000000,0.02350598,mGal,synthetic_demo
1468,1600.00000000,1750.00000000,0.00000000,0.01990833,mGal,synthetic_demo
1469,1650.00000000,1750.00000000,0.00000000,0.01653354,mGal,synthetic_demo
1470,1700.00000000,1750.00000000,0.00000000,0.01059246,mGal,synthetic_demo
1471,1750.00000000,1750.00000000,0.00000000,0.02700521,mGal,synthetic_demo
1472,1800.00000000,1750.00000000,0.00000000,0.03498184,mGal,synthetic_demo
1473,1850.00000000,1750.00000000,0.00000000,0.02159417,mGal,synthetic_demo
1474,1900.00000000,1750.00000000,0.00000000,-0.00270991,mGal,synthetic_demo
1475,1950.00000000,1750.00000000,0.00000000,0.01631238,mGal,synthetic_demo
1476,2000.00000000,1750.00000000,0.00000000,0.01506712,mGal,synthetic_demo
1477,0.00000000,1800.00000000,0.00000000,0.03658856,mGal,synthetic_demo
1478,50.00000000,1800.00000000,0.00000000,0.00241878,mGal,synthetic_demo
1479,100.00000000,1800.00000000,0.00000000,0.01456843,mGal,synthetic_demo
1480,150.00000000,1800.00000000,0.00000000,0.03714909,mGal,synthetic_demo
1481,200.00000000,1800.00000000,0.00000000,0.02634138,mGal,synthetic_demo
1482,250.00000000,1800.00000000,0.00000000,0.02936453,mGal,synthetic_demo
1483,300.00000000,1800.00000000,0.00000000,0.02690571,mGal,synthetic_demo
1484,350.00000000,1800.00000000,0.00000000,0.03122197,mGal,synthetic_demo
1485,400.00000000,1800.00000000,0.00000000,0.03798543,mGal,synthetic_demo
1486,450.00000000,1800.00000000,0.00000000,0.02450834,mGal,synthetic_demo
1487,500.00000000,1800.00000000,0.00000000,0.04385934,mGal,synthetic_demo
1488,550.00000000,1800.00000000,0.00000000,0.02387115,mGal,synthetic_demo
1489,600.00000000,1800.00000000,0.00000000,0.04340925,mGal,synthetic_demo
1490,650.00000000,1800.00000000,0.00000000,0.04438436,mGal,synthetic_demo
1491,700.00000000,1800.00000000,0.00000000,0.03878846,mGal,synthetic_demo
1492,750.00000000,1800.00000000,0.00000000,0.04689143,mGal,synthetic_demo
1493,800.00000000,1800.00000000,0.00000000,0.04279865,mGal,synthetic_demo
1494,850.00000000,1800.00000000,0.00000000,0.03987993,mGal,synthetic_demo
1495,900.00000000,1800.00000000,0.00000000,0.04823652,mGal,synthetic_demo
1496,950.00000000,1800.00000000,0.00000000,0.04146026,mGal,synthetic_demo
1497,1000.00000000,1800.00000000,0.00000000,0.05597441,mGal,synthetic_demo
1498,1050.00000000,1800.00000000,0.00000000,0.04099929,mGal,synthetic_demo
1499,1100.00000000,1800.00000000,0.00000000,0.05889244,mGal,synthetic_demo
1500,1150.00000000,1800.00000000,0.00000000,0.03878215,mGal,synthetic_demo
1501,1200.00000000,1800.00000000,0.00000000,0.04336110,mGal,synthetic_demo
1502,1250.00000000,1800.00000000,0.00000000,0.04087225,mGal,synthetic_demo
1503,1300.00000000,1800.00000000,0.00000000,0.05820285,mGal,synthetic_demo
1504,1350.00000000,1800.00000000,0.00000000,0.04589985,mGal,synthetic_demo
1505,1400.00000000,1800.00000000,0.00000000,0.03800824,mGal,synthetic_demo
1506,1450.00000000,1800.00000000,0.00000000,0.04258838,mGal,synthetic_demo
1507,1500.00000000,1800.00000000,0.00000000,0.01400683,mGal,synthetic_demo
1508,1550.00000000,1800.00000000,0.00000000,0.03217186,mGal,synthetic_demo
1509,1600.00000000,1800.00000000,0.00000000,0.05018447,mGal,synthetic_demo
1510,1650.00000000,1800.00000000,0.00000000,0.02924600,mGal,synthetic_demo
1511,1700.00000000,1800.00000000,0.00000000,0.02643899,mGal,synthetic_demo
1512,1750.00000000,1800.00000000,0.00000000,0.02921268,mGal,synthetic_demo
1513,1800.00000000,1800.00000000,0.00000000,0.03079765,mGal,synthetic_demo
1514,1850.00000000,1800.00000000,0.00000000,0.00011590,mGal,synthetic_demo
1515,1900.00000000,1800.00000000,0.00000000,0.00165194,mGal,synthetic_demo
1516,1950.00000000,1800.00000000,0.00000000,0.01909307,mGal,synthetic_demo
1517,2000.00000000,1800.00000000,0.00000000,0.00847981,mGal,synthetic_demo
1518,0.00000000,1850.00000000,0.00000000,0.02773279,mGal,synthetic_demo
1519,50.00000000,1850.00000000,0.00000000,0.01267424,mGal,synthetic_demo
1520,100.00000000,1850.00000000,0.00000000,-0.00220435,mGal,synthetic_demo
1521,150.00000000,1850.00000000,0.00000000,0.00588147,mGal,synthetic_demo
1522,200.00000000,1850.00000000,0.00000000,-0.00740620,mGal,synthetic_demo
1523,250.00000000,1850.00000000,0.00000000,0.01938707,mGal,synthetic_demo
1524,300.00000000,1850.00000000,0.00000000,0.02158867,mGal,synthetic_demo
1525,350.00000000,1850.00000000,0.00000000,0.02107238,mGal,synthetic_demo
1526,400.00000000,1850.00000000,0.00000000,0.03803986,mGal,synthetic_demo
1527,450.00000000,1850.00000000,0.00000000,0.04124360,mGal,synthetic_demo
1528,500.00000000,1850.00000000,0.00000000,0.02961244,mGal,synthetic_demo
1529,550.00000000,1850.00000000,0.00000000,0.01204822,mGal,synthetic_demo
1530,600.00000000,1850.00000000,0.00000000,0.04163080,mGal,synthetic_demo
1531,650.00000000,1850.00000000,0.00000000,0.04301457,mGal,synthetic_demo
1532,700.00000000,1850.00000000,0.00000000,0.04244835,mGal,synthetic_demo
1533,750.00000000,1850.00000000,0.00000000,0.05089952,mGal,synthetic_demo
1534,800.00000000,1850.00000000,0.00000000,0.03094867,mGal,synthetic_demo
1535,850.00000000,1850.00000000,0.00000000,0.06392601,mGal,synthetic_demo
1536,900.00000000,1850.00000000,0.00000000,0.03516837,mGal,synthetic_demo
1537,950.00000000,1850.00000000,0.00000000,0.05282510,mGal,synthetic_demo
1538,1000.00000000,1850.00000000,0.00000000,0.02865216,mGal,synthetic_demo
1539,1050.00000000,1850.00000000,0.00000000,0.03603022,mGal,synthetic_demo
1540,1100.00000000,1850.00000000,0.00000000,0.05992633,mGal,synthetic_demo
1541,1150.00000000,1850.00000000,0.00000000,0.04122946,mGal,synthetic_demo
1542,1200.00000000,1850.00000000,0.00000000,0.05099618,mGal,synthetic_demo
1543,1250.00000000,1850.00000000,0.00000000,0.04345428,mGal,synthetic_demo
1544,1300.00000000,1850.00000000,0.00000000,0.03830485,mGal,synthetic_demo
1545,1350.00000000,1850.00000000,0.00000000,0.05109947,mGal,synthetic_demo
1546,1400.00000000,1850.00000000,0.00000000,0.03309139,mGal,synthetic_demo
1547,1450.00000000,1850.00000000,0.00000000,0.01558778,mGal,synthetic_demo
1548,1500.00000000,1850.00000000,0.00000000,0.02328392,mGal,synthetic_demo
1549,1550.00000000,1850.00000000,0.00000000,0.03477032,mGal,synthetic_demo
1550,1600.00000000,1850.00000000,0.00000000,0.03120616,mGal,synthetic_demo
1551,1650.00000000,1850.00000000,0.00000000,0.00964642,mGal,synthetic_demo
1552,1700.00000000,1850.00000000,0.00000000,0.01622909,mGal,synthetic_demo
1553,1750.00000000,1850.00000000,0.00000000,0.01591112,mGal,synthetic_demo
1554,1800.00000000,1850.00000000,0.00000000,0.01643587,mGal,synthetic_demo
1555,1850.00000000,1850.00000000,0.00000000,0.00480247,mGal,synthetic_demo
1556,1900.00000000,1850.00000000,0.00000000,0.01085725,mGal,synthetic_demo
1557,1950.00000000,1850.00000000,0.00000000,0.00853988,mGal,synthetic_demo
1558,2000.00000000,1850.00000000,0.00000000,0.02232787,mGal,synthetic_demo
1559,0.00000000,1900.00000000,0.00000000,0.02174109,mGal,synthetic_demo
1560,50.00000000,1900.00000000,0.00000000,0.01327164,mGal,synthetic_demo
1561,100.00000000,1900.00000000,0.00000000,0.01197232,mGal,synthetic_demo
1562,150.00000000,1900.00000000,0.00000000,0.01854020,mGal,synthetic_demo
1563,200.00000000,1900.00000000,0.00000000,0.01030945,mGal,synthetic_demo
1564,250.00000000,1900.00000000,0.00000000,0.00842592,mGal,synthetic_demo
1565,300.00000000,1900.00000000,0.00000000,0.01199212,mGal,synthetic_demo
1566,350.00000000,1900.00000000,0.00000000,0.01662051,mGal,synthetic_demo
1567,400.00000000,1900.00000000,0.00000000,0.01297181,mGal,synthetic_demo
1568,450.00000000,1900.00000000,0.00000000,0.02791367,mGal,synthetic_demo
1569,500.00000000,1900.00000000,0.00000000,0.03530556,mGal,synthetic_demo
1570,550.00000000,1900.00000000,0.00000000,0.01385655,mGal,synthetic_demo
1571,600.00000000,1900.00000000,0.00000000,0.03167159,mGal,synthetic_demo
1572,650.00000000,1900.00000000,0.00000000,0.03085250,mGal,synthetic_demo
1573,700.00000000,1900.00000000,0.00000000,0.03799862,mGal,synthetic_demo
1574,750.00000000,1900.00000000,0.00000000,0.03584497,mGal,synthetic_demo
1575,800.00000000,1900.00000000,0.00000000,0.02264715,mGal,synthetic_demo
1576,850.00000000,1900.00000000,0.00000000,0.02554700,mGal,synthetic_demo
1577,900.00000000,1900.00000000,0.00000000,0.03919776,mGal,synthetic_demo
1578,950.00000000,1900.00000000,0.00000000,0.04964224,mGal,synthetic_demo
1579,1000.00000000,1900.00000000,0.00000000,0.01736480,mGal,synthetic_demo
1580,1050.00000000,1900.00000000,0.00000000,0.04281170,mGal,synthetic_demo
1581,1100.00000000,1900.00000000,0.00000000,0.05079975,mGal,synthetic_demo
1582,1150.00000000,1900.00000000,0.00000000,0.03664063,mGal,synthetic_demo
1583,1200.00000000,1900.00000000,0.00000000,0.04268516,mGal,synthetic_demo
1584,1250.00000000,1900.00000000,0.00000000,0.02894366,mGal,synthetic_demo
1585,1300.00000000,1900.00000000,0.00000000,0.03338987,mGal,synthetic_demo
1586,1350.00000000,1900.00000000,0.00000000,0.01684273,mGal,synthetic_demo
1587,1400.00000000,1900.00000000,0.00000000,0.00797687,mGal,synthetic_demo
1588,1450.00000000,1900.00000000,0.00000000,0.03915519,mGal,synthetic_demo
1589,1500.00000000,1900.00000000,0.00000000,0.01815845,mGal,synthetic_demo
1590,1550.00000000,1900.00000000,0.00000000,0.02173780,mGal,synthetic_demo
1591,1600.00000000,1900.00000000,0.00000000,0.01074212,mGal,synthetic_demo
1592,1650.00000000,1900.00000000,0.00000000,0.00886894,mGal,synthetic_demo
1593,1700.00000000,1900.00000000,0.00000000,0.01965596,mGal,synthetic_demo
1594,1750.00000000,1900.00000000,0.00000000,0.01259847,mGal,synthetic_demo
1595,1800.00000000,1900.00000000,0.00000000,0.02225492,mGal,synthetic_demo
1596,1850.00000000,1900.00000000,0.00000000,0.02166634,mGal,synthetic_demo
1597,1900.00000000,1900.00000000,0.00000000,0.01910121,mGal,synthetic_demo
1598,1950.00000000,1900.00000000,0.00000000,0.01711576,mGal,synthetic_demo
1599,2000.00000000,1900.00000000,0.00000000,0.02942756,mGal,synthetic_demo
1600,0.00000000,1950.00000000,0.00000000,0.00206605,mGal,synthetic_demo
1601,50.00000000,1950.00000000,0.00000000,0.01315266,mGal,synthetic_demo
1602,100.00000000,1950.00000000,0.00000000,0.02605665,mGal,synthetic_demo
1603,150.00000000,1950.00000000,0.00000000,0.02847138,mGal,synthetic_demo
1604,200.00000000,1950.00000000,0.00000000,0.00277252,mGal,synthetic_demo
1605,250.00000000,1950.00000000,0.00000000,0.01509643,mGal,synthetic_demo
1606,300.00000000,1950.00000000,0.00000000,0.03309226,mGal,synthetic_demo
1607,350.00000000,1950.00000000,0.00000000,0.02593715,mGal,synthetic_demo
1608,400.00000000,1950.00000000,0.00000000,0.02419852,mGal,synthetic_demo
1609,450.00000000,1950.00000000,0.00000000,0.02148939,mGal,synthetic_demo
1610,500.00000000,1950.00000000,0.00000000,0.02126230,mGal,synthetic_demo
1611,550.00000000,1950.00000000,0.00000000,0.02940945,mGal,synthetic_demo
1612,600.00000000,1950.00000000,0.00000000,0.02539879,mGal,synthetic_demo
1613,650.00000000,1950.00000000,0.00000000,0.02883261,mGal,synthetic_demo
1614,700.00000000,1950.00000000,0.00000000,0.03129068,mGal,synthetic_demo
1615,750.00000000,1950.00000000,0.00000000,0.02484929,mGal,synthetic_demo
1616,800.00000000,1950.00000000,0.00000000,0.03792449,mGal,synthetic_demo
1617,850.00000000,1950.00000000,0.00000000,0.06253760,mGal,synthetic_demo
1618,900.00000000,1950.00000000,0.00000000,0.01621082,mGal,synthetic_demo
1619,950.00000000,1950.00000000,0.00000000,0.03758039,mGal,synthetic_demo
1620,1000.00000000,1950.00000000,0.00000000,0.02685964,mGal,synthetic_demo
1621,1050.00000000,1950.00000000,0.00000000,0.04011429,mGal,synthetic_demo
1622,1100.00000000,1950.00000000,0.00000000,0.03444626,mGal,synthetic_demo
1623,1150.00000000,1950.00000000,0.00000000,0.04101371,mGal,synthetic_demo
1624,1200.00000000,1950.00000000,0.00000000,0.04435826,mGal,synthetic_demo
1625,1250.00000000,1950.00000000,0.00000000,0.03355422,mGal,synthetic_demo
1626,1300.00000000,1950.00000000,0.00000000,0.04182522,mGal,synthetic_demo
1627,1350.00000000,1950.00000000,0.00000000,0.00581542,mGal,synthetic_demo
1628,1400.00000000,1950.00000000,0.00000000,0.04382706,mGal,synthetic_demo
1629,1450.00000000,1950.00000000,0.00000000,0.03027788,mGal,synthetic_demo
1630,1500.00000000,1950.00000000,0.00000000,0.03587875,mGal,synthetic_demo
1631,1550.00000000,1950.00000000,0.00000000,0.01146747,mGal,synthetic_demo
1632,1600.00000000,1950.00000000,0.00000000,0.01393819,mGal,synthetic_demo
1633,1650.00000000,1950.00000000,0.00000000,0.02231574,mGal,synthetic_demo
1634,1700.00000000,1950.00000000,0.00000000,0.01934067,mGal,synthetic_demo
1635,1750.00000000,1950.00000000,0.00000000,0.02105067,mGal,synthetic_demo
1636,1800.00000000,1950.00000000,0.00000000,0.02783531,mGal,synthetic_demo
1637,1850.00000000,1950.00000000,0.00000000,-0.00182622,mGal,synthetic_demo
1638,1900.00000000,1950.00000000,0.00000000,0.02446794,mGal,synthetic_demo
1639,1950.00000000,1950.00000000,0.00000000,0.01378483,mGal,synthetic_demo
1640,2000.00000000,1950.00000000,0.00000000,0.01070417,mGal,synthetic_demo
1641,0.00000000,2000.00000000,0.00000000,-0.00282209,mGal,synthetic_demo
1642,50.00000000,2000.00000000,0.00000000,0.01777247,mGal,synthetic_demo
1643,100.00000000,2000.00000000,0.00000000,-0.01049120,mGal,synthetic_demo
1644,150.00000000,2000.00000000,0.00000000,0.02109648,mGal,synthetic_demo
1645,200.00000000,2000.00000000,0.00000000,0.00070752,mGal,synthetic_demo
1646,250.00000000,2000.00000000,0.00000000,0.01722969,mGal,synthetic_demo
1647,300.00000000,2000.00000000,0.00000000,0.01661578,mGal,synthetic_demo
1648,350.00000000,2000.00000000,0.00000000,0.03065425,mGal,synthetic_demo
1649,400.00000000,2000.00000000,0.00000000,0.01835360,mGal,synthetic_demo
1650,450.00000000,2000.00000000,0.00000000,0.01439812,mGal,synthetic_demo
1651,500.00000000,2000.00000000,0.00000000,0.01747634,mGal,synthetic_demo
1652,550.00000000,2000.00000000,0.00000000,0.03646023,mGal,synthetic_demo
1653,600.00000000,2000.00000000,0.00000000,0.03024966,mGal,synthetic_demo
1654,650.00000000,2000.00000000,0.00000000,0.02212986,mGal,synthetic_demo
1655,700.00000000,2000.00000000,0.00000000,0.02464171,mGal,synthetic_demo
1656,750.00000000,2000.00000000,0.00000000,0.01225076,mGal,synthetic_demo
1657,800.00000000,2000.00000000,0.00000000,0.03259627,mGal,synthetic_demo
1658,850.00000000,2000.00000000,0.00000000,0.01175308,mGal,synthetic_demo
1659,900.00000000,2000.00000000,0.00000000,0.03734083,mGal,synthetic_demo
1660,950.00000000,2000.00000000,0.00000000,0.03139815,mGal,synthetic_demo
1661,1000.00000000,2000.00000000,0.00000000,0.05407885,mGal,synthetic_demo
1662,1050.00000000,2000.00000000,0.00000000,0.01911058,mGal,synthetic_demo
1663,1100.00000000,2000.00000000,0.00000000,0.02879624,mGal,synthetic_demo
1664,1150.00000000,2000.00000000,0.00000000,0.04733411,mGal,synthetic_demo
1665,1200.00000000,2000.00000000,0.00000000,0.04062542,mGal,synthetic_demo
1666,1250.00000000,2000.00000000,0.00000000,0.02096041,mGal,synthetic_demo
1667,1300.00000000,2000.00000000,0.00000000,0.02924585,mGal,synthetic_demo
1668,1350.00000000,2000.00000000,0.00000000,0.02600615,mGal,synthetic_demo
1669,1400.00000000,2000.00000000,0.00000000,0.02770625,mGal,synthetic_demo
1670,1450.00000000,2000.00000000,0.00000000,0.01674459,mGal,synthetic_demo
1671,1500.00000000,2000.00000000,0.00000000,0.02164916,mGal,synthetic_demo
1672,1550.00000000,2000.00000000,0.00000000,0.00535898,mGal,synthetic_demo
1673,1600.00000000,2000.00000000,0.00000000,0.02149139,mGal,synthetic_demo
1674,1650.00000000,2000.00000000,0.00000000,0.02345908,mGal,synthetic_demo
1675,1700.00000000,2000.00000000,0.00000000,0.01553327,mGal,synthetic_demo
1676,1750.00000000,2000.00000000,0.00000000,0.00054460,mGal,synthetic_demo
1677,1800.00000000,2000.00000000,0.00000000,0.02551389,mGal,synthetic_demo
1678,1850.00000000,2000.00000000,0.00000000,0.01825779,mGal,synthetic_demo
1679,1900.00000000,2000.00000000,0.00000000,0.00638973,mGal,synthetic_demo
1680,1950.00000000,2000.00000000,0.00000000,0.00993598,mGal,synthetic_demo
1681,2000.00000000,2000.00000000,0.00000000,-0.00311764,mGal,synthetic_demo
